{"essay_id": "P3HJCTKL847Q", "essay_category": "Argumentative Essay", "essay_title": "1.Definition Of Teamworking.. Teamworking Is The Process", "word_count": 2003, "submitted": "Mar 21st, 2017", "page_count": "9 Pages", "essay_url": "https://www.bartleby.com/essay/1-Definition-Of-Teamworking-Teamworking-Is-The-P3HJCTKL847Q", "document": {"meta": {"statusCode": 200, "limit": 25, "page": 1}, "data": {"id": 6098597, "document_id": "P3HJCTKL847Q", "title": "1.Definition Of Teamworking.. Teamworking Is The Process", "document_text": {"body": "1.\tDefinition of teamworking.\nTeamworking is the process of working together with a group of people in order to achieve a goal.\nThe advantages of teamworking.\n\u2022\tTeam members can learn from each other.\n\u2022\tCommunication and information sharing can improve.\n\u2022\tIdeas can be shared and the overall team experience is improved.\n\u2022\tIndividuals can be given a chance to perform a number of different tasks.\n\u2022\tNew approaches to tasks can be discovered.\n\u2022\tTeams help to develop a supportive working environment.\nThe disadvantages of teamworking.\n\u2022\tSome individuals may not have any experience of working in a team.\n\u2022\tSome individuals may not be compatible with team work.\n\u2022\tConflict may arise between team members or other teams.\n\u2022\tEvaluation and rewards may be seen as less powerful.\n\u2022\tPeer pressure can result in a team member going against their better judgement.\n\u2022\tSome team members may experience less motivating jobs as part of a team.\n\n2.\tFunctions of teamworking.\n\u2022\tTeams are formed when individuals with a common taste, liking, preference and attitude come together and work towards a common goal.\n\u2022\tTeams play a very important role in organisations \u2013 organisations have a variety of teams e.g. sales teams, operation teams, human resources teams.\n\u2022\tTeams also play an important role in all our parts of life \u2013 sports teams, fundraising teams, etc.\nDifferent types of teams\nProject /problem solving teams:\nProject / problem solving teams involve a group of people working together to complete a particular project / solve a particular issue \u2013 e.g. ways of improving quality, to launch a new product.\nSelf Managed Teams:\nSelf managed teams consist of individuals who work together to get a job done and have the authority to carry out decisions.\nCross-Functional Teams:\nCross-functional teams are made up of employees at the same hierarchical level but from different departments or work areas who come together to complete a task.\n\nVirtual Teams\nVirtual teams consist of individuals who are separated by distances and connected through computer technology to allow people to communicate online to achieve a common goal and are helpful when employees need to connect with each other and are located in different places.\n\nPermanent Teams\nPermanent teams perform on a permanent basis and do not end when the task is completed e.g. the human resources teams, the operations team, the administration team.\nThey are essential to any organisation.\n\n3.\tTheory of Teamworking\nTuckman\u2019s Stages of Group Development:\n\u2022\tThis was first developed in 1965. Tuckman\u2019s model is widely known as a basis for effective team building.\n\u2022\tTuckman\u2019s model is important because it recognises the fact that successful teams do not start off fully-formed.\n\u2022\tTuckman\u2019s theory recognises that teams grow through clearly defined stages, from their creation as groups of individuals, to unified, task-focused teams.\n\n\u2022\tThere are five stages of group development known as:\n\n\u2022\tForming\n\u2022\tStorming\n\u2022\tNorming\n\u2022\tPerforming\n\u2022\tAdjourning\n\n\nForming:\n\u2022\tThe \u201cforming\u201d stage takes place when the team members first meet each other.\n\u2022\tIn this first meeting, team members are introduced to each other. They learn about the project, talk about projects objectives and start to think about their role on the team.\n\u2022\tThey are effectively, \u201cfeeling each other out\u201d and finding their way as to how they might work together.\n\u2022\tThe team needs the team leader to guide them.\n      Storming:\n\u2022\tAs the team begins to work together, they move into the \u201cstorming\u201d stage.\n\u2022\tThis stage is not avoidable; every team, especially a new team who has never worked together before goes through this phase as a team.\n\u2022\tEffective Team leadership will allow the team to solve problems together, function both independently and together as a team.\nNorming:\n\u2022\tWhen the team moves into the \u201cnorming\u201d stage, they are beginning to work more effectively as a team.\n\u2022\tTeam focused on developing a way of working together (processes and procedures).\n\u2022\tAt this stage, the team has decided on their team rules for working together, how they will share information and resolve team conflict.\n\u2022\tTeam leader may not take part in decision making and problem solving as much.\n      Performing:\n\u2022\tIn the \u201cperforming\u201d stage, teams are functioning at a very high level.\n\u2022\tThe team is highly motivated to get the job done and is result oriented.\n\u2022\tThe team leader is not involved in the day-to-day work of the team but will continue to monitor the progress of the team.\n\u2022\tThe team leader will also serve as the gateway when decisions need to be reached at a higher level within the organisation.\nAdjourning:\n\u2022\tIn the \u201cadjourning\u201d stage the project is coming to an end and the team members are moving off into different directions.\n\u2022\tThis stage looks at the team from the viewpoint of the well-being of the team rather than the view of managing a team through the original four stages of team growth.\n\u2022\tThe team leader should ensure that there is time for the team to celebrate their success and capture best practices for future use.\n4.\tList three situations where teamworking is used\n\u2022\tTeam Sports\n\u2022\tConstruction\n\u2022\tRetail Shops\n5.\tDifferent Roles within a team\nShaper:\n\u2022\tShapers challenge the team to improve. They are lively and usually talkative who enjoy inspiring others, questioning standards and finding the right approaches for solving problems.\n\u2022\tShapers shake things up to make sure all possibilities are considered and that the team does not become anxious.\n\u2022\tShapers often see obstacles as exciting challenges and they tend to have the courage to push on when others feel like quitting.\n\u2022\tTheir possible weakness may be that they are argumentative and that they might offend people\u2019s feelings.\nResource Investigator:\n\u2022\tResource Investigators are innovated and curious. They explore available options, develop contacts, and negotiate for resources on behalf of the team. They are enthusiastic team members, who identify and work with external stakeholders to help the team accomplish its objective.\n\u2022\tThey are outgoing and are often talkative, meaning that others are often receptive to them and their ideas.\n\u2022\tOn the downside, they may lose enthusiasm quickly, and are often overly optimistic.\nPlant:\n\u2022\tThe plant is the creative innovator who comes up with new ideas and approaches.\n\u2022\tThe Plant\u2019s strength lies in problem solving and \u2018out of the box\u2019 thinking.\n\u2022\tPlants are often introverted and prefer to work apart from the team.\n\u2022\tBecause their ideas are so original, the plant can be impractical at times.\n\u2022\tThey may also be poor communicators and can tend to ignore given limits and constraints.\n\nMonitor / Evaluator:\n\u2022\tMonitors / Evaluators are best at reviewing and evaluating ideas that other people (often plants) come up with.\n\u2022\tMonitors / Evaluators are clever and objective and they carefully weigh the pros and cons of all the options before coming to a decision.\n\u2022\tMonitors / Evaluators are critical thinkers and very planned in their approach. They are often seen as detached or impassive.\n\u2022\tSometimes they are poor motivators who react to events rather than prompting them.\nImplementer:\n\u2022\tImplementers are the people who get things done. They turn the team\u2019s ideas and thoughts into practical actions and plans.\n\u2022\tThey are typically traditional, disciplined people who work carefully and efficiently and are very well organised. These are the people who you can count on to get the job done.\n\u2022\tOn the downside, implementers may be inflexible and can be somewhat resistant to change.\nTeam Worker:\n\u2022\tTeam Workers are the people who provide support and make sure that people within the team are working together well.\n\u2022\tTeam Workers fill the role of negotiators within the team and they are flexible, diplomatic and perceptive. They tend to be popular people who are very capable in their own right, but who prioritise team unity and helping people getting along.\n\u2022\tTheir weakness may be a tendency to be indecisive and to maintain uncommitted positions during discussions and decision-making.\nCoordinator:\n\u2022\tCoordinators are the ones who take on the traditional team-leader role e.g. Chairperson.\n\u2022\tThey guide the team to what they see are the objectives.\n\u2022\tThey are often excellent listeners and they are naturally able to recognise the value that each team member gives. They are calm and good-natured and assign tasks very effectively.\n\u2022\tTheir possible weaknesses are that they may give away too much personal responsibility and may tend to be manipulative.\nSpecialist:\n\u2022\tSpecialists are people who have specialised knowledge that is needed to get the job done. They pride themselves on their skills and abilities, and they work to maintain their professional status.\n\u2022\tTheir job within the team is to be an expert in the area and they commit themselves fully to their field of expertise.\n\u2022\tThis may limit their contribution and lead to a preoccupation with technicalities at the expense of the bigger picture.\nCompleter / Finisher:\n\u2022\tCompleter / Finishers are the people who ensure that projects are completed carefully.\n\u2022\tThey ensure there have been no mistakes or exclusions and they pay attention to the smallest of details. They are very concerned with deadlines and will push the team to make sure the job is completed on time.\n\u2022\tThey are described as perfectionists who are orderly, careful and anxious.\n\u2022\tHowever, a Completer / Finisher may worry unnecessarily and may find it hard to delegate.\n6.\tImpact of personality types on a team\nThe Leaders:\nEvery ship needs a captain to keep it on time and on a steady course. Whether he is an experienced veteran or the favourite young nephew of the ship\u2019s owner, his leadership is judged in the eyes of the crew by his confidence, focus, consistency and respect for others. When power gets to a team leader\u2019s head, the result is often oppressive rule in which the only opinions of value are his own, initiative is discouraged and unreasonable demands are made in the eagerness to produce results. Conversely, a leader who recognises his team member\u2019s unique skills, listens proactively and knows how to delegate fosters greater loyalty to the cause.\nThe Creative Thinkers:\nImagination is important if a team needs to think of fresh and new ways to reinvent or repackage its existing services, products or events. Creative types fill the bill by encouraging fellow team members to expand their mental limits, inspiring them with their hopeful attitudes and engaging in free-spirited, off-the-wall brainstorming. While creative thinkers are normally good communicators, their impatience and rashness can sometimes cause them to rush headlong into a new direction without fully thinking through all of the details and consequences.\nThe Analysts:\nAnalytical personalities on the team are the ones who accurately go over every aspect of a plan or design with a very thorough search in an effort to completely understand it. They ask plenty of questions, engage in research and are cautious about adopting a new idea even if everyone else on the team thinks that it\u2019s great. If time is of the essence in finishing a task, the analysts are the personalities most likely to hold up progress because they have a strong dislike to taking risks and want assurance of a guaranteed outcome.\nThe pleasers:\nThe non- argumentative members of a team often fall into the role of pleasers. Whether they are introverts who are too shy to speak up or socialisers who love being part of a group, they are united by the common denominator of just wanting everyone to get along. Pleasers are dependable and helpful but can sometimes be taken advantage of because they are the least likely to complain about it. In the decision-making process, it isn\u2019t easy to know where a pleaser\u2019s feelings and loyalties are, because being accepted as a team player may be a higher priority to him/her than voicing his/her own ideas and opinions. \n7.\tImpact of effective and ineffective team members\n\n\n\n\n\n\n\n\n\n\n\n\n\n\n\n\n\n\n\n\n\n\n\n\n\n\n"}, "word_count": 2003, "site_id": 32, "category_id": null, "donor_id": null, "status": "active-indexed", "created_at": "2017-03-21T14:11:27.000Z", "source_title": "1.Definition Of Teamworking.. Teamworking Is The Process", "page_count": 9, "meta_data": {"document_uri": "/essay/1-Definition-Of-Teamworking-Teamworking-Is-The-P3HJCTKL847Q"}}}}