{"essay_id": "P3L3Y3JTJ", "essay_category": "Argumentative Essay", "essay_title": "A Time to Kill - Argumentative Paper", "word_count": 965, "submitted": "Aug 6th, 2012", "page_count": "4 Pages", "essay_url": "https://www.bartleby.com/essay/A-Time-to-Kill-Argumentative-Paper-P3L3Y3JTJ", "document": {"meta": {"statusCode": 200, "limit": 25, "page": 1}, "data": {"id": 741529, "document_id": "P3L3Y3JTJ", "title": "A Time to Kill - Argumentative Paper", "document_text": {"body": "Argumentative Paper\r\nIn the movie A Time to Kill, an adolescent girl named Tonya Hailey is brutally battered, raped, and left for dead in a small southern town by two white supremacist men; Billy Ray Cobb and James Louis Willard. As she is walking home, a car approaches; two gentlemen confront her and start kicking and punching her. Then they rape her. Not just once, but twice. She cries out, looking away, and begging them to stop. As she looks up at the heavens above for guidance, she screams for her dad. When the attack ended, the men tossed her aside in the ditch, leaving her in hopes she will die. All the citizens in the town knew of these men as drunks; people that committed crimes and broke the law, like it was ok to do. What they did not realize was that Billy and James are going through an identity crisis. \r\n\tThese two men grew up in an old fashioned southern town, a town that was well known for dominance of white males. The attack on Tonya Hailey wasn\u2019t a crime of racism; this was a crime of callous, personal insecurity, and hatred of who they really may be. If these two men were anything but straight, they would be considered exile. They wouldn\u2019t be part of the \u201cgroup.\u201d Therefore, they seek out and commit crimes, break the law and create problems for the town as a way to lash out there hidden pain. \r\n\t During the movie Billy and James were drinking and driving through a small town, viewing likely pray, they approach a boy and toss a beer can at him. Many people would think this was a hate crime, and indeed it is. Hatred because the boy appeared to be \u201cnormal,\u201d just an innocent boy walking down the road, why couldn\u2019t Billy and James be like him? If he\u2019s \u201cnormal,\u201d then maybe he is ok with who he is in life. He appears to have figured out his male dominance and is accepted by all, where as Billy and James need to create attention to be recognized and create commotion to be talked about. This made Billy and James very envious so they struck him. \r\n\tIf anything, we can identify James and Billy as being callous; Insensitive, indifferent, and very unsympathetic. Carl had a great life, was well known in the town and very well educated. This was something Billy and James did not have nor thought they would ever; they did not like it; they attacked his daughter with plans of her dying to make his life as \u201cgood\u201d as there\u2019s.   \r\n\tBilly and James are not looking for marriage or even appear to care about girlfriends. They are both happy with each other\u2019s company and clearly understand each other\u2019s emotions and thoughts. They have met their needs for acceptance.  Should we consider them a couple? Or are they simply two men that are confused? Life doesn\u2019t come with a manual. Many create their own chapters and hopefully end with happy endings. After their attack on Tonya, they went to the bar with smiles, bragging about what they did, like a reward they just won.  It was in fact a confusion of what they felt was so right to them, but actually was so wrong in reality. Deep inside each one has some clue of who they are, but are unsure of if that\u2019s who they want to be.\r\n\t It seemed as though Billy and James were not worried about getting caught, they didn\u2019t fear being turned in, as they sat in the bar recanting the story. It appeared as though they wanted to be caught, as if jail was a better place. A place where they may have thought would be more socially acceptable. Jail accepts everyone, black, white, male, or female; it is a place where they could share the stories of gratification and possibly feel like they are a \u201cnormal\u201d person. \r\n\tIdentity Crisis is a failure to seek ego and leaving individuals trying to \u201cfind themselves.\u201d It\u2019s an exploration of different ways of looking at oneself and in doing so; one may commit crimes or do drugs. In Billy and James\u2019s situation, they drank, did drugs and committed crimes. They often seem to have no idea who or what they are, where they belong or where they want to go. To someone in this situation, it is more acceptable to them to assume a negative identity than none at all. \r\n\tTonya Hailey was indeed what people would call normal. She was a fine young girl that was smart, quiet, and was really focused in life. She allegedly had goals and was ok with her appearance in the world. She was not confused of who she was or why she was placed in this culture. She was one that would grow up and get married, have beautiful children and live life like any other \u201cnormal\u201d citizen during these times. Billy and James seeing this confidence and successful achievement, they took it upon themselves to slash at it and try to destroy this power she may have held over them. What they did was out of hatred, confusion, and most of all evil. \r\n\tBilly and James were two men that were not like any other. Men that were born with no clue of why, thinking they are in the wrong place and defiantly the wrong time. They were confused about who they were and what they should be, not accepting themselves or others that appeared to be above them in dignity. If these men were born in a well acceptance cultural based setting, they may have lived a happier life and may have taken it upon themselves to find love somewhere; whether it was with each other or with a beautiful female, nothing less than simply living a \u201cnormal\u201d life."}, "word_count": 965, "site_id": 1, "category_id": null, "donor_id": 981239, "status": "active-indexed", "created_at": "2012-08-06T17:45:20.000Z", "source_title": "A Time to Kill - Argumentative Paper", "page_count": 4, "meta_data": {"document_uri": "/essay/A-Time-to-Kill-Argumentative-Paper-P3L3Y3JTJ"}}}}