{"essay_id": "P323NAT3RYKW", "essay_category": "Argumentative Essay", "essay_title": "Abortion Argumentative Essay : Abortion", "word_count": 934, "submitted": "Oct 27th, 2014", "page_count": "4 Pages", "essay_url": "https://www.bartleby.com/essay/Abortion-Argumentative-Essay-Abortion-P323NAT3RYKW", "document": {"meta": {"statusCode": 200, "limit": 25, "page": 1}, "data": {"id": 5447616, "document_id": "P323NAT3RYKW", "title": "Abortion Argumentative Essay : Abortion", "document_text": {"body": "Maren Goodrich\nMs. Jensen\nEnglish\nApril 29, 2014\n\nAbortion Argumentative Essay\n        \tOn average about 41.6 million unborn children are aborted every year. Abortion is killing an unborn baby and it should be illegal. Abortion is wrong because it supports irresponsibility by parents. It gives the unborn children no choice or opportunity at life. In addition, instead of abortion, parents could put up the child for adoption, benefiting people that cannot have children of their own.\nAbortion supports irresponsibility by parents because it encourages unprotected sex. If a couple unexpectedly got pregnant, then they could choose not to face the consequences of a bad choice and just choose to abort the child. Abortion was banned in many states until the Roe vs. Wade court case, where a woman filed a lawsuit against the state of Texas for not allowing her to have an abortion (Roe vs. Wade 1979). It is irresponsible to have an abortion because it will cause very strong emotional and mental effects for the mother. \"Women who are negatively affected by an abortion may experience any of the following mental health problems: anxiety, depression, sleep disturbances, substance use/abuse, and/or increased risk of suicide\" (Coleman). Also, a woman could get an abortion without the father or her parents knowing about it. This causes relationship problems between the mother and her parents, and possibly the father.\nAbortion is killing an innocent human being. Faye Wattleton, president of the largest abortion provider in the U.S. said, \u201cI think we have deluded ourselves into believing that people don 't know that abortion is killing\u201d (Wattleton). It is a scientific fact that life begins at conception and having an abortion ends that life. Abortion is wrong because it is taking away the chance at life from a human being. The child being aborted has no choice in whether they live or die. In some cases it is also gender discrimination. \u201cIn many cultures sons are deemed to be more desirable than daughters for religious or economic reasons, meaning couples seek to terminate pregnancies if they find out the child will be female\u201d (Davies). If a child is female, then they are more likely to be aborted.\n\tPeople that are unable to have children could benefit greatly from adopting a child. A child should not be aborted, but instead put up for adoption if not wanted. \u201cIn the USA, there are approximately two million infertile couples waiting to adopt\u201d (Brown). Also same-sex couples should have a way to have children. \u201cStudies reveal same-sex marriage adoption is healthy for children. Comparisons between same-sex and heterosexual couples adoptions showed no differences\u201d (Ra). This will give the child and the parents unable to have children a chance at having a family.\n\tPeople that are for abortion have their own reasons. They believe that it is the mother\u2019s choice because it is her body. However they should take into consideration that they will be taking the life away from an innocent. The baby cannot speak up for its own body and health. One reason why some parents choose to have an abortion is that they learn that the baby will have physical or mental problems, or have a disease. \u201cKnowing that society is not a place where individuals with disabilities are fully supported and integrated is why many women have terminated their pregnancies\u201d (Chew). However parents should accept and love their children no matter what. \u201cNorth Dakota became the first US state to prohibit abortions after detection of \u2018either a genetic abnormality or a potential for a genetic abnormality,\u2019 with this defined as \u2018any defect, disease or disorder that is inherited genetically\u2019\u201d (Chew). This means that any child that is suspected to have a known disorder cannot be aborted. Another reason people could support abortion is because of stem-cell research to help study cells. \u201cThe reason people who oppose abortion tend to also oppose embryonic stem cell research is because extracting stem cells from embryos kills them\u201d (Wattleton). Stem-cell research which uses unborn fetuses promotes abortion because it kills the embryo.\n\tAbortion is wrong because it supports irresponsibility by parents. It give the unborn child no choice or opportunity at life. Couples that can\u2019t have children can benefit if children are put up for adoption instead of being aborted. Abortion affects the emotional state of the mother, it is killing an unborn child, and it is taking away a couples chance at adopting a child when they cannot have one of their own. Some people believe that abortion is up to the mother, however they should take into consideration the lack of choice the child has. \u201cThe greatest destroyer of peace is abortion because if a mother can kill her own child, what is left for me to kill you and you to kill me? There is nothing between\u201d (Teresa). Abortion is murder, no matter the opinion of the parents.\n\t\n\n\n\n\n\n\n\n\nBibliography\nChew, Kristina. \"Would You Abort a Disabled Child?\" Theguardian.com. Guardian News and    \n\tMedia, 22 Apr. 2013. Web. 27 Mar. 2014.\nDavies, Emily. \"Thousands of Girls Are Aborted Due to Gender: Study Finds Couples from\n Cultures in Which Sons Are Deemed More Desirable Are Terminating Female \nPregnancies.\" Mail Online. Associated Newspapers, 15 Jan. 2014. Web. 20 Mar. 2014.\n\"Mother Teresa Quote.\" BrainyQuote. Xplore, n.d. Web. 27 Mar. 2014.\n\"Same-Sex Marriage Adoption Is Healthy, Studies Show.\" Guardian Liberty Voice. N.p., \tn.d. Web. 26 Mar. 2014. Testimony. N.p., n.d. Web. 20 Mar. 2014.\n\"The Decline of Partner Relationships in the Aftermath of Abortion.\" Lifeissues.net. N.p., n.d. \nWeb. 20 Mar. 2014.\n\"Why Do More People Choose Abortion Over Adoption?\" LifeNews.com. N.p., n.d. Web. 18 \nMar. 2014.\n\n\n"}, "word_count": 934, "site_id": 32, "category_id": null, "donor_id": null, "status": "active-indexed", "created_at": "2014-10-27T00:46:19.000Z", "source_title": "Abortion Argumentative Essay : Abortion", "page_count": 4, "meta_data": {"document_uri": "/essay/Abortion-Argumentative-Essay-Abortion-P323NAT3RYKW"}}}}