{"essay_id": "PKCPPX23VJ", "essay_category": "Argumentative Essay", "essay_title": "Abortion - Argumentative Essay", "word_count": 1093, "submitted": "Oct 5th, 2000", "page_count": "5 Pages", "essay_url": "https://www.bartleby.com/essay/Abortion-Argumentative-Essay-PKCPPX23VJ", "document": {"meta": {"statusCode": 200, "limit": 25, "page": 1}, "data": {"id": 734676, "document_id": "PKCPPX23VJ", "title": "Abortion - Argumentative Essay", "document_text": {"body": "ARGUMENTATIVE ESSAY\r\n\u0091ABORTION'\r\n\r\n\tOur world today is full of unsolved, devisive and controversial issues.  Most\r\nof them relate to our morals, ethics and religion, thus creating a very strong \u0091yes'\r\nand \u0091no', or \u0091good' and \u0091bad' side.  Like the Chinese Yin and Yang sign, abortion\r\nhas a very prominent \u0091black' and \u0091white' side but also contains traces of each in the\r\nalternating colour.  This shows that if you were to come to any kind of conclusion\r\non abortion, there would still be a downside to it, and that is primarily why the\r\nworld cannot agree on this sensitive and emotional issue.\r\n\r\n\tBeing female myself, I can understand why a woman would want to have an\r\nabortion.  Being pregnant and wishing you weren't is probably the worst feeling a\r\nwoman can have.  Knowing that if you brought a child into the world and you\r\ndidn't want it, or you would have to give it up for adoption is such a disheartening\r\nway to start off, and you and the un-born child would be so much better off if\r\nyou were to terminate the pregnancy and wait for a more appropriate time, or in\r\nthe case of rape, put the past behind you and move on.  \r\n\r\n\tSociety has attached a stigma to abortion.  When we hear of women having\r\nabortions, we seem to automatically think that she wasn't careful enough, or she\r\ndidn't use contraception.  We forget to stop and think about the other possible\r\nreasons she may have accidentally become pregnant.  Just forgetting to take one\r\npill per packet can reduce it's effectiveness and also taking anti-biotics, or being ill\r\ncan also undermine the way the pill works.  Condoms can tear or be forgotten,\r\nand emergency contraceptives like the \u0091morning after' pill are underprescribed and\r\nnot readily available.  Would it surprise you that over 50% of women getting an\r\nabortion in Britain used some form of contraception when they got pregnant? \r\nThis obviously shows that women are having huge problems with using\r\ncontraception, and something needs to be done about it now.  Starting by\r\neducating women more on the pill and the way it works, the after effects of\r\nabortion, and the risks of having an abortion.  We don't want abortion to become\r\nthe easy way out though.  People just need to know more about it and have to\r\nsatisfy specific criteria before having the pregnancy terminated, for instance by\r\ninterviews with doctor's, given unbiased advice, and consultations with people of\r\ntheir specific religion. \"It is hugely important to reduce the number of unwanted\r\npregnancies but we have to accept that abortion is a fact of life for many women,\"\r\n- Ann Furedi of the British pregnancy Advisory Service (BPAS).\r\n\r\n\tIn the United States doctor's who administer abortions are being targeted\r\nby anti-abortion activists and some have actually been murdered.  The doctor's are\r\nnow having to take many precautions including wearing bullet-proof vests and\r\npulling blinds and shades down in their homes.  One obstetrician-gynecologist had\r\nto shut down his medical practice after he was terrorized by protesters who had\r\ndistributed \u0091wanted' posters with his photograph, mailed threats to his home and\r\nlisted his name on a \u0091baby butcher's \u0091 web site.  What makes a person think that\r\njust because they feel strongly about an issue it gives them the right to go and kill\r\nsomeone, or harass them till they fear for the safety of their family?  \r\n\r\n\tIn Scotland the Roman Catholic Church offered a 12yr old pregnant girl\r\nmoney in the attempt to prevent her from having an abortion.  She was advised by\r\nher teachers and a social worker to terminate the pregnancy mainly because of her\r\nage and her family's financial position.  But her parents were more convinced with\r\nthe advice given to them by the Scottish church's Pro-Life Initiative, a program\r\nthat offers alternatives to abortion.  A writer of the Tabloid Daily Mirror argues\r\nthat \"offering 12yr olds cash for babies is tantamount to bribery.....and it stinks to\r\nhigh heaven\".  But Monsignor Tom Conelly a spokeperson for the Catholic Church\r\nin Scotland said that the church's offer gives the girl \"real choice, so the child in the\r\nwomb does not suffer at all, irrespective of age or race or creed\".   If the girl chose\r\nto go through with the abortion, it would able her to continue on with her life\r\nnormally and go on with her schooling.  Unfortunately though, if she did have an\r\nabortion there would be the risk that she may not be able to conceive in later\r\nyears.  This is a high price to pay, but maybe she should have thought about some\r\nof the consequences of having sex at such an early age.  It all comes back to sex\r\neducation and informing children about the consequences and responsibilities that\r\ncome with having sex.  Pap smears, contraception, STD's and abortion should all be\r\naddressed at school and this should all be re-inforced by the parents at home.  \r\n\r\n\tWe have to consider ourselves very lucky here in Australia.  At least we are\r\ngiven the choice to choose abortion, unlike in some countries like the Philippines\r\nwhere most of the population are predominantly Roman Catholic.  It was in 1969\r\nthat Justice Menhennit ruled that abortion was legal in Australia, to protect the\r\nlife or health of the woman.  This has made abortion available to all who need it,\r\nand women can go to Family Planning Centres all over Australia and receive the\r\nadvice and support that they need.  So far about 20,000 Victorian women have\r\nan abortion in a year, but that doesn't compare to the statistics in Britain where 1\r\nin every 4 women will have an abortion at some stage.  Lets just keep abortion as\r\nthe very last option and not travel down the path in which Britain and the USA are\r\nheading.  We don't want babies getting thrown out in bins like vegetable waste\r\nnow do we??\r\n\r\nBIBLIOGRAPHY\r\n\r\n1) \"Doctor quits, cites anti-abortion threats\"\r\n    http://www.washingtonpost.com/cgi-bin/gx.cgi/AppLogic\r\n\r\n2) \"Half UK Women seeking abortion used contraception\"\r\n    http://dailynews.yahoo.com/h/nm/999013/sc/health_contraception_2.html\r\n\r\n3) Abortion Information\r\n   http://www.medico.abort.jk24/ss_health.com\r\n\r\n4) \"Scotland Church Chided on Abortion\"\r\n    http://dailynews.yahoo.com/h/ap/19991011/wl/scotland_pregnancy_4.html\r\n\r\n5) Abortion at Family Planning Centres\r\n    171 Berkeley Street, Carlton, 3053\r\n    Melbourne, Australia"}, "word_count": 1093, "site_id": 1, "category_id": null, "donor_id": 975672, "status": "active-indexed", "created_at": "2000-10-05T17:00:00.000Z", "source_title": "Abortion - Argumentative Essay", "page_count": 5, "meta_data": {"document_uri": "/essay/Abortion-Argumentative-Essay-PKCPPX23VJ"}}}}