{"essay_id": "P3GQSCXKTG5ZW", "essay_category": "Argumentative Essay", "essay_title": "Analysis Of ' Hamlet ' And An Argumentative Essay", "word_count": 892, "submitted": "Jun 8th, 2015", "page_count": "4 Pages", "essay_url": "https://www.bartleby.com/essay/Analysis-Of-Hamlet-And-An-Argumentative-Essay-P3GQSCXKTG5ZW", "document": {"meta": {"statusCode": 200, "limit": 25, "page": 1}, "data": {"id": 5647637, "document_id": "P3GQSCXKTG5ZW", "title": "Analysis Of ' Hamlet ' And An Argumentative Essay", "document_text": {"body": "English 112 involved writing a large variety of literary pieces focusing on\nmultiple components of writing. I wrote a multigenre on tattoos, literary analysis on\nHamlet, and an argumentative essay as well as a summary and response essay on the need\nfor higher education. From this wide array of papers I have learned and grown in my\ntechnical writing skills that will contribute in my pursuits of college level classes. I will\naddress each of my papers and what I have learned from them. I have included several\nHelpful Handouts that have proven to be helpful while composing my papers.\nMy multigenre paper was on the topic of tattoos, the claim stating my opinion on\nthe necessity of teens waiting until they are older before making the choice of getting a\ntattoo. I presented my research in a Prezi presentation, which assisted in backing my\nclaim. My other genres included a double voice between a rebellious teen and me where\nI was capable of giving my opinion in regards to a teen who wants to be \u201cteam tatted\u201d. I\nwrote a repetent on what I found to be acceptable tattoos a young adult is less likely to\nregret as well as the cultural background of tattoos. I created a recipe on what it takes to\nget a tattoo physically and emotionally. My last genre was an interactive activity I\nperformed with the class, I used temporary tattoos to represent real ones and how years\nafter getting a tattoo you are likely to regret it.\nStalik 2\nFrom my multigenre I learned about the ethical and cultural values of a tattoo and\nsocieties take on the fad. It also taught me how to assess my opinions on a topic and not\njust for mine but also while listening to other presentations. From this project I took\naway the importance of having a stand on many topics relevant to society such as\ntechnology usage and the idea that cats can be used to relieve stress. I found my strength\nin this project was my creativity and statistical backing whereas my weaknesses were\nseen through my lack of genres specific to my claim, possibly having countered my\nclaim.\nIn my literary analysis paper I wrote about The Tragedy of Hamlet and discussed\nhow the character of Ophelia is perceived as na\u00efve and sexualized while being told what\nto do which leads to her fate of depression and death. I focused on how women of the era\nin Hamlet were not given the freedom of making large decisions on their own. When I\nresearched Ophelia\u2019s character I found there is much depth to her beauty beyond her\nlooks. Her death is a metaphor for the way she was treated as Gertrude describes, her\ngarments pulled her down though she did not struggle. In her life Ophelia did not fight\nback when people verbally diminished her ego and ultimately leading to her fate.\nThis was my strongest piece of work in English 112 because my background of\nHamlet had a firm foundation and told the reader exactly what I would be talking about\nfrom the beginning. I could have used more examples form the text to provide a stronger\nsupport for my thesis statement.\nI will combine my argumentative paper as well as summary and response since\nthey were quite similar in structure and therefore had the same flaws and strengths. I\nStalik 3\nchose the topic of higher education because I strongly believe that success comes with the\namount of work and energy you put into learning a profession and finding motivation to\nachieve greatness. I was able to find contradicting arguments and I revealed the\ndownfalls of entering the workforce right after high school. My summary and response\nwas not as strong as my literary analysis because once I read through the smarthinking\nreport I was able to go back and provide hooks for an improved opening and thesis.\nBoth of my papers had strong transitions and a good flow, which ultimately made\nit easier to read. I also received good feedback on how well I incorporated grammar\nthroughout my paper. However, neither of them were my strongest pieces of work. I\nneed to improve my skills on hooking the reader from the beginning as well as leaving\nthem with a savoring thought about my claim. My conclusions were not has clear as they\nshould have been.\nThe Helpful Handouts I have incorporated into my portfolio proved to be the most\nuseful when I worked on various essays. The \u201cGuide to Writing the Literary Analysis\nEssay\u201d resulted in formatting one of my best essays out of the entire year and one of my\nhighest grades. I effectively learned how to incorporate quotations and if I should indent\nif there are more than three lines of scripture. \u201cSummary and Response Paper\u201d was\nhelpful in getting me started on a strong body for my literary analysis along with my\nsummary and response. Unfortunately my writing was not very strong and my structure\nwas flimsy, but this handout did help me in formatting. My favorite handout is the \u201cThey\nSay, I Say\u201d template! I had so much fun filling in the blanks with the information from\nStalik 4\ntexts and claims. I have used this for multiple papers and will continue to use this is\ncollege as well. "}, "word_count": 892, "site_id": 32, "category_id": null, "donor_id": null, "status": "active-indexed", "created_at": "2015-06-08T12:37:45.000Z", "source_title": "Analysis Of ' Hamlet ' And An Argumentative Essay", "page_count": 4, "meta_data": {"document_uri": "/essay/Analysis-Of-Hamlet-And-An-Argumentative-Essay-P3GQSCXKTG5ZW"}}}}