{"essay_id": "F3R6H2Z8JK8Q", "essay_category": "Argumentative Essay", "essay_title": "Argumentative Essay: Abortion", "word_count": 1075, "submitted": "May 4th, 2008", "page_count": "5 Pages", "essay_url": "https://www.bartleby.com/essay/Argumentative-Essay-Abortion-F3R6H2Z8JK8Q", "document": {"meta": {"statusCode": 200, "limit": 25, "page": 1}, "data": {"id": 6133978, "document_id": "F3R6H2Z8JK8Q", "title": "Argumentative Essay: Abortion", "document_text": {"body": "In my argumentative Essay, I am arguing that abortion is wrong and \r\nnot to be mistaken with 'Abortion should be made illegal.' I will \r\nexplain later why I have made this statement. \r\n\r\nAbortion is the termination of an unborn child in its mother's womb \r\nfor up to twenty four weeks of the pregnancy or in special \r\ncircumstances e.g. Disability diagnosis a termination right up until \r\nthe mother goes in to labour. I think the above definition is an \r\neasier and less harsh way of saying that abortion is the murdering of \r\na human being. \r\n\r\nThere are several reasons why abortion is legal and several reasons \r\nwhy it shouldn?t be. I believe there are five3 main ways of preventing \r\nabortion and this is why it is wrong and should be illegal. \r\n\r\nMy first point that concerns the prevention abortion is contraception \r\ncould be made more easily available. I believe that this is the best \r\nand most effective way of reducing abortion because the fact is that \r\nit is not as accessible as it could be and that a large population \r\ndoes not know how to use contraceptives. \r\n\r\nMy second point is that sex education should be taught properly by a \r\nteacher or that teenagers should be made to take a course which \r\nexplains all the aspects of sex and pregnancy. Research tells that a \r\nlarge number of teenagers do not know how reproduction works or even \r\nknow what is going on in their bodies. Although teachers are meant to \r\nteach this, a lot of teenagers will not understand or may just dismiss \r\nthe matter and will learn from television or other teenagers and may \r\nbe misled in to believing certain things about the matter e.g. The hit \r\ntelevision soap ?Coronation Street? had a story line involving a \r\nteenage girl who got pregnant and her life turned out fine with no \r\ndisadvantages. Although some girls may believe this can happen, it is \r\nvery unlikely. I also feel that parents should not have to bear this \r\nburden as it may be embarrassing or uncomfortable explaining this to a \r\nteenager. Although on the other hand people may say ?Is it \r\nembarrassing if it prevents pregnancy?? \r\n\r\nThe third way of preventing abortion is to increase the involvement of \r\nmen in the relationship. I think that the father has a very big \r\nresponsibility because as people say ?It takes two to tango?. If a \r\nfather was introduced in to the picture there is a high chance that \r\nboth parents will work together and raise the baby. \r\n\r\nMy fourth way of preventing abortion is to introduce new birth control \r\nmethods but with out the government funding which would cause a raise \r\nin tax and the public would not pay because some people would think \r\nthat abortion is not a good enough reason to raise taxes. \r\n\r\nMy fifth and final point on how to prevent abortion is to make society \r\nfriendly and easier on children/teenagers. Research shows that America \r\nhas the highest rate of teenage pregnancies partly because of the \r\nenvironment they grow up in. If there was pressure taken off children \r\nthe numbers of teen pregnancies would drop along with the number of \r\nabortions. \r\n\r\nI now want to talk about the reasons for abortion. The main reasons \r\nfor abortion are rape, teenage pregnancy, prostitution and disability \r\ndiagnosis \r\n\r\nApart from rape I believe these are all very bad excuses to make \r\nabortion legal. Although pregnancy from rape doesn?t happen very \r\noften, it does happen. Rape is a terrible ordeal for a woman to go \r\nthrough and if abortion has to be legal this is the only reason for \r\nit. If a woman does get pregnant from a case like rape and a child is \r\nborn then this child may remind the mother of her attacker, on the \r\nother hand though the mother could raise this child to be an \r\nupstanding member of society and not a rapist like his/her father. \r\n\r\nI now want to look at why disability diagnosis is an inhumane reason \r\nfor abortion. Disability diagnosis is the termination of an unborn \r\nchild because the doctors say that when the baby is born it will have \r\nsome kind of disability. I think that every one is unique and should \r\nnot be murdered for their uniqueness. Every living thing should be \r\naccepted in society and this ?disability diagnosis? is nothing but a \r\nbarbaric witch hunt. \r\n\r\nAs for reasons like prostitution, teenage pregnancy or the baby cannot \r\nbe supported, these are all brought on by lack of responsibility and \r\nimmaturity and in the words of Mother Teresa ?We should combat \r\nabortion with adoption?. I think all women who are thinking of getting \r\nan abortion should read these words and while reading them think of \r\nthe life the child could have with the mother or with foster parents. \r\nI believe adoption is the best way to combat abortion. \r\n\r\nReasons why abortion was made legal in the abortion act of 1967 were \r\nthat people argued that an unborn baby or foetus, is not a real human \r\nand that the child is just a group of random cells. I believe that \r\nthis is not true and that that this ?foetus? is a human being. It \r\nstates in Jeremiah 1:5 ?Before you were formed in the body of your \r\nmother, I had knowledge of you, and before birth I made you holy, I \r\nhave given you the work of being a prophet to the nations.? This \r\npassage clearly states that an unborn child is a human. It was also \r\nargued in 1967 that if abortion was not made legal then abortion would \r\nbe carried out dangerously in back alley clinics as they were called. \r\n\r\nAt the start of this piece of coursework I stated that ?Abortion is \r\nwrong and not to be mistaken with Abortion should be made illegal.? I \r\nbelieve this statement because if it is made illegal people will get \r\nit done dangerously by unqualified doctors, it will not stop abortion. \r\n\r\nTo conclude I would rather abortion legal and that it is done safely \r\nand that it can try being prevented rather than it being made illegal \r\nand being carried out dangerously. I also believe that if abortion is \r\nlegal it should only be allowed in the circumstances of rape. Last of \r\nall i believe that abortion should be severely discouraged and that \r\nthe world should remember Mother Teresa?s words, ?We should combat \r\nabortion with adoption.?"}, "word_count": 1075, "site_id": 1, "category_id": null, "donor_id": null, "status": "active-indexed", "created_at": "2008-05-04T08:44:31.000Z", "source_title": "Argumentative Essay: Abortion", "page_count": 5, "meta_data": {"document_uri": "/essay/Argumentative-Essay-Abortion-F3R6H2Z8JK8Q"}}}}