{"essay_id": "FKHAFJLLCP995", "essay_category": "Argumentative Essay", "essay_title": "Argumentative Essay On Social Media", "word_count": 1082, "submitted": "Nov 25th, 2015", "page_count": "5 Pages", "essay_url": "https://www.bartleby.com/essay/Argumentative-Essay-On-Social-Media-FKHAFJLLCP995", "document": {"meta": {"statusCode": 200, "limit": 25, "page": 1}, "data": {"id": 3387538, "document_id": "FKHAFJLLCP995", "title": "Argumentative Essay On Social Media", "document_text": {"body": "Argumentative essay on social media\n\nNowadays, we are living in the most advanced technology era as we have a lot of gadgets to communicate with each other. Just a few decades back, people had to wait for a week or two to receive a letter but now, we able to talk, char and make friends in a mere twinkling of an eye. Social media has become part and parcel of our everyday lives. The idea behind the social media is to enable us to hold better contact with friends, family and new people. There are many websites that manage social networking sites like MySpace, Twitter, Facebook and Orkut. Thousands of users use these sites every day. It is generally believed that social media networking sites improve today\u2019s people social life because these sites are medium for people to improve their social skills, to entertain themselves and to find answer to their problems but at the same time these sites have made people isolated. \nIt is generally believed that social networking sites improve today\u2019s people social life by enhancing their social skills. Social networking sites are used by its users to make new friends and to explore other cultures. When people browse on any of these sites, they must create their profile and add their friends in their friend list. They do not only add the people they already know but also search people and make new friends from all across the world. Their excitement increase when they make new friends and chat with them. This thing compels them to explore the world via their friends. Eventually, these social networking websites help them to improve their communication and social skills by making new acquaintances. These websites also help its users to become more socialize with people around them. These sites improve their social skills and make them more confident. They start enjoying communication with people. They also start sharing their personal experiences and information with their friends on these sites. This way they learn about other people, improve their communication skills and add to their knowledge about other cultures (Clarke,, 2010). In contrary, those people that never socialize on social networking sites usually act shy and feel reluctant to communicate with others. They prefer living alone as they do not have medium to improve their communication and social skills. Social networking sites help people to change their overall attitude to become friendly and cordial. \nSocial media is used by most of the youngsters as a source of entertainment. Farmville is one of the most popular games playing on facebook. They also invite their friends to play the very game with them on Facebook. In addition, they also join different blogs to share their ideas and increase their information about different topics. There is everything for everyone on these sites. Those who love cooking can join cooking groups on these sites. If somebody likes to read about religion there is sufficient info about different religions on social networking sites like Facebook. Social media networks provide knowledge, fun and entertainment to their users and that is the real beauty of these sites. Young people play games to spend their free time in an interesting manner and to sharpen their minds by challenging themselves to reach to the highest level of the games. \nLast but not least, social media networking sites are used by the people to find out the answer of their problems. There are a lot of people who are studying in other countries. Most of them can either afford the university fee or tuition fee. They usually find it very difficult to contact their teachers after university timings to find out the answers of their queries.  For such students these social media networking sites are no less than a blessing. They can use Facebook to join international professors groups to take advantage out of their knowledge with an effortless ease. They can also make new friends who are studying the same subject as they do to take help from them and to exchange their ideas and knowledge with them. Social media networking sites have made knowledge acquisition as easy as anything. Now knowledge can be gained by sitting home and using these sites. \nThe people who are against social media networking sites are of the view that these sites have made people isolated.  They have started avoiding physical intimacy. They now love more to make friends on these sites but have stopped meeting their friends physically. Apparently, it seems that these sites have made them much more social than before but in reality they have become isolated and superficial (Kaplan, Haenlein, 2010).  In past, people used to go out to meet their friends and to play games with them but nowadays people\u2019s world has reduced to their room. They feel that what is the use of going out when everything can be cherished at home? People are now becoming anti-social they have nothing to do with the world of nature.  Their day starts with social media and ends on the same sites. Social media has made people isolated and superficial.\nSocial media has changed our lives completely. We have started doing and enjoying the things which our parents have never done or imagined. These sites have reduced the world into a global village. People can communicate with anyone, anytime in no time. Is social media good or bad has long been a topic of discussion. Some people think that it is a blessing as social media networking sites have improved today\u2019s people social life because these sites are medium for people to improve their social skills to entertain themselves and to find answer to their problems but some other people are of the view these sites have made people isolated. I believe that social media has both advantages and disadvantages but its benefits are more than its drawbacks. These sites have made us close to others (Asur, Huberman, 2010),. We are now more confident and social than before and it is just because of social media networking sites. In my opinion we should use these sites positively to take best advantages out of them and to avoid their drawbacks. \n\n\n\n\n\n\n\n\n\n\n\n\n\n\n\n\nREFERENCES \n\u2022\tClarke, A. (2010). Social media (1st ed.). Ottawa: Library of Parliament.\nhttps://books.google.com.pk/books?id=IYkfCgAAQBAJ&pg=PA901&dq=Clarke,+A.+(2010).+Social+media&hl=en&sa=X&redir_esc=y\n\n\u2022\tKaplan, A., & Haenlein, M. (2010). Users of the world, unite! The challenges and opportunities of Social Media. Business Horizons, 53(1), 59--68.\nhttps://books.google.com.pk/books?id=gdZo00XbaFoC&pg=PA418&dq=Users+of+the+world,+unite!+The+challenges+and+opportunities+of+Social+Media.+Business+Horizons&hl=en&sa=X&ved=0ahUKEwjxwf3L6ajJAhWOkY4KHfiVDwsQ6AEIGjAA#v=onepage&q=Users%20of%20the%20world%2C%20unite!%20The%20challenges%20and%20opportunities%20of%20Social%20Media.%20Business%20Horizons&f=false\n\n\u2022\tAsur, S., & Huberman, B. (2010). Predicting the future with social media, 1, 492--499.\nhttps://books.google.com.pk/books?id=38s0AwAAQBAJ&pg=PA247&dq=Predicting+the+future+with+social+media&hl=en&sa=X&ved=0ahUKEwjz2I716ajJAhUFco4KHS4dDO0Q6AEIGjAA\n\n\n\n\n\n\n"}, "word_count": 1082, "site_id": 32, "category_id": null, "donor_id": null, "status": "active-indexed", "created_at": "2015-11-25T06:48:55.000Z", "source_title": "Argumentative Essay On Social Media", "page_count": 5, "meta_data": {"document_uri": "/essay/Argumentative-Essay-On-Social-Media-FKHAFJLLCP995"}}}}