{"essay_id": "PK5D3CGK9DEHQ", "essay_category": "Argumentative Essay", "essay_title": "Argumentative Essay - Argumentative Research", "word_count": 1428, "submitted": "Mar 16th, 2017", "page_count": "6 Pages", "essay_url": "https://www.bartleby.com/essay/Argumentative-Essay-Argumentative-Research-PK5D3CGK9DEHQ", "document": {"meta": {"statusCode": 200, "limit": 25, "page": 1}, "data": {"id": 6097960, "document_id": "PK5D3CGK9DEHQ", "title": "Argumentative Essay - Argumentative Research", "document_text": {"body": "Sherry Lodwig\nWR 122 \nMarch 13th, 2017\n\n                                                    Argumentative Research Essay\n\n     What comes to mind when someone mentions global warming?  I bet it isn\u2019t how we can control it or how we go about fixing it to make a better life for not only us but for our children.  Feeling guilty and concerned are a normal reaction to the global warming issues, but not caring is another really concerning fact in its self.  I\u2019m not saying that you must be full blown out there protesting and fighting to be proactive and care.  If we don\u2019t care or start caring now we won\u2019t have a planet to call home anymore.  If the ice caps all melted away and the atmospheric temp would drop it would be a catastrophic devastation to the world.  Life on the planet would change from what we know as now to something that no one could ever survive in, beyond record heat waves, massive flooding, forest dissinagrated, and all marine life would cees to exist.  Many countries might not know what global warming is or how we as a human race contribute to the global warming impact, but the more advanced countries do and we need to come together as a whole to inform/educate and figure out a plan on how we are going to fix this major issues that can cause the Earth a massive loss of human life and ecosystem life forms. \n    Pretend that individuals treasure their darling little planet, many conservationists and naturalists post blogs, essays, speeches and publish works about how global warming and the effects that it will have on the life of the Earth.  From different points of view in the scientific community, we need to examine the history of the planet and the global warming effects from then, monitor the atmospheric temps along with what actions are being taken to improve the issues at hand.  So, what is global warming?  It can be described in a variety of ways.   Per Wikipedia its described as, \u201ca change in the temperature of the Earth\u2019s climate systems and its related effects.\u201d  Others say that its described as, \u201cis the gradual heating of the Earth\u2019s surface, oceans and atmosphere.\u201d  There are many factors that can contribute to gas emissions, pollution, waste from humans.  But wait a minute what is the government doing to help fix these problems and prevent it from reverting back to the way it was before.  The big issues lie with the fossil fuels that we use for energy.  Energy consist of power and gases that can be transferred into other objects.  Even though we have cut the emission gases, gases from the greenhouse and carbon dioxide we can\u2019t prove the right or wrong way to go about fixing the process.\n     Numerous scientists presume that the public is accustomed to the science following the atmosphere and roughly people disagree or merely do not understand how the contribution of extreme CO2 excess could contribute to a shift in the global weather patterns.  In Wilson\u2019s book, The Future of Life he states, \u201cwe have driven atmospheric carbon dioxide to the highest levels in at least two hundred thousand years, unbalanced the nitrogen cycle, and contributed to a global warming that will ultimately be bad news everywhere.\u201d (23) Does global warming affect the life forms on Earth?  We\u2019ll have you ever heard of the greenhouse effect, it\u2019s the absorption of the energy that radiated from the Earth\u2019s surface by carbon dioxide and other gases in the atmosphere, causing the atmosphere to become warmer.  These greenhouse gases cause the temp to rise thus causing issues for life forms on Earth.  If we cannot control or get a handle on this and reduce this, we are looking at a planet that no longer will be able to handle the issues that will be put upon us when global warming comes into full effect.   \n     The biggest point of view from the opposing sides is the focus on the production and consumption that is done by humans.  Some people think that the effects that are caused from production and consumption will appear later down the road and by the time that happens there will be a way for us to fix it.  Whether it\u2019s the technology or we have more of a financial backing that it will fix the problem.  These people are the ones that fail to take into count this devastating attitude can cause the planet.  Whenever these economic groups decide to pull their heads out of their butts and get on the band wagon it will be too late to repair, with unstable weather patterns that climatologists can\u2019t explain or how natural disasters are running wild across the earth.  It feels like mother nature is saying \u201cWAKE UP\u201d or otherwise I\u2019m going to keep doing what I\u2019m doing and make it worse on you.  \n   People are shepherding an unintentional global research by altering the appearance of the all-inclusive planet.  We are extinguishing the ozone tiers, which tolerates life to occur on the Earth\u2019s surfaces.  The amount of negatively that is altering the configuration of the biosphere and the Earth\u2019s heat equilibrium.  Most people know the temp rises about 1 degree over a century, which we could live for a very long time without having to worry about the Earth becoming bare and uninhabitable.   But the greenhouse emissions and carbon that is being released in atmosphere will cause the temp to rise anywhere from 4 to 10 degrees over a century and that is the fast track to ending life on this planet as we know it.  Ken Caladeira, from Scientific American, states, \u201cas a predicted there has been more warming over land than over the oceans, more at the poles than the equator, more in winter than in summer and more at night than at day.  Extreme downpours have become more common.  In the arctic, ice and snow cover less area, and methane-rich permafrost soils are beginning to melt.  Weather is getting weirder, with storms fueled by the additional heat\u201d (Caldeira).  \n    The Indian Journal of Science and Technology, Venkatarmanan explains the greenhouse effect that happens in the atmosphere is sunlight.  Basically, sunlight meets Earth, some of the rays are absorbed and the rest is radiated back to the atmosphere.  The sun rays that you thought were being absorbed back into the atmosphere are being turned into greenhouse gases instead of going out into space. When gases build up overtime can create a reflection that will bounce the gases back down to the planet and that\u2019s where we get this so-called greenhouse effect that people are talking about.  \n  We humans rely on fossil fuels to survive and live, we use these to power our homes, cars, plants and so on.  We as humans burn so much fuel that it causes carbon dioxide which in-turn is not good for the atmosphere.  Consider the manufacturing insurrections transversely the province and the magnitude of fossil fuel that we have combusted, this falls on us now we need to fix.     \n\n\n\n\n\n\n\n\n    The hypothesis intensifications of universal temperature which leads to the world that   natural disasters are ridding the world with massive loss of lives is quite logical, but even those who are skeptical can\u2019t deny the evidence.  Voluminous numbers of species that cannot migrate or adapt to a change will be killed off or face the rapid extinction from the rising temperature.  Potentially compound the problem by the death of trees who will suffer from carbon dioxide-absorption. \n    Although everyone is entitled to their own points of views overall global warming issues and what the government is doing about screams for major help and what we can do about changing it for the better for not only ourselves but for our children.  We can make changes with the little things that we do like planting new trees, the more trees we plant the better off the world is when it comes to global warming.  We can also reduce, reuse and recycle, use less heat and air conditioning.  Change a light bulb to more energy efficient ones and drive less and walk more.  Burn more energy efficient products and use less hot water, all of these can help reduce the carbon footprint that we leave on the planet and will help us with the global warming issues that is going on.  \n\n\n\n\n\n\n\n\nWork Source Cited:\nWilson, Edward O. The future of Life. New York: Random House, Inc. 2012. Print.\nVenkatarmanan, M. \u201cCauses and Effects of Global Warming.\u201d Indian Journal of Science and Technology. 4. 3. (2011): 226-229. EBSCOhost.com. Web. 1 November, 2012\nhttps://en.wikipedia.org\n"}, "word_count": 1428, "site_id": 32, "category_id": null, "donor_id": null, "status": "active-indexed", "created_at": "2017-03-16T06:29:15.000Z", "source_title": "Argumentative Essay - Argumentative Research", "page_count": 6, "meta_data": {"document_uri": "/essay/Argumentative-Essay-Argumentative-Research-PK5D3CGK9DEHQ"}}}}