{"essay_id": "F359KJJECFL95", "essay_category": "Argumentative Essay", "essay_title": "Argumentative Essay : ' Argumentative Paper '", "word_count": 1610, "submitted": "Jan 18th, 2016", "page_count": "7 Pages", "essay_url": "https://www.bartleby.com/essay/Argumentative-Essay-Argumentative-Paper-F359KJJECFL95", "document": {"meta": {"statusCode": 200, "limit": 25, "page": 1}, "data": {"id": 3391840, "document_id": "F359KJJECFL95", "title": "Argumentative Essay : ' Argumentative Paper '", "document_text": {"body": "TKAM Argumentative Paper\n    America is a country with many beliefs that seem to be hypocritical, for they appear to not be followed by it\u2019s citizens and government. It is common to hear about this country being a place where everyone is respected and has their own rights. The National Anthem of the United States of America proclaims this country as \u201cThe land of the free and the home of the brave.\u201d But it is questionable whether this line is true or not in terms of it\u2019s significance. Much oppression, injustice, and prejudice can be found today towards non-white people and those who are socially \u201cinferior.\u201d By the looks of things, it seems that America has not reached it\u2019s goal of achieving true racial and social equality. There are many realistic examples of the modern United States that show that the country will never achieve such goal. Indeed, one can see these events and conclude that America is not the land of the free, for other groups of people are mistreated for being of another race, or simply for being \u201cinferior\u201d to the eyes of society. Even some famous writings by authors prove that the U.S. will never achieve true racial and social equality. Harper Lee\u2019s novel To Kill A Mockingbird is an example of such proof. In the plotline, a girl named Scout watches how her attorney-father tries to defend a black man against the prejudice of her hometown of Maycomb, Alabama. With this information, one can see how even a fictional story can present the prejudice and injustice that America had in the 1930\u2019s and still today. In To Kill A Mockingbird, Lee presents the customs and ideals of Maycomb citizens that prove the town is full of social and racial inequality, and the treatment of non-white people today shows that America will never achieve true racial and social equality. \n    The plot of Lee\u2019s novel takes place during the 1930\u2019s in a small town known as Maycomb, Alabama. Scout, the narrator and main character of this story, sees how her town shows social injustice towards many groups of people. Everyone in Maycomb is known by their status, name, land ownership, reputation, and classified rank in society, and these \u201ccategories\u201d are often people\u2019s views on others. In Maycomb, there are four main ranks of which society is broken down. At the top reside the educated and upright people, followed by those who are uneducated and financially struggling, then preceded by the \u201cwhite trash\u201d folks, who are the white-people who voluntarily choose a struggling life due to their foolish living, and at the bottom the black community resides. The social injustice in Maycomb can be seen by this social hierarchy of different levels, for by these rankings people are judged poorly with prejudice and hatred. One example of such person who suffers from the prejudice of her \u201ccategory\u201d is Mayella Ewell, whose family would be considered \u201cwhite-trash.\u201d Mayella and her family are known to be dirty, uneducated and unpleasant, and very racist towards the African-American community. Mayella\u2019s surface view makes her look very unpleasant, but deep down she is of a different personality and character. She is not so prejudiced towards other groups of people, and she is more organized in her way of living. But due to her appearance before society, Mayella is judged poorly of who she really is, and she does not share the same equality of other people. In addition to the typical customs of Maycomb society, the town displays it\u2019s ideology that proves it has no equality for others. The social ideology of the town views white-people as \u201csuperior\u201d to the black community of folks. One person in particular, Mr. Dolphus Raymond, a white man who lives with the African-American community, mentions the social inequality that Maycomb shows towards the black people. He mentions to Scout on time, \u201c\u2018Cry about the hell white people give colored folks, without even stopping to think that they\u2019re people, too\u2019\u201d (Lee 269). Mr. Raymond is of good heart, and he sees everyday the unchanging and continuing mistreatment of the colored people in the town. One can conclude that Mr. Raymond is against the grave social inequality that African-Americans face from the white community, but he alone is not able to stop such discrimination. In addition from the social inequality shown in Maycomb, there is also racial inequality in this town that also proves how far away America is from achieving the goal of equality. \n    One of the most important events in the plotline of To Kill A Mockingbird is the trial of Tom Robinson. Tom, a black man accused of raping the daughter of Bob Ewell, Mayella, faces the racial injustice from the town of Maycomb. The charges that are made against him concerning the rape of Mayella Ewell make him well-known among the people in town, and meanwhile Scout discovers that Atticus, her father, is appointed to defend Mr. Robinson in court. But due to the prejudice and racism of Maycomb, Atticus realizes that his efforts will not be enough to win the case of Mr. Robinson, despite the fact that during the trial he proves that Tom is innocent of his accusation. It does not take the people of Maycomb long to find out that Atticus is going to defend Mr. Robinson in court. The town is disgusted by such news, and their reactions towards such news shows their racism not only towards Tom, but to all non-white people. Scout herself begins to be mistreated at school for having a father who defends equality and whom is not of a judgmental character like everyone else. Scout one day hears one of companions at school, Cecil Jacobs, take negatively about her father for defending Tom Robinson. Scout explains during the novel that \u201cHe [Cecil Jacobs] had announced in the schoolyard the day before that Scout Finch\u2019s daddy defended niggers\u201d (Lee 99). Already one can see how people\u2019s vocabulary usage can reflect their discrimination towards other people. Cecil Jacobs talks negatively about Atticus by mentioning that he defends \u201cniggers.\u201d  Those, or better-said that one \u201cnigger\u201d that Cecil refers to is Tom Robinson. This word used by Cecil shows his and all of society\u2019s racism and inequality towards African-American people, and in this particular case, towards Tom Robinson. In addition, the racism and social inequality of Maycomb and America is shown in the segregation of whites and non-white people. In Maycomb, African-American folks have their own church, First Purchase, where they attend religious services and ceremonies, and white people have their own church as well. This segregation of races reflects how Maycomb and America in general will not achieve true racial and social equality. If there was true equality, then people of all races should be allowed to worship together in the same church without having to be separated. But this is not the case. One person from the black community of worshippers in Maycomb recognizes this shameful truth, Lula. Scout explains Lula\u2019s reaction when she, her brother Jem, and Calpurnia, the Finch Family\u2019s cook, attend a service at First Purchase Church. Scout mentions that, \u201cLula stopped, but she said, \u2018You ain\u2019t got no business bringin\u2019 white chillun here-they got their church, we got our\u2019n\u2019\u201d (Lee 158). Lula acknowledges the segregation between colored people and white folks in Maycomb by pointing out that colored people have a church separate from those of the white community. Now one can see how the habits and behavior of Maycomb, Alabama prove that America will never achieve true racial and social equality.\n    Even with evidence from a best-selling novel and from real-world examples, there is still some argument saying that America will indeed reach the equality it strives towards. Defendants argue that the signing of the Civil Rights Act in 1964 proved that the United States has already made efficient progress towards equality, but even such document has been proven not to have put a stop to this crisis. Real-world evidence from today\u2019s America shows that equality is not the case. A study conducted by researchers at Brown University explains that African-American people have an income level that is very low. In fact, the study also states that neighborhoods where African-americans reside are separate and unequal, for even when black people have achieved a higher salary when working, they are unable to \u201ctranslate these into residential mobility.\u201d But this is not the only example proving America has not nor will it achieve equality, there is also an analysis that was done by the Center for American Progress that proves such shameful, yet true thing. The Center for American Progress proves that black and Latino students have a higher chance of receiving education at poorly-funded schools. Evidence shows that schools across the country spend $334 more on white students than on every colored or non-white pupil. In addition, this organization shows that \u201can increase of 10 percent in students of color is associated with a decrease in spending of $75 per student. \u201d This unequal and unjust spending of money on students who are not of white race proves that, once again, America will not achieve the supposedly racial and social equality it wants to obtain. \nWhen one puts into consideration the evidence of America\u2019s long battle for equality, one can realize that no matter what effort is given, there will still be injustice existing. With fictional, bu accurate evidence from a novel, and from proof from today\u2019s world, one can see how injustice still prevails today. The habits and thoughts of Maycomb society in To Kill A Mockingbird, and the unjust treatment of non-white people today show that America still has racial and social inequality. "}, "word_count": 1610, "site_id": 32, "category_id": null, "donor_id": null, "status": "active-indexed", "created_at": "2016-01-18T21:31:43.000Z", "source_title": "Argumentative Essay : ' Argumentative Paper '", "page_count": 7, "meta_data": {"document_uri": "/essay/Argumentative-Essay-Argumentative-Paper-F359KJJECFL95"}}}}