{"essay_id": "FKE29VV3RZ3Q", "essay_category": "Argumentative Essay", "essay_title": "Argumentative Essay : Argumentative Synthesis", "word_count": 1734, "submitted": "Dec 9th, 2015", "page_count": "7 Pages", "essay_url": "https://www.bartleby.com/essay/Argumentative-Essay-Argumentative-Synthesis-FKE29VV3RZ3Q", "document": {"meta": {"statusCode": 200, "limit": 25, "page": 1}, "data": {"id": 5477084, "document_id": "FKE29VV3RZ3Q", "title": "Argumentative Essay : Argumentative Synthesis", "document_text": {"body": "John Amos Nordmeyer\nMs. Allen\n11/20/15\nEssay #4: Argumentative Synthesis\n\tAs we begin the 21st century, the preservation and concern with our world environment becomes more of a highlighted issue. Authors such as Michael Pollan in his article \u201cEscape from the Western Diet\u201d, and Jonathan Safran Foer who wrote \u201cAgainst Meat\u201d both mention in their essays the negative impact fast food has created on our environment due to the method of factory farming. Foer quotes using reports from the Food and Agriculture Organization of the UN \u201cFactory farming has made animal agriculture the No. 1 contributor to global warming\u2026and one of the Top 2 or 3 causes of the most serious environmental problems, both global and local: air and water pollution, deforestation, loss of biodiversity.\u201d (457) Looking at these facts one can see that the issue on hand causes threat to our environment. Fast food has spawned a mass producing industry know as factory farming which although supplies the needs of our fast food industry at a rapid pace, causes pollution to our environment due to its poor disposal methods of waste. \n\tThe ever growing size of our world population and demand for resources to sustain this population has caused us to resort to mass production of resources. Whether it be eggs, milk, beef or ham, these resources are demanded in great quantity and at a rapid pace. This results in factory farming due to its ability to mass-produce the desired resources. But what are factory farms and what do they do? \u201cFactory farms concentrate hundreds or thousands of animals in small areas, and as a result generate, store, and must ultimately dispose of tremendous volumes of manure and other waste.\u201d (HEINZEN) But this method of supplying our consumption leads us to the issue on hand. \nThe factory farming industry puts incredible strain on our natural resources. The extreme amount of waste created by raising so many animals in one place pollutes our land, air, and water. Residents of rural communities surrounding factory farms report high incidents of illness, and their property values are often lowered by their proximity to industrial farms. (Farm Sanctuary) \nFactory farming in itself causes negative effects that could damage our environment and cause harm to the surrounding population. But before exploring the effects of factory farming it is important to understand its origin. \n\tFactory farming can be associated with modern developments and the supply and demand of industries working off of each other. The most recognizable milestone of food growth can be traced back to 1970\u2019s. \u201cIt wasn 't until the early to mid-70s that the growth of fast food really took off.  In 1972 McDonald 's passed the $1 billion mark in sales and hit $3 billion by 1976.\u201d (Fast Food) But to pinpoint the growth of the food industry one name surfaces, Earl Butz, the Secretary of Agriculture of the U.S in the 1970\u2019s. \u201cButz was a piece of work.  He is credited with starting the rise of industrial-sized corn farming, the demise of the small farm and the infusion of corn into every aspect of our current diet.\u201d (Fast Food) The way Butz accomplished his goals was getting rid of the previous system the government dealt with farms, and replaced it with a new system paying farmers directly giving them motivation to grow their crops. Eventually the system grew and \u201cby the 1980 's the government was subsidizing every bushel of corn produced and corn production took off.\u201d (Fast Food) This new subsidizing of corn was the beginning of an explosion of fast food restaurants due to the cheap corn prices allowing the opportunity to cheaply feed vast amount of animals. But the restaurants were not the only companies benefitting from factory farming. \nCompanies such as KFC developed a demand for chicken which fueled the Tyson\u2019s chicken company and also gave the opportunity for Perdue\u2019s battery cages to grow (Fast Foods). Factory farming developed an industry that had animal producers and industrial suppliers, supplying and building off each other, causing a chain reaction. In this case, the factory farming not only benefitted KFC who needed chicken to supply their booming industry but also smaller companies such as Perdue\u2019s cages and others that one can imagine needed to successfully produce chicken. All these advancements led to what we have in our society today, the deterioration of our environment due to factory farming. \nThe system of farming presented emits pollution and excessive waste. This waste involves not only toxic materials but a waste of resources such as water. \u201cProducing one pound of beef takes an estimated 1,581 gallons of water, which is roughly as much as the average American uses in 100 showers.\u201d (Farm Sanctuary) This drastic statistic of 100 showers for one pound of beef question the methods and efficiency of factory farming by showing the immense waste of water, such a valuable resource for our planet. But how is factory farming harmful to our environment other than wasting resources?\u2019\nPoor disposal methods have become one of the leading causes for the output of pollution produced by factory farms. First it is critical to understand the waste output due to thousands of animals locked up being overfed. The animals located at these sites in the United States produce 1 million tons of feces per day, which is three times more than the amount produced by the U.S population. (Farm Sanctuary) This colossal amount of manure has become immensely difficult to dispose of.   \u201cFactory farms typically store animal waste in huge, open-air lagoons, often as big as several football fields, which are prone to leaks and spills. In 2011, an Illinois hog farm spilled 200,000 gallons of manure into a creek, killing over 110,000 fish.\u201d (Farm Sanctuary) This one example of a spill in Illinois is a taste of the pollution excreted and not properly disposed by factory farms. As can be seen they create an active destructive effect on our environment and not simply a hypothetical one as can be seen by the destruction of the 110,000 fish in the ecosystem. But how else does this pollution waste affect us, the population, directly?\nAlthough factory farming causes a risk to our environment it can also cause health risks that affect us through antibiotics. To ensure the health and efficiency of factory farms, a large amount of antibiotics is needed to maintain the health of the animal s present, but the amount is more than one would think. \u201cIn fact, an estimated 70% of all antibiotics in the United States are used in livestock production, rather than human medicine.\u201d (HEINZEN) This figure shows the resources our economy spends on the need for factory farming. But the use of this amount of antibiotics has a price, that it comes back and affects our health.  \u201cUpwards of 75 percent of the antibiotics fed to farm animals end up undigested in their urine and manure. Through this waste, the antibiotics may contaminate crops and waterways and ultimately be ingested by humans.\u201d (Farm Sanctuary) A certain irony is present that the very same antibiotics we use to prevent disease ends up affecting us in a negative manor. The pollution output due to factory farms harms our environment through crops and water quality which in turn harms in directly due to our consumption. Once again, as seen before with factory farming a chain reaction is caused, and in this case a negative one. \nBut what methods are being used to prevent such destruction in our environment? Factory farms have become so crucial to our society that not many steps are being taken to halt the harmful effects. But the CWA, a federal statute created to protect and restore the waters of the United States, have been trying to put a check on factory faring through the National Pollutant Discharge Elimination System (NPDES).  (HEINZEH) According to the CWA more than half of the factory farms do not possess NPDES and are therefore not allowed to discharge pollutants (HEINZEH). The CWA\u2019s main goal is to track the trail pollution, which leaves a fingerprint, back to its source so the proper containment and pressure be applied due to protect the water systems. \u201cFactory farming generates a waste stream with a unique pollution fingerprint.  This industry discharges waste laden with DNA markers, and relies on a host of specific dietary additives to promote the survival and profitable growth of animals housed in extremely inhumane conditions.\u201d (HEINZEH) Although the outcomes and actual progress of the CWA isn\u2019t great, it is a start towards limiting and containing the damages caused by factory farms on our precious environment. Their main goal for the moment is to \u201chold [the] owners accountable for their inhumane and environmentally destructive practices.\u201d (HEINZEH) \nThe deterioration of our environment in this new coming century should be a concern for the world especially since it is met with dozens of new threats created by man as we advance in technology, factory farming being one of them. The real reason behind factory farming is the world\u2019s demand for fast food. The chain reaction caused by this demand spawned industries such as Tyson Chicken, Purdue cages, and KFC, which in fact played off each other. Factory farming has grown to such heights that the waste produced can no longer be disposed of properly causing pollution and leakages into the environment which destroys it through the chemicals contained in the waste. We as humans consume the negatively impacted products in the environment which harm us. This long process of events goes to show the negative impact factory farming holds on not only on us but more specifically ecosystems in the environment. Is the fast food then worth it if the method of attaining it through factory faming destroys the only planet we possess?\n\n\n\n\n\n\n\n\n\n\n\nBibliography:\n\"Farm Sanctuary.\" Farm Sanctuary. N.p., n.d. Web. 20 Nov. 2015.\t. \n\"Fast Food: Live Fast, Eat Fast, Die Young.\" Fast Food: Live Fast, Eat Fast, Die Young. N.p., n.d.\tWeb. 20 Nov. 2015. . \nFoer, Safran. \"Against Meat.\" They Say I Say. New York: Norton, 2015. 448-461. Print.\nHEINZEN, TARAH, and ABEL RUSS. \"Using Emerging Pollution Tracking Methods To Address The\tDownstream Impacts Of Factory Farm Animal Welfare Abuse.\" Pace Environmental Law\tReview\t31.2 (2014): 475-499. Index to Legal Periodicals & Books Full Text (H.W. Wilson).\tWeb. 20 Nov.\t2015.\nPollan, Michael. \" Escape from the Western Diet.\" They Say I Say. New York: Norton, 2015. 420\t427. Print.\n"}, "word_count": 1734, "site_id": 32, "category_id": null, "donor_id": null, "status": "active-indexed", "created_at": "2015-12-09T20:27:31.000Z", "source_title": "Argumentative Essay : Argumentative Synthesis", "page_count": 7, "meta_data": {"document_uri": "/essay/Argumentative-Essay-Argumentative-Synthesis-FKE29VV3RZ3Q"}}}}