{"essay_id": "PKB7734JF9LX", "essay_category": "Argumentative Essay", "essay_title": "Argumentative Essay : The Entitlement Issue", "word_count": 1925, "submitted": "Apr 29th, 2016", "page_count": "8 Pages", "essay_url": "https://www.bartleby.com/essay/Argumentative-Essay-The-Entitlement-Issue-PKB7734JF9LX", "document": {"meta": {"statusCode": 200, "limit": 25, "page": 1}, "data": {"id": 3399154, "document_id": "PKB7734JF9LX", "title": "Argumentative Essay : The Entitlement Issue", "document_text": {"body": "Argumentative Essay\n\t What do you think? Is it or is it not incredible that society hires congressmen to work for us, yet, these employees of the people believe themselves entitled to exempt themselves from laws they pass for their constituents? Social Security is perfectly fine for us; but not for them. Congress; the only job in America that entitles the employee to a lifetime pension equal to their salary coupled with lifetime retirement healthcare benefits that you can\u2019t find on an Obamacare exchange. When did being a servant of the people with a defined term of service become a lifetime entitlement? I thought the lifetime entitlement issue was settled on paper in 1776 with the Declaration of Independence. Can being a Congressman qualify as a full-time job? What exactly justifies their escape from accountability and why are term limits viewed with disdain by our political elite? What is unreasonable or unfair about the concept of term limits? Term limits have been a topic of keen discussion and lethargic movement within the legislative branch since the inception of federalism. Since the 1682 Pennsylvania Charter of Liberties, the concept of formal term limits has existed in the United States. Constraints concerning term limitations for holders of public office are applied to practically none of our elected officials. Today, it is common knowledge that if you\u2019re a senator who hasn\u2019t amassed more than twenty years of office, served as a Committee Chair, or party whip; you are small potatoes and probably a member of the minority party. If a senator commits a crime; they always seem to find an outlet in which to extricate themselves from criminal liability, managing to slither quietly out of the public\u2019s ever distracted eyes. The generational abuse of funds by elected officials and the tendency for those with wealth and / or power to have a direct influence on the political spectrum should be a lesson learned for the citizenry dedicated to the principles or representative government. It simply is not honorable for the U.S. population to struggle under the yoke of system with inadequate constraints to prevent the imposition of an oligarchy of party elites. Therefore, the United States Congress should impose term limits for elected officials to prevent the abuse of funds, power, and the creation and maintenance of an elite body politic or ruling class; thereby, preserving fundamental representative government of the people, by the people, and for the people.\n\tMark Shields, an American political columnist and commenter on PBS News Hour made the following statement; \u201cBig money buys access in Washington, and access purchases influence. It is that simple. The political elite have basically been given a green light, a further green light, after Citizens United, to the biggest money; in effect buying them the largest voice in American politics and the power to silence the voice of ordinary sentiment\u201d (CITE 1    )  In 2015, a poll conducted by the New York Times showed that 84 percent of Americans believe money has too much influence on campaigns (CITE 2).  Incumbents often are in a position to get money from investors and special interest groups who can provide them with power or access to power. As a result, congressmen become too influential which makes for a difficult and unleveled playing field. Incumbents have an advantage when it comes to fundraising for elections as millionaires are already in the system. Imposing term limits to prevent the abuse of funds and power would remove lobbyists from being a primary influence of legislation. When money and power is driving organizational and other special interests, congressmen become remote and far removed from the realities of their actions as well as their constituent\u2019s welfare. Term limits will foster an environment of transparency thereby eliminating shady relationships between the members of Congress, lobbyists, and special interest groups (political action committees) which buy and sell influence within the halls of the US Congress as if it were a commodity. Furthermore, the restructuring of terms of service coupled with an overhaul of congressional compensation will eliminate the tremendous disparity currently enjoyed by the political elite. For the people to enjoy real representation, real people, qualified to handle the people\u2019s business in an ethical and professional manner must not shut out of the legislative service solely on the basis of their personal financial statement. \n\tReal life examples exist and clearly demonstrate the realities of funds abuse within the federal legislative branch. The Loyola of Los Angeles Law Review, The Heritage Foundation, The Daily Caller, U.S. Term Limits (USTL), and The William and Flora Hewlett Foundation have all explored the realities of the incompetency and misuse of taxpayer funding resulting in an unleveled playing field for new candidates, due to lack of constraints pertaining to term limits (CITE).  For example, in May of 1970, California Congressman George E. Brown, Jr., was nearing the end of electioneering as the State of California Democratic Party\u2019s prime nominee for U.S. Senate. In Brown\u2019s effort to become the next Senator from the State of California, he exploited Congressional franking privileges to defray the costs of circulating over 300,000 brochures and services performed by a public relations firm in coordinating his senatorial campaign (cite). By utilizing congressional franking, Brown\u2019s brochures were distributed throughout California, free of charge, smoke screened as correspondence or official business.  Although the topic of the brochure was centralized on problems facing an earlier environmental questionnaire; it illustrated photographic poses of Brown presenting his viewpoints on topics unassociated to the questionnaire. Demands were made to inhibit Brown from employing his franking privilege for distribution expenses associated with established advertisements or campaign brochures; recognizing the action as an abuse of funds.  A decisive fundamental ruling was made classifying Brown\u2019s use of franking privileges as an unethical edge over external government opponents. Brown\u2019s malpractice ruling was seen as a pivotal moment in the protection of public affairs. Although public fund exploitation was subdued on this occasion, the root of the issue inhabits federal law, furnishing opportunities for other campaign misconduct (cite).  \t\n\tAs previously referenced, the preceding records related to Senator Brown\u2019s misuse of congressional franking privilege remain but one example of legislative abuse manifested in the form of a financial liability to taxpayers. Brown\u2019s exploitive behavior through his use of congressional privilege for personal gain is a shadow of a much larger mountain, not to be mistaken for Mt. Rushmore. Franking provides incumbents with subsidized postage compared to challengers who must raise external funds by public donation. This creates an unfair financial advantage in favor of incumbents. Forthwith, term limits are imperative to acclimate our representative branch of government, due to the unethical advantages existent per various electoral studies. In case, the candidate holding the superior sum of resources correspondingly wins the voter majority, therefore leaving term limits as little more than a talking point aimed at the nodding heads of the constituents.  \n\tSome voters are against term limits due to the idea that citizens should have the right to re-elect politicians. This fails to address the statistical likelihood of the incumbent maintaining the biggest funding war chest and that the elections are typically won by those campaigns with the most financial resources. To ensure successful re-election, career politicians often form a powerful cycle of insiders, kept loyal by rewards and threats from the other insiders. Assignments are often determined not by merit or expertise; but by the elite inside class. Is it any wonder that American voter mistrust of politicians is at an all-time high? The inequality is obvious. This is not about class warfare; rather, the broken system. Wealthy interests decide which politician to give money to and there is little that can be done to change this if term limitation is ignored. \n\tFormer U.S. Sen. Ted Kaufman stated, \u201cI am against term limits because the federal government is incredibly complicated. The real work in both houses of Congress is done in committees, and there\u2019s a reason why seniority has always been important in them.\u201d While this may be true, seniority and an overcomplicated law code are byproducts of our lack of term limits. While allowing voters the option of re-electing a candidate isn\u2019t an issue; it does allow for re-elected congressional incumbents to utilize taxpayer money towards their campaigns, and 90 percent of congressional races the candidate with the most money wins. The issues we face with term limits are valid with the root of these issues lying simply with the financial motivation of our congressional members seeking to form long-term careers in politics along with the benefits.  A small body of congressional staffers offer volunteer work during campaign seasons, since they\u2019re campaigning for maintaining their jobs. On taxpayer time, these political aides perform a plethora of jobs irrelevant to legislation but intimately related to reelection, such as seeking media recognition and providing aid for constituents.\n\tIf the nature of their jobs justify not imposing term limits, then who else should have exemptions from termination built into their job description? Shouldn\u2019t we apply this concept universally across the spectrum for all careers? What makes them special? Does this mean that if there are other positions dealing with a requisite level of complexity, they should be exempt from the same things? Why do congressmen make arguments defending bills in the name of eradicating inequalities while they consistently fail to lead by example? Why not walk the talk? Congressional term limits could be the initial reform necessary to move class inequalities to the public forefront. This would be a strong step towards decreasing the abuse of funds, power, and the unequal access to power now enjoyed exclusively by the politically elite ruling class. The Republic has reached a tipping point where the decision must be made as to what is of greater importance to the nation: preventing abuse and criminal acts against society or pork projects? \n\tPresident Abraham Lincoln\u2019s formal comments within the \u201cGettysburg Address\u201d allude to the need to preserve government of the people, by the people, and for the people. Although the President\u2019s actions to preserve federal tax revenues through the enforcement of tariffs that largely benefited northern states at the expense of southern states fail to substantiate his sentiment; perhaps several years of national conflict provided the impetus for a change of thought. His statements seem quite contradictory when we look at government today. When we look at this statement; of the people, we can assume that this means a government that works for everyone, for the people; not corporations or lobbyists with the most money. The other part of the statement; by the people; we can assume that this is made up of the people, not the elite class that is perpetuated by money and power, like some special royalty class. For the people; means the purpose of our government is to benefit society, not to run the government to benefit a motive of a certain corporate or small wealthy class at the expense of everyone else. Clearly our government is being run by/for a small class of economic elites as a result of the abuse of funds and power that has been perpetuated.   Government should be for the purpose of the people, not the wealthy few. This should be manifested in the existence of equal opportunities. This is not happening; the governmental system is a stacked deck dedicated to the preservation of power for the few, giftwrapped as freedom for the consumption of the ever splintering public constituency. Term limits are first step towards restoring the fundamental principles of representative government in America. Let\u2019s give it a shot.\n"}, "word_count": 1925, "site_id": 32, "category_id": null, "donor_id": null, "status": "active-indexed", "created_at": "2016-04-29T00:45:19.000Z", "source_title": "Argumentative Essay : The Entitlement Issue", "page_count": 8, "meta_data": {"document_uri": "/essay/Argumentative-Essay-The-Entitlement-Issue-PKB7734JF9LX"}}}}