{"essay_id": "FK69XFT3RZ3Q", "essay_category": "Argumentative Essay", "essay_title": "Argumentative Writing : Persuasive And Persuasive", "word_count": 896, "submitted": "Apr 26th, 2015", "page_count": "4 Pages", "essay_url": "https://www.bartleby.com/essay/Argumentative-Writing-Persuasive-And-Persuasive-FK69XFT3RZ3Q", "document": {"meta": {"statusCode": 200, "limit": 25, "page": 1}, "data": {"id": 5459086, "document_id": "FK69XFT3RZ3Q", "title": "Argumentative Writing : Persuasive And Persuasive", "document_text": {"body": "\tArgumentative and persuasive witting are sometimes hard to distinguish from one another. The goal of persuasion writing is to conquer or win over your audience while the goal of argumentative writing is to \u201cconvince by demonstrating the truth\u201d (Barnet; Bedau, pg.71). Argumentative writing is defined as \u201ca genre of writing that requires the student to investigate a topic; collect, generate, and evaluate evidence; and establish a position on the topic in a concise manner.\u201d There are many different literary components that contribute to a strong argumentative writing. Good argumentative writing must include strong evidential support, it must actually make a claim that can be argued or refuted, and the author must be able to effectively identify their audience.\nEvidential support is a vital component in constructing impressive argumentative writing. It \u201crelies on reason [and] it offers statements as reasons for other statements\u201d (Barnet; Bedau, pg.71). In argumentative writing making a point is not just enough, you must also have some form of reasoning to support your claim. Argumentative writing requires \u201cwell-researched, accurate, detailed, and current information to support the thesis statement and consider other points of view\u201d according to Purdue University Online Writing Lab. Providing evidence to support your claim creates a logical appeal and gives cognitive clarity to your statements. Providing reasoning behind your assertions is what separates argument from mere persuasion. There are several different type ways to present evidence. Experimentation, example, real events, statistic, authoritative testimony, analogy, and invented instances are just a few. These methods of providing evidence allow you to convince your audience by providing the truth or probable truth of the assertions being made in defense of your position. Providing evidence is not just enough, you must also provide analysis for the evidence used to argue your point. Once you have presented the evidence for your argument you must explain how it relates to your viewpoints and how it validates your position. The implantation and accuracy of the evidence used to argue your position is a key defining factor in the quality of your argument.\nIn addition to providing evidence to support your position, you should also demonstrate that you have considered both sides of your issue before choosing a position. This can be proven by developing a counterargument. Counterarguments illustrate your authority and understanding of the issue by examining all possible viewpoint even those that disagree with yours. By taking the opinions of someone who disagrees with you into consideration, you demonstrate to your audience that you devoted much time and effort into you research. Utilizing counterarguments disposes any uncertainty or reasons your audience may have for not accepting your argument. Counterarguments are generated by considering how someone who holds an opposing position can or would respond to the assertions made in your writing. Your writing should present both sides of your issue with an assessment of each, but effective counterarguments don\u2019t stop there. In the planning stages of your writing you should not only consider strong arguments from the opposing side, but you should also consider ways to refute those arguments. Your writing should show consideration for both sides of the issue, but ultimately the opposing viewpoints should be negated and dismissed with evidential support to upsurge the authority of your position.\nAfter you have examined both sides of the issue, chosen a stance, and completed the necessary research to support your position, you should identify your audience. Identifying your audience allows you to effectively organized and cater your argument in a way that is appealing to them. Understanding your audience will help you determine which rhetorical appeal or literary tool will be the most beneficial in swaying the opinions of your readers. Once you have identified your audience, creating a catered message for your audience starts with you considering their wants and needs and how you as a writer can meet them. This can be done by asking yourself what does your audience value? What is most important to them? What is least important to them? From the answers to those questions, you can then decide how you need to present your argument. Audience identification can reveal to you the best method for appealing to them. For example, the educational level of your audience can determine whether or not your position should be support with a strong logical appeal with lots of physical evidence, statistical data, or the testimonies of experts. A more religious based or morally justified audience may require a pathos appeal which shows your audience that they can identify with your position. Though there are many components that go into constructing a catered message such as the complexity of sensitivity of the issue, understanding your audience is a significant step.\nArgumentative writing is a staple tool in the broader act of persuasion. Impressive argumentative writing is achieved when the points being made in support of your position are backed with evidential support to appeal to the reader\u2019s sense of audience. Another key tool that transcends argumentative writing to an exceptional level is this presentation of viewpoints from both sides to assert your knowledge of the issue and rid any possible claims of bias. The final component to creating pleasant argumentative writing is to identify and understand who you are writing for and what they are seeking from your insight on the issue which will help you formulate a message catered specifically from your audience. \n\u2003\n"}, "word_count": 896, "site_id": 32, "category_id": null, "donor_id": null, "status": "active-indexed", "created_at": "2015-04-26T18:53:57.000Z", "source_title": "Argumentative Writing : Persuasive And Persuasive", "page_count": 4, "meta_data": {"document_uri": "/essay/Argumentative-Writing-Persuasive-And-Persuasive-FK69XFT3RZ3Q"}}}}