{"essay_id": "F3TN2YS8C38Q", "essay_category": "Argumentative Essay", "essay_title": "Argumentative Essay Format", "word_count": 788, "submitted": "Mar 26th, 2013", "page_count": "4 Pages", "essay_url": "https://www.bartleby.com/essay/Argumentative-Essay-Format-F3TN2YS8C38Q", "document": {"meta": {"statusCode": 200, "limit": 25, "page": 1}, "data": {"id": 6148355, "document_id": "F3TN2YS8C38Q", "title": "Argumentative Essay Format", "document_text": {"body": "Title: ARGUMENTATIVE ESSAY FORMAT\r\nIntro:  \r\nPURPOSE: To set up and state one\u2019s claim \r\nOPTIONAL ELEMENTS Make your introductory paragraph interesting. How can you draw your readers in? \r\nWhat background information, if any, do we need to know in order to understand your claim? If you don\u2019t follow this paragraph with a background information paragraph, please insert that info here. \r\n\r\nREQUIRED ELEMENTS \r\n\uf0a7 If you\u2019re arguing about a literary work\u2014state author + title \r\n\uf0a7 If you\u2019re arguing about an issue or theory \u2013 provide brief explanation or your of issue/theory. \r\n\uf0a7 If you\u2019re arguing about a film\u2014state director, year + title \r\n\uf0a7 STATE your claim at the end of your introductory paragraph \r\n\r\nBACKGROUND PARAGRAPH \r\no 1-2 paragraphs tops; Optional (can omit for some papers). Also, sometimes this info is incorporated into the introduction paragraph (see above). \r\no PURPOSE: Lays the foundation for proving your argument. \r\no Will often include: \r\n\uf0a7 Summary of works being discussed \r\n\uf0a7 Definition of key terms \r\n\uf0a7 Explanation of key theories \r\n\r\nSUPPORTING EVIDENCE PARAGRAPH #1 \r\no PURPOSE: To prove your argument. Usually is one paragraph but it can be longer. \r\no Topic Sentence: What is one item, fact, detail, or example you can tell your readers that will help them better understand your claim/paper topic? Your answer should be the topic sentence for this paragraph. \r\no Explain Topic Sentence: Do you need to explain your topic sentence? If so, do so here. \r\no Introduce Evidence: Introduce your evidence either in a few words (As Dr. Brown states \u2015\u2026\u2016) or in a full sentence (\u2015To understand this issue we first need to look at statistics). \r\no State Evidence: What supporting evidence (reasons, examples, facts, statistics, and/or quotations) can you include to prove/support/explain your topic sentence? \r\no Explain Evidence: How should we read or interpret the evidence you are providing us? How does this evidence prove the point you are trying to make in this paragraph? Can be opinion based and is often at least 1-3 sentences. \r\no Concluding Sentence: End your paragraph with a concluding sentence that reasserts how the topic sentence of this paragraph helps up better understand and/or prove your paper\u2019s overall claim. \r\n\r\nSUPPORTING EVIDENCE PARAGRAPH #2, 3, 4 etc. \r\no Repeat above \r\n\r\n\uf0a7 COUNTERARGUMENT PARAGRAPH \r\no PURPOSE: To anticipate your reader\u2019s objections; make yourself sound more objective and reasonable. \r\no Optional; usually 1-2 paragraphs tops \r\no What possible argument might your reader pose against your argument and/or some aspect of your reasoning? Insert one or more of those arguments here and refute them. \r\no End paragraph with a concluding sentence that reasserts your paper\u2019s claim as a whole. \r\n\r\n\uf0a7 CONCLUSION PART 1: SUM UP PARAGRAPH \r\no PURPOSE: Remind readers of your argument and supporting evidence \r\no Conclusion you were most likely taught to write in High School \r\n\r\nCONCLUSION PART 2: YOUR \u201cSO WHAT\u201d PARAGRAPH \r\no PURPOSE: To illustrate to your instructor that you have thought critically and analytically about this issue. \r\n\r\no Your conclusion should not simply restate your intro paragraph. If your conclusion says almost the exact same thing as your introduction, it may indicate that you have not done enough critical thinking during the course of your essay (since you ended up right where you started). \r\n\r\no Your conclusion should tell us why we should care about your paper. What is the significance of your claim? Why is it important to you as the writer or to me as the reader? What information should you or I take away from this? \r\n\r\no Your conclusion should create a sense of movement to a more complex understanding of the subject of your paper. By the end of your essay, you should have worked through your ideas enough so that your reader understands what you have argued and is ready to hear the larger point (i.e. the \"so what\") you want to make about your topic. \r\n\r\no Your conclusion should serve as the climax of your paper. So, save your strongest analytical points for the end of your essay, and use them to drive your conclusion \r\n\r\no Vivid, concrete language is as important in a conclusion as it is elsewhere--perhaps more essential, since the conclusion determines the reader's final impression of your essay. Do not leave them with the impression that your argument was vague or unsure. \r\n\r\no WARNING: It's fine to introduce new information or quotations in your conclusions, as long as the new points grow from your argument. New points might be more general, answering the \"so what\" question; they might be quite specific. Just avoid making new claims that need lots of additional support. \r\n\r\nOUTLINE WORKSHOP \r\nINTRODUCTION \r\nBACKGROUND \r\nSUPPORTING EVIDENCE #1 \r\nSUPPORTING EVIDENCE #2 \r\nSUPPORTING EVIDENCE #3 \r\nCOUNTERARGUMENT \r\nSUM UP CONCLUSION \r\n\uf0a7 Sum up claim + supporting evidence statements \r\nSO WHAT CONCLUSION"}, "word_count": 788, "site_id": 1, "category_id": null, "donor_id": null, "status": "active-indexed", "created_at": "2013-03-26T09:46:32.000Z", "source_title": "Argumentative Essay Format", "page_count": 4, "meta_data": {"document_uri": "/essay/Argumentative-Essay-Format-F3TN2YS8C38Q"}}}}