{"essay_id": "P3QVNZECF9LX", "essay_category": "Argumentative Essay", "essay_title": "Argumentative Synthesis Of President Obama", "word_count": 1173, "submitted": "Nov 17th, 2015", "page_count": "5 Pages", "essay_url": "https://www.bartleby.com/essay/Argumentative-Synthesis-Of-President-Obama-P3QVNZECF9LX", "document": {"meta": {"statusCode": 200, "limit": 25, "page": 1}, "data": {"id": 3386452, "document_id": "P3QVNZECF9LX", "title": "Argumentative Synthesis Of President Obama", "document_text": {"body": "Gaibrielle Ruggs \n\n\nMrs. Yessick \n\n\nENG 101  \n\n\n16 November 2015 \n\n\nArgumentative Synthesis \n\n\nPresident Barack Hussein Obama was the forty fourth president elected into office in 2008 and the first United States president, under the constitution, of African descent. He has worked his way up from the Illinois State Senate to the US Senate then officially sworn in as president on January 20, 2009. Considering his background in politics, logically, he should be a responsible, trustworthy candidate for president yet that does not stand for his mentality of how to run a country.He has portrayed himself as a person of significance by supporting the same sex marriage law, preventing the unnecessary travel of oil and petroleum, and fighting for paid leave for company employees; nevertheless, he has caused grief to appear in the families of war participants. Conversely, pre presidency, Obama promised to end the war of American troops fighting in Afghanistan in the year 2014, he promised to direct revenues from oil drills to increase coastal protection, he also promised to become a person who unites the American people; however, has this so called \"president\" kept any of those promises or have they long been abandoned? As Barack Obama 's second term comes to an end, it is apparent that Obama is one of the most hypocritical presidents in American history. \n\n\nOn Friday, November 6, 2015, President Obama refused an agreement with a Canadian oil company about building the Keystone XL oil pipeline from Canadian shorelines to the Gulf of Mexico, ending a seven year long debate between two executive parties. President Obama is the first world leader to reject a project because of its effect on the climate,\u201d said Bill McKibben, founder of the activist group 350.org, \u201cThat gives him new stature as an environmental leader, and it eloquently confirms the five years and millions of hours of work that people of every kind put into this fight\u201d(Davenport). Obama 's denial of the approximately 2,000 mile pipeline, which would have carried 800,000 barrels of heavy carbon loaded petroleum. Senator Marco Rubio of Florida, who is considering a nomination for president states, \"President Obama\u2019s rejection of the Keystone XL pipeline is a huge mistake, and is the latest reminder that this administration continues to prioritize the demands of radical environmentalists over America\u2019s energy security\"(Davenport).  \n\n\nAccording to Obama, he disagrees with the State Department 's contemplation of pros and cons for this pipeline because the State Department reviews for the construction of the Keystone XL pipeline did not include the little to no impact on the production of significant jobs for the working class, lowered gasoline prices, and the reduced American dependency on foreign oil. According to Coral Davenport 's article, \"the analysis estimated that Keystone would support 42,000 temporary jobs over its two-year construction period \u2014 about 3,900 of them in construction and the rest in indirect support jobs, such as food service. The department estimated that the project would create about 35 permanent jobs.\" Consequently, the rejection of the pipeline is one of several actions Obama has taken as he pushes forward on climate change in his last year in office (Davenport). \n\n\nIn addition to Obama 's dedication to the working class, he signed an executive order stating the requirement of federal contractors providing up to one week worth of emergency ailing leave meanwhile secretly accusing Republican leaders for undercutting American employees. This is an example of his use of executive power to change the ideal American workplace. Nevertheless, the president is ignoring the fact that most employers are generally small business that cannot afford to apply that benefit. Jack Mozloom, the federation 's media director stated \"No business in America would require its suppliers and contractors to increase costs that will naturally boomerang back in the form of higher prices\" (Baker). This order was supposedly giving about three hundred workers access to the recent change regardless of the fact that they cannot use it. What is the purpose of creating an order that practically no working citizen can use? It was a good idea, but what about making it accessible? \n\n\n The White House professes the new policy will result in an increase in efficiency and cost savings by calling for one hour of leave for every thirty hours worked. I believe that this is not beneficial to any worker even if they could use it, since some people only work forty hours in one week .  In case of an emergency and a loved one is rushed to a hospital, does this mean that person could leave for half a day but only get paid for one hour? Obamas states his personal opinion, \"When you make sure everybody gets a fair shot and a fair shake, and you 're fighting for decent wages for workers, and making sure they 've got decent benefits, when you reward people who are playing by the rules \u2014 that 's how everybody does better\" (Baker). Does this policy really benefit the citizens or will it again benefit the government? According to the order, the rule is effective immediately, but also applies to contracts starting after the year 2016. \n\n\nOn the other hand, Obama 's latest war decision has personally hit thin ice. President Barack Obama halted the withdrawal of American military forces from Afghanistan and announced that the United States of America is keeping thousands of troops in a foreign country until the end of his presidency; while indefinitely prolonging a fourteen year war. Pre presidency, Obama said that they would only stay up until 2014 but now he has reneged on his word and is keeping them in foreign affairs where America does not belong in the first place (Rosenberg, Shear).That is a partial reason why America is in trillion dollars of debt because our last presidents kept intruding into others ' affairs. Before leaving office, President Obama should at least steer the U.S. back into the direction of domestic affairs and getting out of debt before going to fight someone else 's war. It seems like his decision was rapid and not quite thoroughly investigated, seeing as currently there are 10,000 troops remaining until the midway point of 2016 where it will then drop down to about 6,000 troops in early 2017.\u201cWhile America\u2019s combat mission in Afghanistan may be over, our commitment to Afghanistan and its people endures,\u201d said Mr. Obama, Vice President Joseph R. Biden Jr., and military leaders. \u201cI will not allow Afghanistan to be used as safe haven for terrorists to attack our nation again.\u201d(Rosenberg, Shear). \n\n\nAlthough President Obama shares a similar skin color to my own, that will not compensate for the difference in reason and logic. During his presidency, most citizens, especially voters, focused mostly on his ethnicity and the astonishment of a colored president without actually focusing on how that president will affect the future generation down the line. All of the past president had the same effect of changing the way the United States runs compared to other countries. Whether it be education, war, work, and environmental changes President Barrack Obama will always be a hypocritical person of society. \n\n\n \n\n\n \n"}, "word_count": 1173, "site_id": 32, "category_id": null, "donor_id": null, "status": "active-indexed", "created_at": "2015-11-17T03:51:28.000Z", "source_title": "Argumentative Synthesis Of President Obama", "page_count": 5, "meta_data": {"document_uri": "/essay/Argumentative-Synthesis-Of-President-Obama-P3QVNZECF9LX"}}}}