{"essay_id": "F336T342LMWW", "essay_category": "Argumentative Essay", "essay_title": "Argumentative Essay : Donald Trump", "word_count": 1278, "submitted": "Nov 16th, 2016", "page_count": "6 Pages", "essay_url": "https://www.bartleby.com/essay/Argumentative-Essay-Donald-Trump-F336T342LMWW", "document": {"meta": {"statusCode": 200, "limit": 25, "page": 1}, "data": {"id": 5992666, "document_id": "F336T342LMWW", "title": "Argumentative Essay : Donald Trump", "document_text": {"body": "Boone 1\nAndre Boone\nJones\nENGL 103-008\n11 Nov. 2016\n\n\nArgumentative Essay\nDonald Trump was born on June 14, 1946. He was born in Queens, New York. His father was a builder and real estate developer in Queens, Staten Island and Brooklyn. Trump was an energetic, assertive child, and his parents sent him to the New York Military Academy at age 13, hoping the discipline of the school would channel his energy in a positive manner. Trump did good at the academy both socially and academically. He became a star athlete and a great student. He then entered Fordham University and two years later transferred to the Wharton School of Finance at the University of Pennsylvania. He graduated in 1968. During his years at college, Trump secured education deferments for the Vietnam War draft and ultimately a 1-Y medical deferment after he graduated.\nTrump, as well as his father, had a career in real estate development, bringing his grander ambitions to the family business. As a student, Trump worked with his father during the summer \n\n\nBoone 2\nand then joined his father 's company, Elizabeth Trump & Son, after he graduated from college. He financed an expansion of the company 's holdings by convincing his father to be more liberal in the use of loans based on the equity in the Trump apartment complexes. However, their business was very competitive. \nIt is evident that over the years, Trump was used to being in control and wealthy. There are many things that are named after Trump that hold significant value: Trump Air, Trump Taj Mahal, Trump Tower, Trump Corporation, Trump Management Corporation, and over twenty other businesses (Wohl). While Trump is now running as one of the highest positions in office, President, his accomplishments and other actions are now beginning to spark lots of publicity and controversy. Trump is known for the treatment of his employees, his views and beliefs of certain topics and inheriting much money from his father. \nOne of the main topics that comes up when talking about Donald Trump is the way that Donald Trump treats his employees. There are many articles and interviews saying that Donald trump has never treated his employees with any respect especially if the employees are immigrants or people that are not from Caucasian descent. One of the secondary sources from USA Today states that Donald trump does not pay his employees. Edward\u2019s son, Paul, who was \nBoone 3\nthe firm\u2019s accountant, still remembers the amount of that bill more than 30 years later: $83,600.\nThe reason: the money never came. \u201cThat began the demise of the Edward J Friel Company\u2026 which has been around since my grandfather,\u201d he said. Donald Trump often portrays himself as a savior of the working class who will \"protect your job.\" But a USA TODAY NETWORK analysis found he has been involved in more than 3,500 lawsuits over the past three decades \u2014 and many those involve ordinary Americans, like the Friels, who say Trump or his companies have refused to pay them\u201d (USA Today). This is from one of the sources that talk about employees who have not been paid by Donald Trump. This employee is owed millions of dollars by Donald Trump. The article also states, \u201cTrump\u2019s companies have also been cited for 24 violations of the Fair Labor Standards Act since 2005 for failing to pay overtime or minimum wage, according to U.S. Department of Labor data\u201d (USA Today). It is clear that although he is just attempting to retrieve a seat in office that he has been neglecting his workers and this shows the character of Donald Trump. \nIn an article titled Engagement in Outpatient Substance Abuse Treatment and Employment Outcomes, it is shown that employees do better when they are treated fairly in the workplace (Dunigan). We see in Trump\u2019s advertisement of his campaign that he has been exploited several \nBoone 4\ntimes. His wife conducted a speech in which she was ridiculed for stealing Michelle Obama\u2019s message word for word. Melania Trump is not responsible for crafting her own speeches, however, we know that Trump\u2019s team was the reason for this huge pitfall. This plagiarism sparked publicity. It is clear that if Trump treated his team with more respect, than they would not have set his wife up for complete failure and humiliation. \nAnother big topic that comes up when talking about Donald Trump is many of his views and beliefs. Many people disagree with his views and beliefs and many of the things that he stands for because they only suit the rich, white, Caucasian man. They don\u2019t stand for anyone else, and they are most of the time against what other races stand for or believe in. Donald Trump holds these beliefs close to him and stands by them and runs his life based on. So, this is what people think of him, and when they think of him this is what people see. One of the sources shows all of Donald Trump\u2019s views on the issues that go on in the world. It shows his views and how he feels about most of the controversial topics. This source is ontheissues.com. Another source shows Donald Trump 's\u2019 views on Mexico and why many people don\u2019t agree with what he says. \u201cWork with Congress to fully repeal the defense sequester and submit a new budget to \n\n\nBoone 5\nrebuild our depleted military. Increase the size of the U.S. Army to 540,000 active duty soldiers, which the Army Chief of Staff says he needs to execute current missions. Rebuild the U.S. Navy toward a goal of 350 ships, as the bipartisan National Defense Panel has recommended. Provide the U.S. Air Force with the 1,200-fighter aircraft they need. Grow the U.S. Marine Corps to 36 battalions. Invest in a serious missile defense system to meet growing threats by modernizing our Navy 's cruisers and procuring additional, modern destroyers to counter the ballistic missile threat from Iran and North Korea. Emphasize cyber warfare and require a comprehensive review from the Joint Chiefs of Staff and all relevant federal agencies to identify our cyber vulnerabilities and to protect all vital infrastructure and to create a state-of-the-art cyber defense and offense. Pay for this necessary rebuilding of our national defense by conducting a full audit of the Pentagon, eliminating incorrect payments, reducing duplicative bureaucracy, collecting unpaid taxes, and ending unwanted and unauthorized federal programs.\u201d This shows his view on Mexico and how he wants to build a wall against them. When almost a third of the American population is built up of people of the Mexican descent. His beliefs like this are what makes people turn against him or not stand beside him. \nThroughout this we see many different things about Donald Trump. We see a lot on his views and beliefs and a lot on why he treats people the way that he does. We get an inside look \nBoone 6\non his life and his views on people and why people are either against him and for him. The threads that were discussed talked about Trump\u2019s views on Mexicans and what he says about keeping them out, and also how Trump treats his employees. The way that he advertises his brand is completely different from what his views express. He advertises that he is a completely different person. From this lit review I have learned what Trump is really about. How he views other people and what he does for other people. A possible argument for this is that Donald Trump advertises something that he\u2019s not. He advertises that he treats his employees a certain way and he that is not always the truth. \n\n\n\n\n\n\n\n"}, "word_count": 1278, "site_id": 32, "category_id": null, "donor_id": null, "status": "active-indexed", "created_at": "2016-11-16T00:49:44.000Z", "source_title": "Argumentative Essay : Donald Trump", "page_count": 6, "meta_data": {"document_uri": "/essay/Argumentative-Essay-Donald-Trump-F336T342LMWW"}}}}