{"essay_id": "P38RE3JVC", "essay_category": "Argumentative Essay", "essay_title": "Argumentative Gun Control Essay", "word_count": 1422, "submitted": "Apr 29th, 2011", "page_count": "6 Pages", "essay_url": "https://www.bartleby.com/essay/Argumentative-Gun-Control-P38RE3JVC", "document": {"meta": {"statusCode": 200, "limit": 25, "page": 1}, "data": {"id": 747761, "document_id": "P38RE3JVC", "title": "Argumentative Gun Control Essay", "document_text": {"body": "Argumentative Gun Control Paper \r\n\tThe issue of Gun Control has been on the minds of humans for hundreds of years.  How do we protect ourselves and our loved ones?  How do we keep such a dangerous weapon out of the hands of the wrong person?  Inside the Second Amendment we are granted the right to Bear Arms.  Having that amendment gives each person the ability to carry a weapon if they choose, so how can we control who should or shouldn\u2019t carry?\r\n\tAccording to an article evaluated from Kovandizic and Marvell, each year in America we can see the most violent crimes have been committed using firearms.  \u201cIn 2000 firearms were involved in 66% of homicides, 26% of robberies, 6% of aggravated assaults, and 8% of all violent crime victims faced attackers who were armed with a firearm.\u201d  (Cited: ProQuest, Right to carry article.)  One could assume that with such high statistics, guns being in the wrong hands have led to high levels of violent crimes.  There have been many reviews and studies assessing gun control effectiveness, however, they have provided little support that gun control laws reduce gun availability, or  lower violence rates.  \r\n\t\r\n\r\nSome would say that the Regulation of guns is a necessary action that needs to be taken in order to save lives.  A good definition of gun control is needed to understand the sides and issues.  Gun control is an effort to stop the rise in violent crime by strengthening laws on the ownership of firearms.  Persons in the group against gun control believe that gun control is wrong, and that it is a violation of constitutional rights. Those in favor of gun control believe that gun control is good, that the Second Amendment does not apply to regular citizens, and that guns should be taken out of the hands of criminals.  \r\nIn America we have many rights; we also have many groups to look to for support.  Having these rights allow us to choose our path in which one believes, such as the two major groups that are anti-gun control.  These groups include the National Rifle Association (NRA), and the Gun Owners of America (GOA).  The NRA believes strongly in the Second Amendment, and believes that every law-abiding citizen is entitled to ownership and legal use of firearms.  This group has very strong ties with many members of legislation; it also has many lobbyists and supporters in our government.  Among the many members of congress, former presidents George Bush and Ronald Reagan were and are members of the NRA.  One of the NRA\u2019s most noticeable acts happened a few years ago, they tried to repeal the ban on assault weapons.\r\n\r\n\tThe second group mentioned was the Gun Owners of America.   The Gun Owners of America is another group that is against gun control.  The GOA preserves and defends the rights of gun owners through legislation.  They publish books, articles, and videos on gun issues and how those issues affect people.  They also conduct seminars for the press and Congress about issues on the Second Amendment, and gun issues.  The GOA opposes bans on semiautomatic weapons, armor piercing ammunition, and handguns.\r\nYou know a little about two major groups for gun control, now let\u2019s take a look at a couple groups that are pro-gun control.  The major group for gun control is Handgun Control, Inc. (HCI), which is headed by Sarah Brady.  Mrs. Brady is the wife of James Brady, who was shot during an attempt on President Reagan's life in 1981.  Another major group is the Coalition to Stop Gun Violence (CSGV), which was formerly known as the National Coalition to Ban Handguns.  The CSGV believes that handguns should be outlawed completely, with a few exceptions, such as the military, police and sportsmen who keep their guns locked up together in a gun club.\r\n\r\nSome accomplishments of HCI are: laws prohibiting the interstate sale of handguns, and laws prohibiting the sale of \"assault weapons.\"  The main goal of this organization was to pass the Brady Bill.  Some of its other goals are to ban multiple sales of handguns, to create gun-free zones around all of the schools, and to establish control over who can manufacture and sell weapons.  HCI is working very hard to achieve these goals.   The CSGV is dedicated to the total removal of guns from the hands of citizens, with a few exceptions.  The CSGV is trying very hard to put gun banning legislation in the law.  They believe that if there are fewer guns out on the streets, then there will be fewer gun crimes committed.\r\nRecognizing the huge issue of gun control, and trying to keep them out of the hands of the wrong person, our government has put in place several bills in the past 10 years, to try and get a handle on this issue.  Here are just a few different bills passed:\r\n   1) First, there was the Gun Control Act of 1986, which banned all fully-automatic weapons from the hands of citizens. \r\n   2) Then in 1988 there was the Brady Bill, which made a seven-day waiting period mandatory for all handgun purposes, this law passed the House of Representatives in 1991, but part of it was ruled unconstitutional in 1994.\r\n   3) Most recently there was the ban on assault weapons, which bans the sale and manufacture of what the government considers assault weapons.\r\nYet still with all of these groups out there, and all the laws in place to prevent guns being in the wrong hands, we still have such a huge crime rate, and in many larger cities we have major gang issues.  I would bet a million dollars to a penny, that not many have a permit to carry, if any do at all.  There are so many different ways through the \u201cBlack Market\u201d to get weapons.  Guns have been easily accessible since they were first made, you couldn\u2019t walk through the streets in the \u201cWild West\u201d without seeing one strapped on everyone.  If you weren\u2019t carrying, then you had one sitting right next to your entrance of your home.  \r\nSo through the last few hundred years, you could get a gun just about anywhere, and for the most part you were free to use it to protect yourself, your property, or your family.  Why is this still not acceptable?  I feel because people take our freedom, our privacy and do with it as they wish.  Our society as a whole is scared to take a firm stance on controlling this major problem.  How many more years are we going to have to endure, watching our children being killed?  How many more lives will have to be taken before we fight harder to rip these dangerous weapons out of the harmful hands killing our friends, family, and people we don\u2019t even know?\r\nI truly feel both sides of the fence have a right to chase after their rights given to us, but where do we draw the line?  I think that the pro-gun control groups have the right idea, they may not have the strongest case but when you take the gun away, you will at least for a small period of time save a few lives in doing so.\r\nIn one last attempt to tighten my argument up, here is one last statistic to leave you with.  \u201cIn 1988, handguns killed 7 people in Great Britain, 19 in Sweden, 53 in Switzerland, 25 in Israel, 13 in Australia, 8 in Canada, and in the United States, 8,915 people were killed.\u201d  (Cited: Handgun Control, Inc.)  In these other countries there control is much stronger; couldn\u2019t we learn something from them?\r\n\r\nReference Page:\r\n\r\nhttp://www.freerepublic.com/focus/f-news/1106996/posts\r\nTomislav V Kovandzic, &amp; Thomas B Marvell. (2003). Right-to-carry concealed handguns and violent crime: Crime control through gun decontrol?*. Criminology &amp; Public Policy, 2(3), 363-396.  Retrieved February 21, 2011, from Research Library. (Document ID: 408587501). \r\nBard R Ferrall.  (2002). Can Gun Control Work? [review of the ***[insert medium being reviewed]*** ***[insert title of work reviewed in italics]***]. Journal of Criminal Law &amp; Criminology, 93(1), 304-305.  Retrieved February 21, 2011, from Research Library. (Document ID: 356633251). \r\n\tBard R Ferrall.  (2001). Gun Violence in America: The Struggle for Control [review of the ***[insert medium being reviewed]*** ***[insert title of work reviewed in italics]***]. Journal of Criminal Law &amp; Criminology, 92(1/2), 430-431.  Retrieved February 21, 2011, from Research Library. (Document ID: 122690991)."}, "word_count": 1422, "site_id": 1, "category_id": null, "donor_id": 980751, "status": "active-indexed", "created_at": "2011-04-29T17:41:01.000Z", "source_title": "Argumentative Gun Control", "page_count": 6, "meta_data": {"document_uri": "/essay/Argumentative-Gun-Control-P38RE3JVC"}}}}