{"essay_id": "F3LXSKTGXZQ", "essay_category": "Argumentative Essay", "essay_title": "Argumentative Essay : Pointless Argument", "word_count": 912, "submitted": "Aug 8th, 2014", "page_count": "4 Pages", "essay_url": "https://www.bartleby.com/essay/Argumentative-Essay-Pointless-Argument-F3LXSKTGXZQ", "document": {"meta": {"statusCode": 200, "limit": 25, "page": 1}, "data": {"id": 5640443, "document_id": "F3LXSKTGXZQ", "title": "Argumentative Essay : Pointless Argument", "document_text": {"body": "Argumentative Essays: The Pointless Argument\n\tHer baggy eyes struggle to stay open as she types each dreaded letter. She has not slept and the sun comes out to tell her that she cannot anyways. Class starts in an hour and her morning routine takes half of that time that she should use to finish her work. It takes her ten minutes to walk to class but she is running on no sleep; she needs twenty minutes to make it there on time. That gives her ten minutes to complete her argumentative essay for College Writing, enough time to pull all of her ideas together. However, she slowly gives up, and while rubbing her eyes and closing her laptop, she thinks to herself, \u201cWhat\u2019s the point?\u201d\n\tTeachers and professors who cannot find better things to assign have assigned argumentative essays for years. These essays are not only a nuisance, but also useless. The assigning of this essay is pointless and may actually harm the student more than help him. The increase in stress and the decrease in sleep hours and food consumed are greater than the increase in knowledge one can gain from writing an argumentative essay. Argumentative essays are paragraphs pulled together by students trying to pull themselves together. To write an argumentative essay, one must gather evidence and present an organized argument over a debatable topic, making sure to argue his side more. How can one do so when the point of doing the essay is debatable itself? Professors and teachers should not assign argumentative essays because they are a nuisance, a cause of stress, and do not teach a student as much as other writing assignments.\nThe argumentative essay is a waste of time. Usually, teachers assign these essays about a week before the due date. That gives the student approximately one day to brainstorm topics, one day to choose a set topic, two days to research, two days to write and one day to revise. Of these seven days, students often spend the first six days doing what they should have done on the first: brainstorming. The seventh day is the most progressive, leaving the first six to be a waste of time and a waste of energy spent thinking about the essay yet doing nothing about it. Fellow COP students, Kona\u2019aimaheakauanoeanuheahanako Keanini-White, Kenneth Neo, and Jonalyn Kiko, also agree that \u201cargumentative essays are a waste of [their] time.\u201d They and other students find themselves sitting and staring at a blank word document more than actually typing onto it. Many students also think that a week wasted trying to type out this dreadful essay could be spent doing something better. \nWriting an argumentative essay causes the student stress. Homework itself puts a lot of stress on a student, so assigning an argumentative essay adds to the stress already put on the student. Many scientists and psychiatrist look further into just how much stress homework puts on a student and the results are strong. \u201cResearch showed that excessive homework is associated with high stress levels, physical health problems, and lack of balance in children 's lives\u201d (Enayati). Giving students this type of assignment is giving them more stress. \nStudents would choose to do a research paper, rather than an argumentative essay. A research paper pushes a student to learn more about a certain topic. It does not force one to argue it either. The student is able to choose a topic that they are interested in and do not have to make it debatable. There are tons of other assignments that a student prefers to do instead of an argumentative essay.\nThe argumentative essay is a good way to expand the student\u2019s thinking. It offers them a chance to explain their thoughts on a topic that they choose. It teaches them how to argue in the form of writing. \u201cTeachers of younger secondary students need to break away from the traditional research paper and turn to alternatives [such as an argumentative essay] to engage students in the process while teaching research skills\u201d (NWP). This type of assignment allows a student to look further into a topic and get involved in the current events that relate to it.\nThe argumentative essay is pointless if a student does not want to write it. They will not learn anything if they cannot find a topic they want to write about. It is not in their natural nature to want to argue with themselves for a writing assignment. A student will not be bored of a research paper because of the fact that it is a traditional writing assignment. Though it is homework, as an argumentative would be as well, the student is comfortable enough with the requirements to finish the paper. Teachers and professors should not assign students an argumentative essay. \n\tStudents do not want to write argumentative essays. They do not necessarily want to write other things such as a research paper but would rather do those instead. Homework in general has the potential to cause a student stress but the argumentative essay causes a lot more. Teachers and professors should refrain from assigning this type of writing assignment. Some may argue that they only teach it so that the students are ready to write them for future assignments, but if all teachers and professors were to keep from assigning them, there is no need to teach the student in the first place. Argumentative essays are writing assignments that one should never assign.\n"}, "word_count": 912, "site_id": 32, "category_id": null, "donor_id": null, "status": "active-indexed", "created_at": "2014-08-08T21:46:06.000Z", "source_title": "Argumentative Essay : Pointless Argument", "page_count": 4, "meta_data": {"document_uri": "/essay/Argumentative-Essay-Pointless-Argument-F3LXSKTGXZQ"}}}}