{"essay_id": "FKZP77KVU5ZW", "essay_category": "Argumentative Essay", "essay_title": "Argumentative Research On Texting And Driving", "word_count": 854, "submitted": "Apr 21st, 2016", "page_count": "4 Pages", "essay_url": "https://www.bartleby.com/essay/Argumentative-Research-On-Texting-And-Driving-FKZP77KVU5ZW", "document": {"meta": {"statusCode": 200, "limit": 25, "page": 1}, "data": {"id": 5681078, "document_id": "FKZP77KVU5ZW", "title": "Argumentative Research On Texting And Driving", "document_text": {"body": "Argumentative Research on Texting and Driving \n \n\tBeing able to drive is a dream come true, but that dream can easily become a nightmare that a person might never get to wake up from. However, texting and driving can be dangerous and statics shows that approximately 660,000 drivers have attempted to use their phones while operating a vehicle (TextandDrive1). Motorist should understand the consequences that texting and driving lead to. These are some of attributes they should consider: it\u2019s against the law, it 's a distraction, and can cause fatalities.\n \nFirst, Texting and driving can be dangerous and many states have banned texting and driving for the safety of their people.  In the years of 2009-2010 our President Obama has banned federal employees from text messaging when they were behind the wheel of a vehicle. Eventually, forty-one of the following states have made laws which bans texting and driving and prohibits beginner drivers from using cell phone or texting messaging devices while behind the wheel (TextnDrive1). As a result, other Province such as New Brunswick have already either banned or prohibits drivers from using their cell phone while driving since April 1, 2010 (TextnDrive1). More and more states and countries are seeing that texting and driving is becoming more dangerous, and they are taking action to avoid these dangerous situations.  This alone will decrease the number of people driving and texting. Nevertheless, there are consequence you will have to pay if you are caught texting and driving in some states. The United States transportation Secretary Ray LaHood announced \u201cFederal guidance prohibits commercial vehicle arranging from tractor trailers and buses driver from exchanging text messaging behind the wheel\u201d. Those who chose to violate this law and are caught they will have criminal penalties of up to $2,750 in a fines (TextnDrive). As a citizen, this is a good law that the United States have put in to place this will prevent future accidents that may occur. \n\nSecondly, taking your eyes off the road while driving can be dangerous. \u201c431,000 motorist were injured in motor vehicle crashes involving distracted drivers\u201d (Distraction). Although, people may think they are just taking their eyes off the road for what seems like just for a few seconds it can still lead to dangerous accidents. Answering a text that takes away your attention for about five seconds is equivalent to traveling at 55 mph, which is enough time to travel the length of a football field (EdgarSnyder) which means you are driving blind and irresponsibly. According to (Refinery29) about 30% of Teens say they have text and drive \u201call the time\u201d. As a result of this, the parents should be held responsible for their child irresponsible behavior if there are involved in an accident due to texting and driving and should pay a fine. There is no reasoning why the parents shouldn\u2019t have a dash cam in their teen vehicle but this also falls back on the parents because most of the younger drivers has seen their parent on the phone or texting on their phone when they were driving so they young driver is watching their parents do it so the young driver feels it\u2019s okay to do it. Parent must lead by example, if they choose not to then it is irresponsible behavior on the parent\u2019s behalf just as well as the teen driver that is texting and driving. Laws should be strictly inforce that the parents are liable for any damages that were made to the vehicle and the other motorist due to using a cellular device or any other mobile devices while driving. \nMoving forward, we humans like to think we are good at using nimble brains to deal with two challenges at one time when in fact we cannot multitask while driving. Driving requires visual, manual, and cognitive attention while driving so how can anybody say that they can multitask when driving. In fact, many adults feel the same as if they can multitask because they have been driving for a longer period of time but that doesn\u2019t matter. Driving needs your full attention. Driving statistics shows that 3,154 people were killed in distraction related crashes (TextandDrive1), if those 3,154 people were doing the right procedures and using the material that drive persist of Visual, Manual and cognitive attention maybe their lives would have been saved.  Nevertheless, statistics show that approximately 2,700 Teens alone are killed in car crash due to texting and driving (Safety). The number of teen\u2019s deaths related to texting and driving should encourage every state in the United States to ban texting and driving to save young people\u2019s lives. \n There is more harm than good. So, why risk a life to send a simple \"hello\" or \"what 's up\"? Texting can always wait, no text message is worth a life. If a person is ever in a situation where the driver is texting encourage them to stop and let them know the consequences that this simple message can cause not just them, but the passenger as well. People should help take a stand and pledge against texting and driving in every state that hasn\u2019t already.\n"}, "word_count": 854, "site_id": 32, "category_id": null, "donor_id": null, "status": "active-indexed", "created_at": "2016-04-21T14:33:01.000Z", "source_title": "Argumentative Research On Texting And Driving", "page_count": 4, "meta_data": {"document_uri": "/essay/Argumentative-Research-On-Texting-And-Driving-FKZP77KVU5ZW"}}}}