{"essay_id": "F3JHZ76CTJ", "essay_category": "Argumentative Essay", "essay_title": "Argumentative Essay On Common Core", "word_count": 1131, "submitted": "Dec 17th, 2014", "page_count": "5 Pages", "essay_url": "https://www.bartleby.com/essay/Argumentative-Essay-On-Common-Core-F3JHZ76CTJ", "document": {"meta": {"statusCode": 200, "limit": 25, "page": 1}, "data": {"id": 762242, "document_id": "F3JHZ76CTJ", "title": "Argumentative Essay On Common Core", "document_text": {"body": "\ufeffGenary Gomez \u00a0\u00a0\u00a0\u00a0\u00a0\u00a0\u00a0\u00a0\u00a0\u00a0\u00a0\u00a0\u00a0\u00a0\u00a0\u00a0\u00a0\u00a0\u00a0\u00a0\u00a0\u00a0\u00a0\u00a0\u00a0\u00a0\u00a0\u00a0\u00a0\u00a0\u00a0\u00a0\u00a0\u00a0\u00a0\u00a0\u00a0\u00a0\u00a0\u00a0\u00a0\u00a0\u00a0\u00a0\u00a0\u00a0\u00a0\u00a0\u00a0\u00a0\u00a0\u00a0\u00a0\u00a0\u00a0\u00a0\u00a0\u00a0\u00a0\u00a0\u00a0\u00a0\u00a0\u00a0\u00a0    \u00a0Mr. Scheiner\nEnglish Period #4 \u00a0\u00a0\u00a0\u00a0\u00a0\u00a0\u00a0\u00a0\u00a0\u00a0\u00a0\u00a0\u00a0\u00a0\u00a0\u00a0\u00a0\u00a0\u00a0\u00a0\u00a0\u00a0\u00a0\u00a0\u00a0\u00a0\u00a0\u00a0\u00a0\u00a0\u00a0\u00a0\u00a0\u00a0\u00a0\u00a0\u00a0\u00a0\u00a0\u00a0\u00a0\u00a0\u00a0\u00a0\u00a0\u00a0\u00a0\u00a0\u00a0\u00a0\u00a0\u00a0\u00a0\u00a0\u00a0\u00a0\u00a0\u00a0\u00a0\u00a0\u00a0\u00a0\u00a0\u00a0\u00a0   11/21/13\n\nArgumentative Essay on Common Core\n\n \u201cWithout Common Core we (America) are not where we want or need to be.\u201d The New York Times reported this in August, 2013. Currently, every state sets its own curriculum for its schools. The result is that the United States ranks \u201c25th in math, 17th in science, and 14th in reading compared to students in 27 industrialized countries.\u201d Without national standards, students depend upon the luck of where they were born or schooled to get a comprehensive education that will prepare them for life. If the United States is one of the wealthiest nations of the world, why are we doing so poorly in education? The Common Core curriculum is a potential solution to this complicated problem.\n\nAccording to the New York Daily News, New York City students are doing poorly in both English and Math. And the numbers get worse as time progresses and Common Core is implemented: from a high of 81.8% in English and a 68.8% in Math (2009, before Common Core), to a low of 29.6% in Math and 26.4% in English (2013).\n\nThese scores show that students did worse once Common Core curriculum was implemented. The New York State Department of Education sets the curriculum for all the schools in the state. Teachers prepare their lessons according to this curriculum. Do the test scores mean that New York State standards were too low before Common Core or that teachers were poorly trained in teaching the Common Core curriculum? Is the Common Core curriculum a good enough one to prepare students for success in life? If it is, we better start training our teachers better.\n\nSome will argue that teachers aren\u2019t being trained enough in the new Common Core curriculum because their students are doing poorly. This ties teacher performance to student achievement. So, in order to be rated better, teachers have to prepare their students better. \n\nCommon Core is supposed to move schools toward a more challenging, writing-intensive curriculum. But what is Common Core? \t\n\nThe National Review in May of this year in an article titled, Two Moms vs. Common Core\u00a0explains: \u201cCommon Core is a set of math and English standards developed largely with Gates Foundation money and pushed by the Obama administration and the National Governors\u00a0Association. The standards define what every schoolchild should learn each year, from first grade through twelfth, and the package includes teacher evaluations tied to federally funded tests designed to ensure that schools teach to Common Core. Over 40 states hurriedly adopted Common Core, some before the standards were even written, in response to the Obama administration\u2019s making more than $4 billion in federal grants conditional on their doing so. Only Texas, Alaska, Virginia, and Nebraska declined. (Minnesota adopted the English but not the math standards.)\u201d \n\n\n\n\n \nI want a quality education.  I\u2019m part of the next generation.  People in charge now aren\u2019t going to be in charge when I become an adult.  My generation will be making decisions and if we make the wrong decisions, there will be big consequences.  For this reason, it\u2019s important to have high standards so that kids who are currently in school will have the benefit of the best education possible, regardless of where in the country they live and what their economic status is\n\nI come from the Dominican Republic where it\u2019s expected that every student takes state tests in order to progress to the next grade.  So it was no big deal to take some of the state tests here in New York.  My teachers prepared me well throughout the year.  Math is math wherever you go, as long as you understand what the instructions are. My biggest problem came with English because it was my second language.  I remember that in 8th grade, some parents refused to send their children to school on NY state testing days.  The reason they gave was that Common Core standards were made part of the NY State tests. What is the implication?\n\nCommon Core Curriculum should be in place nationally.  The standards of Common Core define what our country considers to be a good education.  American (especially New York State) students are capable of meeting the standards.  American (especially Frank Sinatra School of the Arts) teachers are capable of teaching to the standards.  The standards are being rolled out in pieces; this year \u2013 Algebra, next year \u2013 probably Geometry and the rest of the high school math courses.  The problem seems to be that the Department of Education hasn\u2019t communicated to the schools and their faculty how to prepare their lessons.  Nothing is consistent.  Some students can even access test questions and answers to Modules I and II online!  Are we being taught to cheat?  This is not an education, it\u2019s outright cheating!  Will teachers or the Department of Education take down these questions and answers or will they remain accessible on the internet?\n\nWhat are you doing with this outline?\nI. Background\nA) What is it? National review quote\nB) Why people are against Common Core?\nA) Parents who are test focused don\u2019t want to see their children fail. Teachers who are strong believers in teaching what has already been taught don\u2019t want to change. Common Core ties teacher evaluations to student performance. So, teachers who fear being fired if their students don\u2019t meet the standards, are very vocal in their opposition to Common Core. Students who feel overwhelmed or who doubt themselves don\u2019t want to take chances. People who fear change oppose Common Core. State governments who oppose the current administration oppose Common Core. Bureaucrats who believe in the status quo oppose the vast changes Common Core will bring. \nC) Where it stands\nStates who oppose it?\nStates who support it?\nCost info? \n\nIn April of this year, the US Department of Education, National Institute of Literacy reported that 32 million American adults cannot read. That's 14 % of the population. 21 % of adults in the U.S. read below a 5th grade level, and 19 percent of high school graduates can't read. That means our adult literacy rate is 86%, far below Japan, which boasts 100% adult literacy. According to the WorldBank.org, the US population in 2012 was 313.9 million. Our GDP was $15.68 trillion.\n\nJapan is a much smaller country (127.6 million people in 2012) than the US, but it focuses 3.78% of its $5.960 trillion GDP on education. When it comes to putting a priority on literacy, Japan does more with less money. So, it isn\u2019t just a matter of throwing money at education; it\u2019s a matter of how you spend it. 13.1% of our government budget (Gross Domestic Product) is spent on education. The results above speak for themselves. \n\n\n\n\nII. Conclusion\nA) Highlights of topic (causes, overview of topic)\nB) How does this topic have lasting effects\nC) Give my opinion \nD) Finish with my opinion or a sentence that will cause action in people.\n"}, "word_count": 1131, "site_id": 1, "category_id": null, "donor_id": 976061, "status": "active-indexed", "created_at": "2014-12-17T12:08:06.000Z", "source_title": "Argumentative Essay On Common Core", "page_count": 5, "meta_data": {"document_uri": "/essay/Argumentative-Essay-On-Common-Core-F3JHZ76CTJ"}}}}