{"essay_id": "FKNW29K6YYA", "essay_category": "Argumentative Essay", "essay_title": "Argumentative Essays About Obesity", "word_count": 1560, "submitted": "Apr 12th, 2011", "page_count": "7 Pages", "essay_url": "https://www.bartleby.com/essay/Argumentative-Essays-About-Obesity-FKNW29K6YYA", "document": {"meta": {"statusCode": 200, "limit": 25, "page": 1}, "data": {"id": 885150, "document_id": "FKNW29K6YYA", "title": "Argumentative Essays About Obesity", "document_text": {"body": "if you want to stick to the obesity argument you might want to think of arguments such as 'should the government be doing more to tackle the problem or is it up to the individual?' or 'How is it people can allow themselves to get that far into bad health(obesity)?' (might be more of a Psychology question though..) A good one for looking at arguments relating to the fast food industry is 'Super-Size me' that documentary, that might give you some more ideas about arguments, to look into some of the issues that Morgan Spurlock touches on, (size of food portions, advertising, health related problems of obesity, etc..)\nObesity in AmericaWhen people think about health what usually comes up is cancer, or some kind of disease that will hold you back. Not many people really think about one of the biggest issues out there that people don\u2019t really take serious. It\u2019s called Obesity, I know you might think you know what that means but do you really know what it is?. In America there are thousands of hundreds of people that or obese. Over 2/3rds of America is overweight or obese. This problem is associated with many other health problems, including congestive heart failure and diabetes. For many of us adults, overcoming obesity seems impossible. But that is not the case. There are many programs out there that target America\u2019s obese citizens. However, the main focus seems to be towards the younger generation. Childhood obesity seems to be escalating throughout the past few years. This may \nIs this Essay helpful? Join OPPapers to read more and access more than 350,000 just like it!\nget better grades be due to the convenience of foods high in fat. Teens and adolescents rely on things they can afford. Fast-food restaurants and low-cost candy is affordable and convenient; therefore, children turn to these. Adolescents are also under an extreme amount of stress, often juggling school and work. To balance their lives, some consider caffeinated beverages and energy drinks to help. But that is the exact opposite effect they are having. Studies have shown that Brown 2one of the largest sources of extra calories in the American diet is sweetened beverages. There are some ideas of putting a 20% tax on these drinks in hopes to cut calorie intake from beverages by 13 percent for adults and 11 percent for children.Another reason obesity has increased recently may be because of how easy it is to be lazy. Technological advances have created laziness in America. When faced with the decision to take the stairs or the elevator, the average person would pick the elevator \u2013 another factor of the national weight gain. The cause of... \nThe television has become such an integral part of homes in the modern world that it is hard to imagine life without television. It provides entertainment to people of all ages especially children. Children love to watch TV and prefer to stay \u201cglued\u201d to the TV screen all day, rather than playing outside. In the USA, 47% of children ages 2 to 18 years have a television set in their bedrooms. On a typical day, they spend on average of 5.5 hours using media, including television, computer games and the Internet (Kaiser Family Foundation, 2001). TV is the number one after-school activity for 6 to 17 year old. Although television is loved by children and has helped them a lot, it has influenced them in a negative way.Some optimistic people can argue that children should be allowed to watch a lot of television because it is educational. Preschoolers can get help to learn the alphabet on children\u2019s \nIs this Essay helpful? Join OPPapers to read more and access more than 350,000 just like it!\nget better grades programs such as \u201cTakalani Sesame\u201d and grade scholars can learn about wildlife on nature shows. However, with the increased rate of working parents, most children come home from school and are left alone or with a babysitter who may not care what the children watch on TV. With no supervision nearby, children may end up watching shows with violence, sex and bad language. Children that view such shows are likely to fear that the world is scary or that something bad will happen to them. Furthermore, the children will start to show aggressive behavior or start to behave like what they see on TV. (Bandura & Ross 1963) Another argument put forward by opponents could be that children have a choice on what to watch and how long they watch television. However this argument is unrealistic because most children do not have self discipline. They would rather watch something entertaining than a documentary about nature or history for example. They would rather watch the latest \u201cRambo\u201d movie which is... \nI. IntroductionBecause of the omnipotence of fast food chains in America, when we feel the urge for an easy meal, Americans, in general, immediately look to the fast food nation for a quick suppression to their hunger. Because we live in a time-is-money society the most efficient means of hunger satisfaction is the almighty drive-through. Corporations spend billions of dollars advertising to enhance sales of their products. With American catching on to the lack of healthy food options in the fast food nation, fast food chains began campaigning healthier food such as their salads and fruit cups. However salads may sound healthy but a Southwest Salad with Grilled Chicken from McDonalds has 320 calories and 90 grams of fat. Where's the \"healthy\" in that. Now that Obesity is the second leading cause of preventable death in the U.S. we need to re-evaluate the importance of healthy eating. By increasing awareness of the obesity epidemic in America we can begin to reverse the trend in weight gain among Americans...You can get more info here: \nSource(s):\nhttp://www.oppapers.com/essays/Persuasiv\u2026\nWell, it depends on what type of essay you are wanting to write. Argumentative, persuasive, informative, or? Once you figure that out, it should make your main points easier to determine. What is it about obesity that you want to get across to the target audience? In an argumentative essay, you could debate the opinions that many people claim that people become obese due to gluttony, while others contend it is our modern, western lifestyle that is to blame. Still others blame the prevalence of fast food and junk food, citing it as inescapable.A persuasive essay is meant to persuade. Do you want to take the stand that people can't help becoming obese? Make the comparison that if drugs were openly available on every street corner, and cheap, drug addicts would have a very difficult time staying clean. Or, it's so fast and easy to just swing through the drive-thru and grab a sack of burgers, as opposed to going home after a long day and preparing a healthy meal. In an informative essay, you are just wanting to inform. What it is that you want to inform your target audience of? Why you believe obesity is an epidemic? The health risks of being obese? How people can avoid becoming obese, or reverse obesity? To back up your work, do research, so you can quote studies and findings in your essay, and make careful footnotes. The book, A Writer's Reference, is invaluable for helping you prepare a proper essay. It has an entire section devoted to MLA (Modern Language Association) manuscript format. This is what most English and humanities classes use. There is also a section on alternative Styles of documentation, which includes the APA (American Psychological Association) style, which some instructors prefer. It is a well-thought-out, easy-to-use volume that belongs on the bookshelf of anyone who writes anything! Even if you understand how to properly lay out your essay, this book is a good reference for any questions you may have. I still refer to it often.After you finish your paper, proof-read and check your spelling, grammar, and punctuation. Set it aside, and do it again with fresh eyes a day or so later. An \"A\" paper can easily become a \"B\" paper solely due to too many common writing errors. Hope this helps give you some ideas. Good luck! \nSource(s):\nCollege writing classes.\nA. PREVIEW OF MAIN POINTS: 1. Americans continue to gain weight, increasing the number of obesity related deaths each year. 2. The availability and advertisement of fast food restaurants prevents Americans from slimming down.3. We'll discuss the solution to weight loss through personal motivation.TRANSITION: In order to understand the impact obesity has on America we should all be aware of the facts. II. BodyA. SIGNIFICANCE: In 1966 four out of every 10 Americans needed to lose weight. \"Today, two out of every three Americans need to lose weight\" (Obesity in America, 2006, p.1). 1. A person is considered obese when they have a Body Mass Index of 30 or more (Schroeder, 2006). a) \"Body Mass Index (BMI) is a number calculated from a person's weight and height\" (CDC, 2006, p. 1). DEFINITION(i) \"To calculate BMI divide your weight in pounds by your height in inches squared and multiply by a conversion factor of 703\" (CDC, 2006, p. 2). 2. The..."}, "word_count": 1560, "site_id": 1, "category_id": null, "donor_id": null, "status": "active-indexed", "created_at": "2011-04-12T04:53:56.000Z", "source_title": "Argumentative Essays About Obesity", "page_count": 7, "meta_data": {"document_uri": "/essay/Argumentative-Essays-About-Obesity-FKNW29K6YYA"}}}}