{"essay_id": "F33AHXTK6Y3Q", "essay_category": "Argumentative Essay", "essay_title": "Argumentative Essay : Argumentative Synthesis", "word_count": 2113, "submitted": "Nov 24th, 2014", "page_count": "9 Pages", "essay_url": "https://www.bartleby.com/essay/Argumentative-Essay-Argumentative-Synthesis-F33AHXTK6Y3Q", "document": {"meta": {"statusCode": 200, "limit": 25, "page": 1}, "data": {"id": 5450508, "document_id": "F33AHXTK6Y3Q", "title": "Argumentative Essay : Argumentative Synthesis", "document_text": {"body": "Argumentative Synthesis\nEducation can be defined by how we as humans learn to interact with one another as well as obtaining the skills and perspectives needed to reach our full potential later in life. While education may seem straight forward, there are many ideas as to how it should be successfully presented. The authors, Pratt, Rodriguez, and Freire, all share my belief that educational freedom is vital to a positive classroom experience. Throughout this essay, I will be using their ideas to support why the system of education requires radical reformation.\n\tRichard Rodriguez was the son of Hispanic working class parents during the 1940\u2019s. From a very young age he was fascinated by books. He would go out of his way to isolate himself from his family in order to read. Throughout his life, Rodriguez maintained his practice of isolation from his family and peers. At the end of his schooling, he discovered the error in his ways. While reading a passage from Hoggart\u2019s The Uses of Literacy, Rodriguez found himself in the definition of a \u201cscholarship boy.\u201d \u201cThe scholarship boy is a very bad student. He is the great mimic; a collector of thoughts, not a thinker; the very last person in class who ever feels obliged to have an opinion of his own.\u201d (Rodriguez 352) Throughout his entire academic career, he had mimicked his instructors rather than forming his own opinion. Without these skills, Rodriguez became immediately aware of his \u201cmiseducation.\u201d While Rodriguez\u2019s story is rather tragic, the insight gained from these events support the need for educational freedom.  \n\tMary Pratt is a member of the Modern Language Association (MLA), who has given many influential lectures expressing her views on the aims of education. Unlike the other authors, her use of autoethnography as a reference allows for a very diverse perspective on education. Pratt mainly focuses on what she refers to as a \u201cContact Zone.\u201d  Pratt writes:\n\u2026in order to lay out some thoughts about writing and literacy in what I like to call contact zones. I use this term to refer to social spaces where cultures meet, clash, and grapple with each other, often in contexts of highly asymmetrical relations of power, such as colonialism, slavery, or their aftermaths as they are lived out in many parts of the world today. (Pratt 319)\nThrough the use these of contact zones, students would learn new perspectives and ways of handling issues other than their own. This addresses Pratt\u2019s beliefs on education. She feels that educational democracy is a necessity and much like what Rodriguez believes, should provide us with the tools necessary for solving problems later in life.\n\tPaulo Freire was a Brazilian teacher and activist for educational freedom. Throughout his essay on the aims of education, Freire stresses the current \u201cnecrophilic\u201d state of education and how it must be healed in order for the classroom to become a positive environment. The current state of education, according to Freire can be expressed through the term coined as the \u201cBanking concept.\u201d Freire writes:\nIn the banking concept of education, knowledge is a gift bestowed by those who consider themselves knowledgeable upon those whom they consider to know nothing. Projecting an absolute ignorance onto others, a characteristic of the ideology of oppression, negates education and knowledge as processes of inquiry. (Freire 217)\nThis form of education is very static. The teacher \u201cdeposits\u201d information into the student\u2019s minds, expecting absolute obedience as well as refusing to question the material. Through his distaste for the banking concept, Freire introduces his solution for education. He writes of how a Problem-posing classroom could breathe new life into education. As opposed to the mundane aspects of the banking concept, problem-posing education would allow the instructor and students to mingle intellectually with one another, providing each party with a chance to learn. \n\tThe first aspect of this argument is how educational freedom should replace a more stagnant classroom setting. In a typical classroom, the students sit before the instructor, while he expresses to them his \u201csuperior\u201d reasoning. The students are expected to either memorize the provided material or to take in the instructor\u2019s opinion with unwavering obedience. I believe that students and the instructor should be allowed to discuss the material as equals. In a setting such as this, each side would be able to benefit from each other\u2019s line of thought. A student may have a different perspective on the matter, allowing for a different angle from which to view the problem. The instructor on the other hand, may have more experience with the topic and could add said experience into the equation. Educational freedom is a topic strongly supported by both Pratt and Freire and appears as the focal point of their essays. \n\tWhile visiting local tribes in Brazil, Freire discovered the importance of a free setting for education. Through his diagnosis of the banking concept, Freire was able to develop his solution for the sickness suffered by the banking concept. Freire writes:\nProblem-posing education, as a humanist and liberating praxis, posits as fundamental that the people subjected to domination must fight for their emancipation. To that end, it enables teachers and students to become Subjects of the educational process by overcoming authoritarianism and alienating intellectualism; it also enables people to overcome their false perception of reality. The world\u2014no longer something to be described with deceptive words\u2014becomes the object of that transforming action by men and women which results in their humanization. (Freire 226)\nThrough the idea of a problem-posing classroom, he discovered that the aim of education is to enable us to free ourselves from ignorance and authority; and to take action in shaping the world into how we want it.\n\tPratt\u2019s idea of educational freedom is very similar to Freire in that it acts as a modernized hybrid of problem-posing education. Through the use of \u201ccontact zones,\u201d students are provided an opportunity to express their opinions on the material presently taught, in an open environment. This form of education is beneficial due to how the perspectives of many, diverse students can allow for different interpretations and ways of reaching a predetermined goal. Through her use of autoethnography, Pratt writes of Guaman Poma and the similarities between the Spanish and Inca cultures. Pratt writes:\nIn a couple of hundred pages, Guaman Poma constructs a veritable encyclopedia of Inca and pre-Inca history, customs, laws, social forms, public offices, and dynastic leaders. The depictions resemble European manners and customs description, but also reproduce the meticulous detail with which knowledge in Inca society was stored on quipus and in the oral memories of elders. (Pratt 319)\nThe analysis of Poma\u2019s text can be applied to the teacher and student relationship. In so many cases, it appears that the students are at odds with the instructor and vice versa. In reality, it is unknown to them as to how similar they actually are. The awareness of the similarity between an instructor and their students would prove to be very beneficial to educational freedom. \t\n\tWhile he contributes positively to other topics on the aim of education, Rodriguez\u2019s essay The Achievement of Desire does not support or inhibit educational freedom. Instead, Rodriguez\u2019s story acts as a warning of how an educational system can adversely affect one\u2019s later life. At the end of his schooling, he discovered how his education had driven him to lose ties with his family and mother tongue. In order to pursue his academic desire, he had to give up his very identity. Hoggart writes:\n\u201cHe longs for the membership he lost, \u201che pines for some Nameless Eden where he never was.\u201d The nostalgia is the stronger and the more ambiguous because he is really \u201cin quest of his own absconded self yet scared to find it.\u201d He both wants to go back and yet thinks he has gone beyond his class, feels himself weighted with knowledge of his own and their situation, which hereafter forbids him the simpler pleasures of his father and mother\u2026\u201d (Hoggart 353)  \nAt this time, Rodriguez became very nostalgic for his past. He wondered if all the years of schooling had been worth it the cost of losing who he was. \n\tThe second facet of this argument stems from how the aim of education is to provide students with the skills they will need for later life. In life there are certain necessary skills that we all must acquire. Whether it be for a future job or for applying your past experiences to solve a problem, we all will need to learn something at some point. I believe that the way in which current educational ideals express how to provide these skills is heavily flawed. Education should be tailored to what a person is planning to use it for in later life. Skills that are not required should not be forced upon the student. The system of education should also provide a more effective way of teaching these skills. Rodriguez and Pratt both provide insight into how to better education in order to positively impact students and educators alike. \n\tRodriguez believes that education should provide us with the skills needed to prepare and integrate ourselves within public life. Throughout his essay, Rodriguez tells of how his isolation from his family and friends caused a dramatic disconnect in his life. Rodriguez writes:\nAs a very young boy, regarding his parents, as he struggles with an early homework assignment, he knows this too well. That is why he lacks self-assurance. He does not forget that the classroom is responsible for remaking him. He relies on his teacher, depends on all that he hears in the classroom and reads in his books. (Rodriguez 352)\nRodriguez hinged himself off his teacher\u2019s every word. Unquestioning, he sat in the classroom and absorbed what he was taught. Without adding his own perspective into what he was learning, he did not teach himself how to practically apply what he had learned.\n\tPratt uses her son Sam as the basis for her belief on how passion can provide you with skills applicable later in life. Baseball was Sam\u2019s love and it provided him with skills ranging from the notion of economic systems from trading cards, to mathematics through the creation of batting averages and other player statistics.  Pratt writes:\nLiteracy began for Sam with the newly pronounceable names on the picture cards and brought him what has been easily the broadest, most varied, most enduring, and most integrated experience of his thirteen-year life. Like many parents, I was delighted to see schooling give Sam the tools with which to find and open all these doors. At the same time I found it unforgivable that schooling itself game him nothing remotely as meaningful to do, let alone anything that would actually take him beyond the reverential, masculinist ethos of baseball and its lore. (Pratt 318)\nWithin her description of Sam\u2019s love for baseball and its effect on his literacy, Pratt tells of her distaste for the educational system for not allowing Sam to expand on his fandom, thus furthering his education. This suggests that the state of education is too much of a \u201cone size fits all\u201d and should become more tailored to the individual and allowing for personal growth. \n\tEducation is a constant. Whether you believe it or not, we all learn each day. The aim of education is to provide us with the skills we will need later in our lives. I have laid out the importance of obtaining these skills through Pratt, Rodriguez, and Freire\u2019s experiences. Rodriguez\u2019s essay proves that an absence of these skills and sacrificing who we are for our education can hinder our abilities. In addition, Pratt\u2019s use of Sam and his love for baseball identifies the current flaws within the education system. Along with these skills, an emphasis should be placed on the freedom of an educational setting. Pratt\u2019s contact zones would allow for students from all different backgrounds to mingle with one another on an intellectual basis. This form of learning would provide us with many different opinions and perspectives to influence our learning. Similarly, Freire\u2019s problem-posing education would provide for an equal classroom. Compared to the banking concept, Freire believed that by making the instructor and students equals, both parties would be able to learn from each other. At the end of the day, education is something that is vital to our success in life. In order to obtain the most out of our education, we must be able to obtain the skills we will use later on. The importance of a free educational environment is that it will enable us to learn from others as well as gage how to solve life\u2019s problems. \n"}, "word_count": 2113, "site_id": 32, "category_id": null, "donor_id": null, "status": "active-indexed", "created_at": "2014-11-24T17:54:15.000Z", "source_title": "Argumentative Essay : Argumentative Synthesis", "page_count": 9, "meta_data": {"document_uri": "/essay/Argumentative-Essay-Argumentative-Synthesis-F33AHXTK6Y3Q"}}}}