{"essay_id": "FKR282LK6ZZS", "essay_category": "Argumentative Essay", "essay_title": "Argumentative Synthesis \"The Things They Carried\"", "word_count": 1783, "submitted": "Apr 6th, 2013", "page_count": "8 Pages", "essay_url": "https://www.bartleby.com/essay/Argumentative-Synthesis-The-Things-They-Carried-FKR282LK6ZZS", "document": {"meta": {"statusCode": 200, "limit": 25, "page": 1}, "data": {"id": 895228, "document_id": "FKR282LK6ZZS", "title": "Argumentative Synthesis \"The Things They Carried\"", "document_text": {"body": "Argumentative Synthesis \n\u201cThe Things They Carried\u201d\n\tTim O\u2019 Brien, having the memories of war engraved in his mind, recalls the memories of his youth during battle in \u201cThe Things They Carried,\u201d an intriguing collection of military accounts that symbolize his attempt to resist closure from past experiences. O\u2019 Brien\u2019s story reflects the difficult choices people have to make in their struggle to confront the war waging inside their bodies as well as on the ground they tread. In Steven Kaplan\u2019s criticism, \u201cThe Undying Uncertainty of the Narrator in Tim O\u2019 Brien\u2019s The Things They Carried,\u201d he explores the uncertainty and inevitability that lies in the path of each soldier through their military conquest of Than Khe. In context to O\u2019 Brien\u2019s story, author Tina Chen in her literary criticism, \u201cUnraveling the Deeper Meaning: Exile and the Embodied Poetics of Displacement in Tim O'Brien's The Things They Carried,\u201d captivates O\u2019 Brien\u2019s primary motive of telling a \u201ctrue\u201d war story. These stories and journals can be synthesized together through paralleling ideas such as the concept of imagination versus reality, O\u2019 Brien\u2019s credibility to his story without outside sourcing, and the lingering uncertainty dividing the men\u2019s sanctity of what lies beyond, both literally and figuratively. Tim O\u2019Brien\u2019s short story, \u201cThe Things They Carried,\u201d contemplates the value of reality versus personal relevance, and through Kaplan\u2019s \u201cThe Undying Certainty of the Narrator in Tim O\u2019Brien\u2019s The Things They Carried,\u201d and Chen\u2019s \u201cUnraveling the Deeper Meaning: Exile and the Embodied Poetics of Displacement in Tim O'Brien's The Things They Carried,\u201d the two authors argue within the scheme of the imaginative American dream the hidden angst of the valiant; when faced with adversity, the weight of ones pride surpasses the weight of ones fear.\nThe discussion between imaginative details versus the concrete reality is argued between Kaplan and Chen\u2019s criticisms. Within Kaplan\u2019s criticism, he states that details of size and weight are repeated with \u201cscientific precision\u201d (Kaplan 44). This small detail while insignificant to the reader in terms of physicality, is relevant in relation to a soldiers perspective where the hump they bear is the substance to their being. Chen similarly argues that the humps bared resemble the \u201cpotential home\u201d (Chen 84) of the soldier\u2019s soul. The counting of items is a conscious guide to mental sanity through tangible ownership. Chen argues a connection between body and place as an extended metaphor for the relationship between relevance for objects most individuals would hold no perspective value further than their obvious usage. Kaplan stresses however, that even the most minor details are relevant in differentiating between the imaginary and the factual. The certainties listed are only to structure definite differences between what is uncertain. He furthers that this structure parallels the concept of O\u2019Brien\u2019s pattern of \u201cstating facts and then quickly calling them into question\u201d (Kaplan 45). This uneven consistency produces a dream like quality to the story. The theory made by both authors creates further relevancy into what could be just an imaginary coping mechanism to better the mental state of the hopeless battle between recognizing reality and accepting the truth in the face of death. Furthermore past the morbid concept of war, the repeated desire for Martha to be a virgin as hoped by the stories protagonist and narrator clearly evaluates the unattainability of reality to the storyline. \u201cCertainly the legs of a virgin, dry and without hair,\u201d (O\u2019Brien 100) as said by Lieutenant Cross, symbolizes the eternal necessity to have an innocent and imaginary escape from the harsh and unforgiving battlegrounds that consumes his relatively unobservant conscious. Chen goes past the innocence factor and theorizes Martha is a \u201cmetonym for home and all its attendant images\u201d (Chen 85). This idyllic insistence with Martha\u2019s requited love brings to notion \u201cthe idea and image of home as it is embodied in Martha\u201d (Chen 85). This concern for keeping Martha\u2019s existence alive reverts back to keeping the American dream alive with the prospects of prosperity within imaginary hope. \nThe items the soldiers carry hold a substantial amount of credibility throughout each personal story; however, within O\u2019Brien\u2019s story, he lacks credibility aside from the obvious tangible elements of the items held, questioning where the truth lies within these evidential fragments of the soldiers\u2019 lives. These personal accounts of exact measurements attest the reader\u2019s knowledge of war as well as the mental ability to calculate the exact weight upon each person\u2019s hump through a fiction of mental and emotional agility. O\u2019Brien quotes within Chen\u2019s criticism stating, \u201cA true war story, if truly told, makes the stomach believe\u201d (Chen 77). This background knowledge of O\u2019Brien\u2019s theory that an \u201cabsolute occurrence is irrelevant because a true war story does not depend upon that kind of truth,\u201d(Chen 77) places the credibility of the information upon the emotional accounts that O\u2019Brien\u2019s writing bestows upon the personalities of the soldiers. The \u201cacademic tone that at times makes the narrative sound like a government report (Kaplan 45),\u201d adds documentation like analysis of these compilations of war endeavors as told by the narrator. Kaplan continues that the \u201ctransitional phrases such as \u201cfor instance\u201d and \u201cin addition,\u201d\u2019 (Kaplan 45) as well as \u201cwhole paragraphs dominated by sentences that begin with \u201cbecause,\u201d\u201d (Kaplan 45) convince certainty of the things they carried. The connotation of this literary work justifies the impression that the narrator is giving facts of material possessions in light of the uncertainty that is tragically indistinguishable from the minds of soldiers lost in an environment bereft of knowledge.  The multiple scattered mentions of Lavenders death gather the emotional complexity of the loss. The story tells Lavenders death in terms of Martha\u2019s love stating, before he died, \u201c Lieutenant Cross received a good-luck charm from Martha\u201d (O\u2019Brien 102). This textual evidence is credible in relation to the stories time line gathering a external event to draw credibility to the transitional focal point of Martha\u2019s \u201cseparate-but-together\u201d (O\u2019Brien 102) mentality evolving into a star-crossed lovers quarrel, that will never be resolved. As previously mentioned, O\u2019Brien consistently questions his own facts, which throws into question his overall credibility. However, Kaplan makes an appealing argument in terms of credibility on O\u2019Brien\u2019s behalf that incorporates a style of writing that \u201cfrom this uncertainty emerges a new set of facts about the same subject that are again called into question\u201d (Kaplan 45).  Chen argues that O\u2019Brien\u2019s \u201cemphasis on the [readers] [stomachs] visceral response\u201d (Chen 77) in reaction to the story further provokes a literary \u201cinvestigation of the literal and metaphorical relationships\u201d (Chen 77) regarding the fictional military accounts and the soldiers responsible, especially in combination of the mental realities of psychological banishment with social ramifications of protecting a dream that potentially may never be personally attained. \nLieutenant Cross holds onto the value of the physical weight of the items possessed; however, the emphasis within the two criticisms holds the burden upon all the factors that the soldiers could never fully grasp with an additional stress on all the entities the men would never attain. The mention of the certain conceals the lack of the uncertain in Kaplan\u2019s criticism. The unknown causes eternal debate within every facet of these compilations. Lieutenant Cross constantly replays distant memories of Martha\u2019s being. He fantasizes about his date with the young lady in which he \u201ctouched her knee\u201d (O\u2019Brien 100). This sense of certainty over the brief insurmountable contact between the two sparked Cross into a one way love affair in which he would hope that one day her love would be requited into more than a generic \u201cLove, Martha\u201d (O\u2019Brien 99) signature on a letter. His internal love is unattainable. In his thoughts progresses his passion towards an uncertain entity to which he knows no concrete bounds. Kaplan criticizes that \u201ctruth in a war story is a vague utterance, a punch at the darkness, and an attempt to rip through the veil that recovers reality\u201d (Kaplan 50). O\u2019Brien\u2019s characters pierce through the mundane relativity of knowledge and allow their lives to be controlled by the uncertainty of what could happen. The only constant certainty, \u201cthey would never be at a loss for things to carry,\u201d (O\u2019Brien 106) remained a still mystery in terms of specifics. Power lies in knowledge, yet the soldiers, stripped of their hope for a controllable future, lack the mental capacity to grow within their means as humans. Chen\u2019s criticism states that in war, \u201cthe only certainty is ambiguity\u201d (Chen 79).  However an uncertainty that holds certain is the potential to fear. The soldiers \u201cwere afraid of dying; but they were more afraid to show it\u201d (O\u2019Brien 108). This uncertainty happened to them all; it was the greatest uncertainty. While death seemed scripted to our narrator, the destruction left in the post-death reality of the remaining soldiers created a further alliance with personal uncertainties associated with death. Chen\u2019s criticism theorizes from O\u2019Brien\u2019s \u201cThe Things They Carried, \u201c that it is impossible to gather the emotional context or to know exactly what occurred in Vietnam. However, with the connotation within his writing, one can hypothesize and empathize, to an extent, the grand scale upon which the affects of the unknown are almost a greater tragedy than the fear that accompanies the known. \n\t Tim O\u2019Brien\u2019s short story \u201cThe Things They Carried\u201d compiles the fictional yet gripping experiences of soldiers in Vietnams lost war, which \u201cdid more than redefine the mythos of war. According to John Hellmann, it provoked a crisis in the very narrative of [the] nation\u201d (Chen 47). Pre-Vietnam America symbolized a paradox of wanting peace yet wanting power more which diverted the American Dream into a stigma bereft of realistic desires at the expense of imaginary escapes to shield further psychological damage. Within the physical measurements of the objects carried, lies a dark reality into which society has obliged to enter. Lieutenant Cross\u2019s thirst for information regarding Martha\u2019s virginal status, which symbolizes the American Dream, represents the desperate desire to hopefully have the dream Lieutenant Cross left, maintain a level of innocence in the wake of wars destruction. However, Lavenders death sparks the fire that burns Cross\u2019s imaginary escape into a fiery pit of confirmation that cannot be visited, for in it\u2019s pleasurable fantasy reaps a \u201cmetaphysical fracture\u201d (Chen 78) upon those who seek its refuge.  \n\nWorks Cited\nChen, Tina. \"Unraveling the deeper meaning\": Exile and the embodied poetics of displacement in Tim O'Brien's The Things They Carried. Madison: University of Wisconsin Press, 1998. 77-98. ProQuest Research Library . Web. 10 Apr. 2013.\n Kaplan, Steven. The Undying Uncertainty of the Narrator in Tim O'Brien's The Things They Carried. N.p.: University of Southern Colorado, 1993. 43-52. EBSCO. Web. 10 Apr. 2013.\nO'Brien, Tim. The Things They Carried. N.p.: Esquire Magazine, 1987. 99-111. Literature and the Writing Process. Web. 10 Apr. 2013."}, "word_count": 1783, "site_id": 1, "category_id": null, "donor_id": null, "status": "active-indexed", "created_at": "2013-04-06T17:20:59.000Z", "source_title": "Argumentative Synthesis \"The Things They Carried\"", "page_count": 8, "meta_data": {"document_uri": "/essay/Argumentative-Synthesis-The-Things-They-Carried-FKR282LK6ZZS"}}}}