{"essay_id": "FKS393EK6YZS", "essay_category": "Argumentative Essay", "essay_title": "Argumentative Essays 1", "word_count": 2170, "submitted": "Nov 14th, 2011", "page_count": "9 Pages", "essay_url": "https://www.bartleby.com/essay/Argumentative-Essays-1-FKS393EK6YZS", "document": {"meta": {"statusCode": 200, "limit": 25, "page": 1}, "data": {"id": 887082, "document_id": "FKS393EK6YZS", "title": "Argumentative Essays 1", "document_text": {"body": "Argumentative Essay Topics and Points Outline 1. All secondary and tertiary level students should be offered courses on good money management as part of their formal education. What are your thoughts on this suggestion? You should write at least 350 words. Good Money Management \uf0a7 \uf0a7 \uf0a7 \uf0a7 \uf0a7 \uf0a7 \uf0a7 \uf0a7 important life skill learn value of money learn importance of budgeting learn importance of investing learn importance of reducing/avoiding debts how to save money, why and how how to earn extra money be less dependent\n\n2. There should be stricter censorship guidelines to monitor the mass media in Malaysia. What is your point of view? You should write at least 350 words. Agree \uf0a7 Too much violence, sex and horror \uf0a7 Negatively influences young minds-dressing, lifestyle and etc. \uf0a7 Increases crime rate \uf0a7 Encourages moral decadence/decline \uf0a7 More social problems \uf0a7 Examples of movies/series/printed media that should be censored \uf0a7 Examples of scenes/texts that should be censored Disagree \uf0a7 Audience mature enough to decide \uf0a7 More parental supervision of children \uf0a7 More moral and religious guidance \uf0a7 Just rate the movies etc. do not censor \uf0a7 Freedom of choice \uf0a7 Government can censor but VCDs available on the black market anyway\n\n\f3. What roles do you think a good teacher should play in a student\u2019s life? Give your opinion. You should write at least 350 words. A good teacher should be an educator \uf0a7 teach what you are supposed to \uf0a7 be expert in area of specialization \uf0a7 prepare materials well \uf0a7 give, evaluate and discuss assignment \uf0a7 prepare them for examination \uf0a7 be interested and interesting A good teacher should be a disciplinarian \uf0a7 set good example in profession and life \uf0a7 demonstrate good moral values \uf0a7 watch actions, mannerism and language \uf0a7 be persons some students can look up to/emulate A good teacher should be a disciplinarian \uf0a7 Must be able to set strict guidelines and stick to them. \uf0a7 Be firm about attendance \uf0a7 Make sure the work is done and do not accept lame excuses \uf0a7 Punish if necessary \uf0a7 Set boundaries on acceptable behavior, language and etc. A good teacher should be a counselor \uf0a7 Be a friend in need a shoulder to cry on \uf0a7 Provide good advice and counseling \uf0a7 Try to relate to them and their problems \uf0a7 Share your thoughts and allow them to express their opinions\n\n\f4. Water is an important source of livelihood to many people. However, the quality of most rivers in the country is worsening. What is your view on this? What do you think causes the worsening quality of rivers and how can the effects be mitigated? You should write at least 350 words. Agree 1. water is an important source of livelihood to many people and it is sad that the quality of most rivers in the country is worsening. 2. Caused by factors such as growing population, timber logging and dumping or toxic waste, domestic waste and rubbish directly into the rivers. 3. As a result, the quality of water deteriorates and certain measures need to be taken to mitigate the effects on the rivers. Ways to solve the problem: 1.Do not throw rubbish into the rivers and other water sources \uf0a7 Dispose of rubbish responsibly \uf0a7 Tie rubbish up in garbage bags and place them in dustbins \uf0a7 For bigger items, call disposal companies etc. \uf0a7 Minimize waste material that you throw into the sink or down the drain. \uf0a7 Do not throw milk, oil or food waste down the sink-clog pipes \uf0a7 Use organic, bio-degradable scraps and leftovers to make compost heap-use as fertilizers. \uf0a7 Was car on lawn, pour water used to wash rice on plants \u2013don\u2019t hose down the drains. 2. Campaign against irresponsible construction or logging. \uf0a7 Be outspoken about construction and logging that cause mud and silt to clog rivers. \uf0a7 Write to newspapers, join citizens\u2019 group. 3. Conserve Water \uf0a7 Do not waste water \uf0a7 Don\u2019t wash cars often, use watering can not hose for watering plans, etc. \uf0a7 Use shower when bathing, turn off tap, when brushing teeth and soaping dishes etc.\n\n\f5. In the last few years, several wars have broken out around the world. Write an article giving reasons why war is both destructive and harmful. You should write at least 350 words. (1) Thousands or even millions of people are killed or maimed in wars. -greatest tragedy thousands and millions ide-children, women, old people too -many are badly injured, lose limbs, sight, hearing and etc. -landmines is another problem -few able-bodied people lefts to rebuild the country -many die due to disease, starvation, exposure and etc. (2) Wars destroy buildings, bridges, homes and infrastructure like roads, railway lines and airports. -wars usually involves massive bombing which cause mass destruction -everything destroyed-cannot live or conduct business -hospitals cannot treat the injured -no schools or universities \u2013and education will be affected -people cannot travel (3) War destroys families as members killed or separated from each other -men-fathers and brothers go off to fight wars -families lose breadwinners, protectors, father figure -families suffer lose and pains\u2019 -many lose contact with each other in confusion of war (4) War destroys the economy as all economic activities are badly affected, halted or completely destroyed. -factories and companies destroyed -agricultural lands destroyed -money is devalued, cannot trade -roads, ports, airports are destroyed-cannot conduct business -no foreign investors will do business -country cannot recover easily after wars (5) Psychological trauma caused by war destroys social fabric and undermines moral and religious values -Civil wars causes suspicion and hatred among neighbours -Destroys sense of unity and fellowship -People are fighting for survival-will do anything to protect their families and themselves. -will resort to betrayal, thefts, lies and even murder -lose all sense of religious and moral values\n\n\f6. As we head towards the year 2020, many Malaysians feel that much remains to be done in order to improve the quality of our life. Do you agree? Give your opinion. You should write at least 350 words. In order to achieve a developed-nation status, the quality of life has to be improved. \uf0b7 basic amenities: parts of Malaysia still do not have clean pipe water and electricity, namely interior of Sabah and Sarawak \uf0b7 housing :not all citizens have modern housing with proper sanitation \uf0b7 low cost government flats-are mostly in state of disrepair \uf0b7 squatter areas still common-overcrowding-poor garbage disposal \uf0b7 lack of recreational areas and facilities-resulting in unhealthy children Education: still not compulsory \uf0b7 some children are deprived of education-lack of schools in rural areas \uf0b7 some schools are closed because of small number as a result of rural-urban migrationworsens problems \uf0b7 Quality of education-qualification of teachers are questionable esp. in the teaching of English and Mathematics \uf0b7 Lack of funds for equipment and running of proper activities \uf0b7 Proportion of population who are university graduates still low Health: There are still many problems in the health system. \uf0b7 Lack of hospitals and clinics and qualified doctors \uf0b7 Long wait in the government hospitals and for treatment of serious diseases. \uf0b7 Basic health care beyond the reach of many in rural areas \uf0b7 Safety of medicines and drugs used for treatment-the safety of second generation drugs and medications. \uf0b7 Preventive medication: hepatitis \u2013not free Transport: There are many remote areas with no proper transport system \uf0b7 In some places people still use primitive and dangerous boats \uf0b7 In Sarawak, some areas are only accessible by very small planes or helicopters-crashes are common because of terrain \uf0b7 Modern means of transportation-LRT, Monorail, commuter -only available in cities-very few \uf0b7 In estates and plantations, transports of people and goods are still difficult.\n\n\f7. As a possible way to prevent music and movie piracy, it has been proposed that the government imposed a levy on CD-Rs. However, there are some sectors of the public that disagree with this proposal saying it is unfair on consumers. Give your opinion. You should write at least 350 words. Unfair to consumer \uf0b7 Legitimate users shouldn\u2019t have to bear the extra cost just because certain people are using CDrs to infring on copyright. \uf0b7 CDrs are used for more than making copies of musics Cds; they are also used for computer back-ups and other forms of data storage. \uf0b7 Software developers use for Cd-rs extensively to backup and store their work \uf0b7 The entire ICT industry uses CDRs this way. \uf0b7 Upcoming bands that need to record their demo tracks onto Cdrs \uf0b7 Members of academia use CD burners for legitimate purposes 8. \u2018Academic qualifications determine a successful career\u2019. Give your opinion. You should write at least 350 words. Disagree \uf0b7 Current situation-many graduates are unemployed. Give possible reasons. \uf0b7 Experience sometimes count more than qualification. (Give reasons) \uf0b7 Education is important but many have gone without education to become successful. Many success stories particularly from the past e.g Loh Boon Siew, Lim Goh Tong and even Zainal Abidin \uf0b7 Could also depend on talent and personality-if have the right aptitude for a particular job, will succeed regardless of qualifications \uf0b7 Many success stories indicate a desire and determination to succeed. On the contrary, many educated people end up unemployed because too proud to start low. \uf0b7 Opportunities also play important role. Right timing-right conditions.\n\n\f9. The public should be encouraged to use public transportation more. Give your opinion. You should write at least 350 words. Agree (1) It is a safer way to commute than using motorcycles and cars \uf0b7 Statistics indicate more accidents involving private vehicles \uf0b7 Many injuries and fatalities especially during festive seasons-all police efforts not very successful \uf0b7 Less cars on road, less chance of accidents \uf0b7 Travel by bus, commuter trains, LRT, monorail and etc. (2) Using public transportation is less stressful and more convenient \uf0b7 Know public transportation schedule \uf0b7 Don\u2019t have to feel stressed in traffic jams-can read, nap and relax-not driving \uf0b7 Can get some works done, study, talk on mobile phone \uf0b7 Don\u2019t have to look around for parking space, coins and etc. (3) More economical than using your own private transport \uf0b7 Don\u2019t have to buy motorcycle or cars \uf0b7 Don\u2019t have to pay loans, road tax, petrol, parking bills and tolls. \uf0b7 Bus, commuter, train, LRT tickets are reasonably priced-also insurance repairs and all. (4) Help save the environment \uf0b7 Mass transportation system, not one or two people to a vehicle \uf0b7 Save energy/petrol \uf0b7 Trains or cable cars do not cause the same energy waste as smaller private vehicles\n\n\f10. Many people describe Malaysia as having first world facilities but a third world attitude. Give your opinion on this statement. You should write at least 350 words. Agree INTRODUCTION\n\n\uf0b7 \uf0b7 \uf0b7\n\n\uf0b7\n\nThis is common perception among the people now. Word class facilities refer to facilities, infrastructures and services provided by the government or the private sectors. Include roads, highways, recreational parks, national parks, schools, telecommunication system, hospitals, clinics, kindergartens, places of worships, library, museum, community centres, public toilets and etc. Third world attitude refers to negative attitudes such as carelessness, ungratefulness, recklessness, abuse, vandalism and etc. that are often associated with the habits of people in poor developing countries.\n\nCONTENT Adults and children do not generally obey rules. \uf0b7 Littering at cinemas, shopping malls, on LRT, monorails \uf0b7 Improper use of or dirtying of toilets \uf0b7 Embarrassing behaviors such as talking loudly on mobile phone \uf0b7 Not queuing up for buses and taxis \uf0b7 Rushing for food during open houses \uf0b7 Taking and wasting too much food during buffet Motorists do not obey traffic rules \uf0b7 Jumping red lights \uf0b7 Jumping queue \uf0b7 Parking illegally \uf0b7 Changing lanes without indicating \uf0b7 Road rage/illegal racing Adults and children tend to misuse certain facilities \uf0b7 Public parks are vandalized and left in dirty condition \uf0b7 Rubbish are thrown inconsiderately in river at recreational areas \uf0b7 Government vehicles are used for works non-official works \uf0b7 Public phones and bus stations are vandalized CONCLUSION \uf0b7 Restate your opinion/thesis statement.\n\n\f11. It has been said that universities should not be degree mills but centers of knowledge dissemination and creativity. Give your opinion on how universities can improve the quality of their education. You should write at least 350 words. Agree \uf0b7 Of late a lot of negative reporting about the quality of local graduates \uf0b7 Whether or not the comments are true, it is necessary to constantly improve quality of undergraduates. Content (Ways) (1) Lecturers \uf0b7 High qualification \uf0b7 Internationally recognized and competitive \uf0b7 More dedicated (2) Curriculum \uf0b7 International recognition \uf0b7 Academic as well as non-academic emphasis \uf0b7 Include soft skills, such as communications and interpersonal skills \uf0b7 Relevant extracurricular programmes, including sports. (3) Management and Administration \uf0b7 Better administration of academic and non-academic affairs \uf0b7 Better management of staff and student welfare (4) Facilities \uf0b7 State of the art computers \uf0b7 Advanced laboratories \uf0b7 Virtual and book libraries \uf0b7 Lecture halls, classrooms \uf0b7 Hostels (5) Students \uf0b7 Well-disciplined \uf0b7 Excellent time management \uf0b7 Good critical thinking skills \uf0b7 Good English language skills \uf0b7 Third language skills Conclusion When there is a marked improvement in the quality of education provided by local universities, the quality of their graduates will improve. They will then be able to compete with graduates from foreign universities for jobs either in Malaysia or globally.\n\n\f12. The mass media plays a great role in shaping people\u2019s ideas. Do you agree or disagree with this? Discuss.\n\n\f"}, "word_count": 2170, "site_id": 1, "category_id": null, "donor_id": null, "status": "active-indexed", "created_at": "2011-11-14T08:48:27.000Z", "source_title": "Argumentative Essays 1", "page_count": 9, "meta_data": {"document_uri": "/essay/Argumentative-Essays-1-FKS393EK6YZS"}}}}