{"essay_id": "FKJMFCCECF9L5", "essay_category": "Argumentative Essay", "essay_title": "Argumentative Essay : Failing The Fathers", "word_count": 1291, "submitted": "Jul 9th, 2015", "page_count": "6 Pages", "essay_url": "https://www.bartleby.com/essay/Argumentative-Essay-Failing-The-Fathers-FKJMFCCECF9L5", "document": {"meta": {"statusCode": 200, "limit": 25, "page": 1}, "data": {"id": 3377616, "document_id": "FKJMFCCECF9L5", "title": "Argumentative Essay : Failing The Fathers", "document_text": {"body": "Isaac Salinas \nEnglish 1A\nMr. Gejeian\nJuly 7, 2015\nArgumentative essay\n\nFailing Our Fathers\n\tThis nation was founded on the belief that all men and women have the chance to achieve what they set out to accomplish. Our founding fathers fought for these beliefs yet they would turn in their graves if they could see how this nation has changed for the worse. Once a land where any humble underprivileged man or woman could earn a better life through perseverance and hard work has ceased to exist. Increasingly more and more Americans are pessimistic of their chances of fulfilling the American Dream. The poor watch, the wealthy as they march to the bank to cash their checks, while waiting in line for welfare. Trying to get whatever help they can receive. Yet no one seems to care. Even the government seems to be against them. Education and hard work were the foundations of being successful in this country, but cost for an education can only be afforded by the wealthy. The American dream is dead and gone for the under privileged.\n\tAccording to historian James Truslow Adams, in his book The American Epic, the American dream can be defined as the \u201cdream of a land in which life should be better and richer and fuller for everyone, with opportunity for each according to ability or achievement.\u201d Adams insists that the American dream can be attainable for anyone with the will to strive for a better life and personal fulfillment. It\u2019s the reason why people across the world left their homes for a chance of a better future. He also writes it is \u201cbut a dream of social order in which man and each woman shall be able to attain to the fullest stature of which they are capable, and be recognized\u2026 regardless of the fortuitous circumstances of birth or position.\u201d In this passage Adams is stating that all men are created equal no matter where they came from and the citizens have the rights of life, liberty and the pursuit of happiness. Being able to achieve their goals and having the possibility of bettering ones situation was the driving force for most Americans.\nYet in today\u2019s day it seems like the American dream is unattainable for the working class. And many agree. A recent poll by New York Times concluded that Americans are more negative to possibly going from being poor to well off than they were after the 2008 financial crisis (Budget protests also about fear of losing the American Dream). Each day more and more Americans worry about making ends meet. Almost two thirds of people have doubts about being able to cover their family\u2019s basic living expenses, compared with less than half the public four decades ago, according to the results of a Washington Post-Miller Center poll. This same poll also states that one in three Americans say their money worries are with them all or most of the time, and the number of Americans who say they worry \u201call the time\u201d about paying the bills has doubled.\nNot only are people are worried about meeting their financial responsibilities but also job security. Fear of being thrown out of work is greater than it has been in polls taken since the 1970s. More than six in ten workers worry they will lose their jobs because of the economy. (Washington Post-Miller Center Poll). Today 's worries exceed those in 1975, at the tail end of a harsh recession marked by high unemployment and high inflation. Less than half of Americans expect to move up in their economic class over the next few years. Slightly more predict they will stay in place or be fired. (Washington Post-Miller Center Poll).\n America was once a place where people with some to little education and low paying jobs were able to own a home, buy a car and see their kids do better than them. Now, most middle class families are living paycheck-to-paycheck working multiple jobs just to get by. And over the last decade or two, the American middle class has been hollowed out, with a rich, well-educated class growing on one side of the divide and a poor working-class majority on the other, faced with limited opportunities to change their circumstances. (Mabry, Is America Still the Land of Opportunity?). The Gap is widening. A new survey by Pew finds that Americans believe the greatest threat to our country to be the growing gap between the rich and poor. Yet we have constructed an education system, dependent on local property taxes, that provides great schools for the rich kids in the suburbs who need the least help, and broken, dangerous schools for inner-city children who desperately need a helping hand. Too often, America\u2019s education system amplifies not opportunity but inequality.\u201d \nAlmost \u201cnine million\u201d jobs were dismissed during the recession, and of those, \u201csixty percent\u201d were middle class jobs in occupations like construction, manufacturing, insurance, real estate, and information technology. The jobs that have come back since the recession are majority low-wage occupations. A full \u201cfifty-eight percent\u201d of the new jobs created jobs pay less than around \u201c$13.50 an hour\u201d (Rubio, 6). Working people have been watching their paychecks stagnate or shrink since the 1980s. (Thomma, Budget protests also about fear of losing the American Dream). Health care costs have risen steadily. Jobs have migrated overseas. The dream of upward mobility has slipped from many people 's grasp. Politicians have responded with one-sided solutions, unwilling or unable to forge an agreement. They 've borrowed trillions to pay for wars and health care, bailed out Wall Street and Detroit automakers, even as lawmakers cut taxes and the national debt has skyrocketed. \u201cThe competition for decent jobs in America has gotten absolutely insane. There have been reports of people actually getting down on their knees and begging for jobs. Many Americans are starting to wonder if they will ever get a decent job again. \u201cAccording to the U.S. Bureau of Labor Statistics, the average duration of unemployment in the United States is now an all-time record 39 weeks.\u201d\n\u201cThe number of low income jobs in the United States has risen steadily over the past thirty years and they now account for forty-one percent of all jobs in the United States. Once upon a time, anyone could get hired at McDonald\u2019s. But today McDonald\u2019s turns away a higher percentage of applicants than Harvard does. Approximately seven percent of all those that apply to get into Harvard are accepted. At a recent \u201cNational Hiring Day\u201d held by McDonald\u2019s only about 6.2 percent of the one million Americans that applied for a job were hired.\u201d \nInstead of helping the poor and middle class, the government has gone a different direction. Americans have made sharp distinctions about which groups have benefited and which have not from the economic policies that the government has put in place since the start of the recession. Majorities\u2019 say that large banks, large corporations, and the wealthy have been helped a great deal or a fair amount by government policies. And seventy-two percent say that, in general, the government\u2019s policies since the recession have done little or nothing to help middle class people, and nearly as many say they have provided little or no help for small businesses (sixty-eight percent) and the poor (sixty-five percent). (PEW Research Center). \nMany people also still believe that hard work is the surest path to success. In the poll by Washington Post and Miller Center, just one-third say it is no guarantee of success, while two-thirds say most people can get ahead financially through effort. In fact, hard work and education are rated far more highly than social connections, growing up wealthy or natural ability as factors leading to financial success.\n"}, "word_count": 1291, "site_id": 32, "category_id": null, "donor_id": null, "status": "active-indexed", "created_at": "2015-07-09T07:54:48.000Z", "source_title": "Argumentative Essay : Failing The Fathers", "page_count": 6, "meta_data": {"document_uri": "/essay/Argumentative-Essay-Failing-The-Fathers-FKJMFCCECF9L5"}}}}