{"essay_id": "F3PL3CX3VG5ZW", "essay_category": "Argumentative Essay", "essay_title": "Argumentative Essay : Argumentative Writing", "word_count": 984, "submitted": "May 7th, 2015", "page_count": "4 Pages", "essay_url": "https://www.bartleby.com/essay/Argumentative-Essay-Argumentative-Writing-F3PL3CX3VG5ZW", "document": {"meta": {"statusCode": 200, "limit": 25, "page": 1}, "data": {"id": 5646995, "document_id": "F3PL3CX3VG5ZW", "title": "Argumentative Essay : Argumentative Writing", "document_text": {"body": "As long as humanity has differentiated view points, there will be the need for argument. Whether the argument is about who will be the next leader of a free country or as simple as whether or not you bleed AC Milan Rosso or Internazionale Azzurro in Milano, argument allows people to have discussions while trying to prove each other wrong or convince someone to change their views. Under the umbrella of arguing there is a very intelligent method to argue that is called argumentative writing. With argumentative writing a person can put all of their ideas into an organized, well developed paper that attracts and engages a reader. While most people prefer arguing in person, one is susceptible to interruptions from the opposing side or as well as having to think on the fly and keep their train of thought going while constantly countering what the opposition is saying; but with argumentative writing one can freely express all their ideas without opposition until a person is finished reading their paper. \n\tThat being said, argumentative writing can be looked at metaphorically like a dance. To explain, when you see another person at a club or an event that you think is cute, you have to engage them in an icebreaking conversation. Then when the house band or DJ starts playing you ask the person to dance. While dancing you have to keep up with the beat and keep your partner actively engaged with the music. If you begin to slip up or lose the beat, your partner can become disinterested and walk away. Contrarily, if you maintain a good groove and execute good dance moves, you could put yourself in a position to receive your partners phone number or even take the person home later that night. When it comes to argumentative writing, a paper has to have a good attention grabber in the first couple lines, the opening ice breaking conversation. Then the following paragraphs have be engaging enough to have the reader keep reading, keeping your partner engaged while dancing. However, if at any point the paper starts to go off on a tangent or disengage the reader, going off beat or doing a ridiculous dance move, the reader will stop reading the paper thus stopping the dance.  Also much like a dance, one person needs to lead and control the flow to get their partner to do what they want. In this case the leader is the writer and the partner is the reader. A lot of times through argumentative writing you can lead a person away from their thoughts and bring them over to your views through intelligent writing and facts to back up your statements, great dance moves. This outcome then is much like at the end of a night of dancing when you get your partner\u2019s number or leave with them. \n\tAs an example, one of the most famous pieces of argumentative writing is Martin Luther\u2019s 95 Theses in 1517. This document was written to show the people of a Catholic dominated world, at that time, that the Church was very corrupt and far from being the foundation of Christianity it was said to be. Luther was able to point out through direct, blunt and yet still a strategic argument that the Catholic Church had many things wrong with it. The biggest of them being its view on Salvation. At that time, the Church was selling indulgences. An indulgence was a payment by a sinner to a local priest to then have his or her sins forgiven by the Church. This practice essentially implicated that the poor could not be forgiven for their sins. Luther listed a fact in his 95 Theses about how Salvation should be based more on good deeds and a showing of regret for bad actions through deep prayer asking for forgiveness and then God would forgive you. This main point, with several others, sat well with the people of Germany and spread around the globe. Luther is credited with starting the Protestant Reformation that shaped the world as we know it today establishing several different types of Christianity including Lutherism. As well, the Catholic Church underwent its own internal reformation to get back to its roots of spirituality and faith and eradicate the corruption because of Luther\u2019s work. \n\tThis proved the dance metaphor. Luther was asking that people rise up and follow him, leaving the Catholic Church behind. He was able to successfully grab people\u2019s attention via his opening act of making a big scene by nailing a copy of his work to the front door of the main Catholic Church in his hometown in Germany. Then through his facts and argument in the document he kept people engaged, \u201cdancing\u201d and eventually left with all of them which was the start of the Protestant Reformation. \n\tWhat transpired after the posting the 95 Theses, showed the world the power that argumentative writing was going to have throughout the future. Following it, there have been several other influential argumentative pieces that have inspired and captivated the world. There has been the Declaration of Independence in 1776 in the United States, Karl Marx\u2019s Communist Manifesto in 1848, Charles Darwin\u2019s On the Origin of Species in 1859 and Vladimir Lenin\u2019s April Theses in 1917. All of these argumentative style literary works changed the world because the readers \u201cdanced\u201d and \u201cwent home\u201d with the writers. The proof is that America was founded, Communism was established and spread, the modern theory of evolution was established and the Bolshevik Revolution took place in Russia starting the Soviets powerful reign. \n\tIn conclusion, the power of well written words on paper is tenacious. As long as the writer can engage the reader, keep them \u201cdancing\u201d and have the readers \u201cgo home\u201d with the writer\u2019s ideas, good intelligent works of argumentative literature will continue to shape humanity as they have since the 95 Theses. \n"}, "word_count": 984, "site_id": 32, "category_id": null, "donor_id": null, "status": "active-indexed", "created_at": "2015-05-07T20:33:20.000Z", "source_title": "Argumentative Essay : Argumentative Writing", "page_count": 4, "meta_data": {"document_uri": "/essay/Argumentative-Essay-Argumentative-Writing-F3PL3CX3VG5ZW"}}}}