{"essay_id": "F3V2ZCUSCPRAX", "essay_category": "Argumentative Essay", "essay_title": "Argumentative", "word_count": 1000, "submitted": "Apr 19th, 2013", "page_count": "4 Pages", "essay_url": "https://www.bartleby.com/essay/Argumentative-F3V2ZCUSCPRAX", "document": {"meta": {"statusCode": 200, "limit": 25, "page": 1}, "data": {"id": 3163923, "document_id": "F3V2ZCUSCPRAX", "title": "Argumentative", "document_text": {"body": "Argumentative\r\n      Back to the mid 2008, starbucks announced that they were closing 75% of its store in Australia (Patterson, Scott & Uncles, 2010). It was a huge and unexpected closure to this big coffee company, lots of media and Australian rated Starbucks as \u201cfailure\u201d in Australia. But situation was totally different from Asia market, Starbucks reached their great success in Asia. As the world\u2019s largest coffee company, Starbucks now faces lots of judgment because of the store\u2019s closure in Australia. Taking a lot factors into account, as a loyal customer, I bielieve that despite its failures, Starbucks is a successful company.\r\n \tThe failure in Australia seems strange, but after lots of researches, I can say it was all because of Starbucks\u2019 wrong strategies. Australia is already a mature market for coffee. Back to the World War II, coffee already being part of Australians\u2019 life, they had their own taste of coffee, but it was not the American style coffee Starbucks sold. Australians love coffee, they can walk a long distance for their favorite coffee. This is not the main reason that caused Starbucks\u2019 failure. In Australia, Starbucks didn\u2019t really advertise their brand. Starbucks expected they would be successful in Australia without any efforts. Not a lot people know this brand or like their flavor in Australia, so they have no reason to give up their favorite coffee shop and buy a coffee in Starbucks. Besides, every cup of coffee was over-priced for Australians, so they were not willing to afford that much for a cup of coffee. Back to America, the financial crisis hit coffee sales at Starbucks in 2008. \u201cStarbucks customers may have less money for discretionary purchases as a result of job losses, foreclosures, bankruptcies, reduced access to credit and sharply falling home prices.\u201d said the company (Quinn, 2008). Although Starbucks thought the reason was because of customers, the reason was actually because of Starbucks\u2019 over-priced coffee.\r\n\tIn 1996, when Starbucks opened its first Japanese store in Ginze, Tokyo, Japanese was crazy about Starbucks (Patterson et al. , 2010). Ginze, which is a business center in Tokyo, has the best location to sell products for any company. Starbucks opened its first Japanese store in here, lead the company got more popularity among Japanese. Soon within 7 years, Starbucks opened 503 stores in Japan.\r\n\tSimilarly, according to my interview with Kenneth Yeung, Starbucks reached a great success in China. Although Starbucks still over-priced their coffee in China, but this action fits Chinese market, Kenneth Yeung said, \u201cChinese always think high price means high quality and high personal status, when Starbucks set their high coffee price in China, Starbucks identified themselves as a luxury coffee shop, thus Chinese go there not just for a cup of coffee, but for a sign of status.\u201d As we all know, Starbucks is from America, and Chinese really likes things from America, such as NBA, Pizzahut, and KFC. Starbucks\u2019 origin lead more Chinese like this brand (Plog, 2005). Beside all these selling strategies, Starbucks always has good qualities for their coffee, it has their own style to brew coffees, and offers a third place for customers, this means it offers a place for customers to gathering and chatting with friends (Doug, 2009). Also, every Starbucks store offers free wifi to customers, everyone can sit down in Starbucks and do their own things.\r\n\tStarbucks maintains to use their own coffee beans and always serves great coffee, like my favorite caf\u00e9 latte. This company does not only care about its customers, it also cares about employees. Starbucks provides welfare to all employees including part-time employees (Plog, 2005).\r\n\tFor such a big and professional coffe company, it always has new ideas for its coffee and store. When Starbucks opened its store in Japan, Starbucks customized a drink named green tea frappucina, and this drink quickly became popular around the world (Patterson et al. , 2010). In store, Starbucks provides coffee experience to their customers, let customers to taste new coffee, and teach customers to choose right coffee for them. In Starbucks stores, they also sell coffee cups and everything related to coffee, and even CDs. I\u2019ve bought a CD from Starbucks store several years ago, I love that CD. Starbucks has a good taste not just in their coffee, but also in the music they sell.\r\n\tAlthough Starbucks failed in Australia, it was just one country, and Starbucks made an amazing success in Japan and China. As an economics student myself, Starbucks is a good case study for my major. The keystone value in the effort \"to build a company with soul\" was that the company would never stop pursuing the perfect cup of coffee (Thompson, Thompson & Strickland, 1999). I\u2019ve been to Starbucks a lot times, I love Starbucks, and I think Starbucks is a successful company, the first reason is  failing in one country does not means the whole company\u2019s failure, there are still a lot people who love Starbucks more than those people who don\u2019t like Starbucks, the second reason is Starbucks works really hard to pleased its customers, and makes the best coffee, not every company can do this.\r\n\r\n\r\n\r\n\r\n\r\n\r\n\r\n\r\nReferences:\r\nDoug, R. (2009). Starbucks and the battle for third place. Gatton Student Research Publication, 1, 32-41.\r\nPlog, S.C. (2005). Starbucks: More than a cup of coffee. Cornell Hotel and Restaurant Administration Quarterly, 46, 284-287.\r\nPatterson, P.G. & Scott, J. & Uncles, M.D. (2010). How the local competition defeated a global brand: The case of Starbucks. Australasion Marketing Journal, 18, 41-47.\r\nQuinn, J. (2008). Starbucks predicts falling sales in 2009. Telegraph Media Group. Retrived from  HYPERLINK \"http://www.telegraph.co.uk/news/worldnews/northamerica/usa/3515548/Starbucks-predicts-falling-sales-in-2009.html\" http://www.telegraph.co.uk/news/worldnews/northamerica/usa/3515548/Starbucks-predicts-falling-sales-in-2009.html\r\nThompson, A. A. & Strickland, A. J. & Thompson, J. (1999). Values and principles. McGraw-Hill Companies. Retrived from  HYPERLINK \"http://www.mhhe.com/business/management/thompson/11e/case/starbucks-1.html\" http://www.mhhe.com/business/management/thompson/11e/case/starbucks-1.html"}, "word_count": 1000, "site_id": 1, "category_id": null, "donor_id": null, "status": "active-indexed", "created_at": "2013-04-19T19:27:31.000Z", "source_title": "Argumentative", "page_count": 4, "meta_data": {"document_uri": "/essay/Argumentative-F3V2ZCUSCPRAX"}}}}