{"essay_id": "FK663JXVK6Y3W", "essay_category": "Argumentative Essay", "essay_title": "Argumentative Essay : Police Brutality", "word_count": 1561, "submitted": "Dec 4th, 2014", "page_count": "7 Pages", "essay_url": "https://www.bartleby.com/essay/Argumentative-Essay-Police-Brutality-FK663JXVK6Y3W", "document": {"meta": {"statusCode": 200, "limit": 25, "page": 1}, "data": {"id": 5451859, "document_id": "FK663JXVK6Y3W", "title": "Argumentative Essay : Police Brutality", "document_text": {"body": "Argumentative Essay and Debate\nAlthough I should know by now, I cannot help but think that there has been an overwhelming amount of police brutality in recent years. Police brutality can be defined as, when a police officer uses more force than necessary. This issue has spread throughout the United States of America, and is putting the lives of our citizens in great danger. Police brutality is not only physical, but it can also be verbal attacks; and, in most cases, it is caused by false arrest and racial profiling due to police corruption. Police brutality has been and continues to be a major concern in society and it is used very loosely to any and all forms of police misconduct. Whereas, in reality, excessive force of police misconduct is what defines police brutality. The jobs of a police officer are too calmly resolve public disturbance and disputes. Police officers are supposed to protect citizens; instead they are hurting and using excessive force. It is not right and it is unjust for a police officer to hurt a citizen due to an assumption without any actual proof of criminal activity.\nPolice Brutality has increased over the years. This issue has been spreading around the nation and worldwide. The police officers are hurting more people than the actual criminals that are roaming the streets. Some officers may have personal problems that distract them from their work, which could be a cause to why there is a massive increase in police brutality. Even if the police officers have personal problems in their lives, they should not let their personal conflicts affect their work ethics. It is wrong for them to take their anger out on others, like the citizens. Police brutality has increased in the process of trying to stop crime rates from going up.\n\u201cIn the following viewpoint, the U.S Commission on Civil Rights asserts that police brutality is prevalent in the United States. Incidents of shocking brutality occur on a regular basis, the authors contend. The commission calls for improved officers training and discipline as well as departmental reforms to reduce misconduct. The United States Commission on Civil Rights was formed in 1958 as a fact finding group charged with making recommendations to the government.\u201d (U.S. Commission on Civil Rights)\nThis shows that the civil rights should be stricter. What is helping citizens, are recording polices in action. In the modern time of dash cams, vest cams, and threat of fake witnesses, real police brutality was rare. When the cams didn\u2019t exist yet, they would get out of hand and try to be above the law. Another reason why police brutality has increased is how police officers have to deal with the drags of society. They are above the law and it goes to their heads far too often. The police officers tend to take advantage of their power. The widespread of police brutality has not disappeared, but rather gained more of a spotlight on the issue.\nPolice misconduct is now targeting street children. India is one of the worst countries that would take advantage of poor children. They are trying to make it against the law to abuse the poor children because so many of them had been killed or brutality beaten. The reason why the police officers are taking advantage of those children is that the age of being an adult is twelve years old; therefore it gives the police officers the the right to treat them as an adult. In most cases, \u201cmany believe the most serious threat to street children comes from the very people responsible for their safety and protection-local governmental and law enforcement officials\u201d (Teens). Instead of offering help to the children in the streets, the police officers would assume that violence is the key to solving these problems. The police force would focus on children since \u201cthey are young, small, poor, ignorant of their rights, and often have no family or advocates who will come to their defense. It does not require much time or effort to detain and torture to coerce a confession, and street children are unlikely to register formal complaints\u201d (Teens). It is inhuman to take advantage of kids the way that they do. Another reason why police officers go after children on the streets is due to personal gain for the security forces. This means, they extort money or services by threatening the children of imprisonment, where they will be brutally beaten by older kids and also by the police officers. The most recent event that captured everyone\u2019s attention was the news about a teenage boy named Michael Brown that was shot by an officer. He was just a teen that was walking home when a police officer tried to convict him of doing something wrong; which is a false assumption.\nRacial profiling is also a major cause to police brutality. Like in the past, racial dispute is still common today. Police are targeting people and accusing them of crime based on racial ethnicity. This act is illegal in the United Sates, but police officers and private security targets certain races just so they can humiliate, interrogate\u2026 They do these foolish things and they don\u2019t even know that they are breaking a law and they are the ones that enforce the laws. Police officers focus on one race instead of arresting real criminals and in the Constitution; it states that everyone has equal rights. One of the main races that are being aimed is African-Americans.\n\u201cThe study revealed that almost three-quarters of young black men aged 18-34 were the individuals most likely to report being stopped by police because of their race. Comparatively, only 40% of young black women perceived themselves to have been the victims of racial profiling. An even smaller percentage of both black men and women aged 50 and older reported being stopped because of their race, a fact that left many surmise that age and gender play a significant role in this practice\u201d (Profiling).\nThe young black men are the ones that get unfair treatments the most by police officers and the higher-income blacks are most likely to get pulled over. Racial profiling is illegal and wrong, therefore it has to be stopped otherwise it will grow into a much larger conflict than what it is today.\nSure some cases are not about police using excessive force and citizens are resisting arrest instead of cooperating with the police officers. It is stated under state laws that when someone is under arrest, they cannot resist an arrest, even if they feel that they are being violated of their civil rights, nevertheless there are other ways of handling the problems instead of beating someone until they are almost dead. It is okay for policies use force, but there are always other options to dealing and resolving the conflict that has risen. Children are not being targeted because they are too young to even commit crimes. Yes, they are being targeted because police officers would just try pushing them around to get money or just for their personal gains which would be illegal to do. It is understandable in some countries like India for kids to be abused because they are considered as an adult at the age of twelve years old, thus they are compelled get the same punishment has a full adult. They have the right, but they are trying to stop the madness for the children\u2019s to live a saved life. It is understandable that police officers target certain race because some races commit more crimes than others like colored races are more likely to commit crimes than whites. No it\u2019s unfair because if two races commit the same crime, then most likely, they would be convicted in different ways.\nIn conclusion, then, as I suggested earlier, defenders of police brutality can\u2019t have it both ways. Their assertion that it is contradicted by their claim that police brutality doesn\u2019t exist. Police brutality is an excessive force and it has widespread worldwide. Police brutality and corruption policing is viewed as the misuse of authority by a police officer just for their personal gains. The police officers don\u2019t even know that it is illegal because it is a violation of human rights. One main problem is that children are being targeted and it is one sorrowful act that has gone too far. They are being targeted because they are too young and stubborn to know the law and the police officers would use them for personal gains or to make money from them. These are children that go home to their family at the end of the day and others that live in the streets. Another foolish act that needs to stop is racial profiling because racism is illegal and everyone has equal rights.  Many citizens around the United States of America and around the world has witnessed or experienced brutality from police officers due to racial profiling, misconduct, or just to humiliate them. With all the deaths and brutality that is happening around the world, people are beginning to protest for their rights, but people are to blind to see what is on the inside of them. Polices\u2019 are to becoming too overpowering and it is leading to a corruption in the society. Police brutality affects many citizens due to corruption and it needs to be stopped.\n"}, "word_count": 1561, "site_id": 32, "category_id": null, "donor_id": null, "status": "active-indexed", "created_at": "2014-12-04T12:37:51.000Z", "source_title": "Argumentative Essay : Police Brutality", "page_count": 7, "meta_data": {"document_uri": "/essay/Argumentative-Essay-Police-Brutality-FK663JXVK6Y3W"}}}}