{"essay_id": "F3ENFZADCK8Q", "essay_category": "Compare Contrast Essay", "essay_title": "Compare and Contrast the Ways in Which the Theme of Isolation Is Presented and Explored by Sebastian Faulks and T.S Eliot in \u2018Engleby\u2019 and \u2018Selected Poems\u2019.", "word_count": 2434, "submitted": "Dec 13th, 2012", "page_count": "10 Pages", "essay_url": "https://www.bartleby.com/essay/Compare-and-Contrast-the-Ways-in-Which-F3ENFZADCK8Q", "document": {"meta": {"statusCode": 423}, "errors": [{"status": 423, "detail": "Unable to unlock document!"}]}}