{"essay_id": "Compare-and-Contrast-the-Representation-of-the-PKFD3C3A8JK8W", "essay_category": "Compare Contrast Essay", "essay_title": "Compare and Contrast the Representation of the Figure of the Slave, and of the Theme of Freedom, in Douglass\u2019s \u201cNarrative\u201d and Twain\u2019s \u201cAdventures of Huckleberry Finn\u201d.", "word_count": 1445, "submitted": "May 4th, 2011", "page_count": "6 Pages", "essay_url": "https://www.bartleby.com/essay/Compare-and-Contrast-the-Representation-of-the-PKFD3C3A8JK8W"}