{"essay_id": "F3J9Y293RYYA", "essay_category": "Compare Contrast Essay", "essay_title": "Compare and Contrast the Narrators in Gulliver's Travels and Frankenstein, the Narrative Methods, and the Effects of These Different Ways of Telling a Story in Gulliver's Travels and Frankenstein.", "word_count": 1595, "submitted": "Sep 16th, 2010", "page_count": "7 Pages", "essay_url": "https://www.bartleby.com/essay/Compare-and-Contrast-the-Narrators-in-Gullivers-F3J9Y293RYYA", "document": {"meta": {"statusCode": 423}, "errors": [{"status": 423, "detail": "Unable to unlock document!"}]}}