{"essay_id": "F3HQVACFRS5", "essay_category": "Compare Contrast Essay", "essay_title": "Compare and Contrast \u201a\u00c4\u00faDisabled\u201a\u00c4\u00f9 by Wilfred Owen and \u201a\u00c4\u00faOut, Out-\u201a\u00c4\u00f9by Robert Frost. in What Ways Do They Explore the Theme of Pain and Suffering?", "word_count": 1251, "submitted": "Aug 26th, 2013", "page_count": "6 Pages", "essay_url": "https://www.bartleby.com/essay/Compare-and-Contrast-%E2%80%9A%C3%84%C3%BADisabled%E2%80%9A%C3%84%C3%B9-by-Wilfred-Owen-F3HQVACFRS5", "document": {"meta": {"statusCode": 423}, "errors": [{"status": 423, "detail": "Unable to unlock document!"}]}}