{"essay_id": "F3C33WPJTJ", "essay_category": "Compare Contrast Essay", "essay_title": "Compare and Contrast Buchanan and Monderman\u2019s Approaches to the Production of Social Order in Public Spaces.", "word_count": 1488, "submitted": "Jan 15th, 2013", "page_count": "6 Pages", "essay_url": "https://www.bartleby.com/essay/Compare-and-Contrast-Buchanan-and-Mondermans-Approaches-F3C33WPJTJ", "document": {"meta": {"statusCode": 423}, "errors": [{"status": 423, "detail": "Unable to unlock document!"}]}}