{"essay_id": "F32K4JEKRZZA", "essay_category": "Compare Contrast Essay", "essay_title": "Compare and Contrast Contemporary Perspectives About Transformational and Transactional Leadership", "word_count": 3236, "submitted": "Apr 7th, 2012", "page_count": "13 Pages", "essay_url": "https://www.bartleby.com/essay/Compare-and-Contrast-Contemporary-Perspectives-About-Transformational-F32K4JEKRZZA", "document": {"meta": {"statusCode": 423}, "errors": [{"status": 423, "detail": "Unable to unlock document!"}]}}