{"essay_id": "F35G3YAXHKU4Z", "essay_category": "Compare Contrast Essay", "essay_title": "Compare and Contrast the Relative Hofstede's Cultural Dimensions of Usa, China, Germany and India", "word_count": 2265, "submitted": "Mar 9th, 2013", "page_count": "10 Pages", "essay_url": "https://www.bartleby.com/essay/Compare-and-Contrast-the-Relative-Hofstede%C3%A2%E2%82%AC%E2%84%A2s-Cultural-F35G3YAXHKU4Z", "document": {"meta": {"statusCode": 423}, "errors": [{"status": 423, "detail": "Unable to unlock document!"}]}}