{"essay_id": "F3CQGZKJVJ", "essay_category": "Compare Contrast Essay", "essay_title": "Compare and Contrast the Philosophical Contributions Aristotle and Descartes Make to Our Understanding of a Person", "word_count": 1606, "submitted": "Mar 20th, 2007", "page_count": "7 Pages", "essay_url": "https://www.bartleby.com/essay/Compare-and-Contrast-the-Philosophical-Contributions-Aristotle-F3CQGZKJVJ", "document": {"meta": {"statusCode": 423}, "errors": [{"status": 423, "detail": "Unable to unlock document!"}]}}