{"essay_id": "P3Y8WYS8CK8Q", "essay_category": "Argumentative Essay", "essay_title": "Drug Addiction Argumentative Essay", "word_count": 977, "submitted": "Dec 4th, 2012", "page_count": "4 Pages", "essay_url": "https://www.bartleby.com/essay/Drug-Addiction-Argumentative-Essay-P3Y8WYS8CK8Q", "document": {"meta": {"statusCode": 200, "limit": 25, "page": 1}, "data": {"id": 6145740, "document_id": "P3Y8WYS8CK8Q", "title": "Drug Addiction Argumentative Essay", "document_text": {"body": "Natalee Sweet\r\nComp. #1\r\nMr. Yates\r\n7-22-2012\r\nArgumentative Essay: Addiction is a choice\r\n\tAlcohol and illicit drug consumption are all too prevalent today in high schools, colleges, and all across the globe.  Students seeking to fit in or forget about the repetitiveness of school and homework have a tendency to experiment.  Drug addiction is known by the scientific community to be a psychological condition based on excessive, obsessive, and compulsive actions.  Once that regular user crosses the line into addiction their only concern is their self and their life revolves around the getting, using, and finding ways and means to get and use more.   Most people start using drugs and alcohol occasionally, which is a voluntary decision, however, the more they choose to use, the more they become addicted.  As the addiction grows they become physically and emotional dependent on the substance; they become a compulsive user and their drug use gets out of control.  Addiction is defined as a chronic relapsing of the brain that is characterized by compulsive drug seeking and use, despite harmful consequences.   At this point, drug use does not produce a \u201chigh\u201d; instead, the user keeps taking the drug to stave off painful withdrawal symptoms such as fever, cramps, violent nausea, and depression.   Although there is much debate about addiction, the medical research proves that addiction is undisputedly caused by a psychological or neurological disease and through heredity.\r\n\t The long term chronic abuse of alcohol and drugs slowly begins to change the chemical makeup of the user\u2019s brain.  Permanent neurological changes begin to affect the brain as the person compulsively continues to abuse the substance.  Those neurological changes in the brain have a major impact over a period of time, on the way the user thinks and acts.  An addict\u2019s thought process and behaviors have been altered by the long term abuse of the substance.    Long term use causes disruption of the dopamine pathways and leads to a decrease in the reinforcing value of normal things, and this pushes the individual to take drugs to compensate. Addiction is a neurologically based disease and is related to neurological disorders like Tourette\u2019s Syndrome. This disorder manifests in long term obsessive-compulsive behaviors outside the realm of the addicts own control.  Therefore addiction is not something a person can control if they are unfortunate enough to have a neurological disorder or disease.  People must accept that these problems are not primarily mental or free will issues and is not about will power. \r\n For many years now there has been scientific evidence that addiction researchers have found proof that drug addiction has a genetic basis.  According to scientific researchers, they have found that addiction dependence in humans is clearly influenced by genes as well as environmental factors.  There is clearly an increased risk for severe drug-related problems in children of alcoholics or drug addicts even if they have been raised without knowledge of their biological parents\u2019 problems.  While studies support the view that addiction is genetic that lead to an increased risk of addiction has been a laborious task, since humans express more than one hundred thousand genes.   However, in 1997, researchers announced that they had mapped three gene regions in mice that influence susceptibility to physical dependence on drugs or alcohol.  Drug use causes the brain to release dopamine, a chemical involved in experiencing pleasure and this surge in dopamine can be so powerful that it compels users to keep taking the drug.  With prolonged use drugs alter the brain so that experiencing pleasure without the drug is nearly impossible. At this point, drug use does not raise dopamine levels or produce a \u201chigh\u201d; instead, the user keeps taking the drug to stave off painful withdrawal symptoms.\r\n\tAddiction is a choice and by classifying addiction as a disease, we are just enabling drug addicts to take no responsibility for their own actions in their lives.  By labeling addiction as a medical condition it creates a false assumption that addicts have no control over their own behavior.  People become addicts because of their behavior, not their brain chemistry.  The disease concept is so popular because it gives people an easy way out; if they inherited their addiction they can\u2019t be responsible for their own behavior.  The disease model of addiction is flawed for a number of reasons; first, most people who take drugs do not become addicted, but may take drugs for a period of time, then stop when they choose to do so. Many well respected professors and scientist claim addiction is a scapegoat behavior that has been incorrectly identified as a physical or mental illness, an addict is only a victim of bad science and misguided policy.  \r\n\tNo one would choose to wake up sick every day, having to worry about how they are going to get their next fix just to feel normal.  People choose to try drugs every day but they don\u2019t try drugs with the intention of becoming addicted or to incur any of the negative consequences or effects, they try them to feel good or escape reality for a while.  Drugs are addictive and if the people trying them have a genetic predisposal or neurological problem, after trying them they enjoy the feeling so much that they need that feeling on a daily basis and become addicted.  Medical research confirms this by saying, overtime; drug use changes your brain, making you become addicted to the drug.  Drug addiction is a disease and can also be influenced by an addict\u2019s predisposed genetic makeup that affects both brain and behavior.  Researchers have identified many biological and environmental factors and have found genetic variations that contribute to the development and progression of the disease.  Although there is much debate about addiction, the medical research proves that addiction is undisputedly caused by a psychological or neurological disease and through heredity."}, "word_count": 977, "site_id": 1, "category_id": null, "donor_id": null, "status": "active-indexed", "created_at": "2012-12-04T08:58:18.000Z", "source_title": "Drug Addiction Argumentative Essay", "page_count": 4, "meta_data": {"document_uri": "/essay/Drug-Addiction-Argumentative-Essay-P3Y8WYS8CK8Q"}}}}