{"essay_id": "F35MRR5YLJ5W", "essay_category": "Compare Contrast Essay", "essay_title": "Evaluating The Management Thinking, Compare And Contrast Humanistic And Classical Perspectives Of Management Essay", "word_count": 1412, "submitted": "Aug 27th, 2015", "page_count": "6 Pages", "essay_url": "https://www.bartleby.com/essay/Evaluating-The-Management-Thinking-Compare-And-Contrast-F35MRR5YLJ5W", "document": {"meta": {"statusCode": 423}, "errors": [{"status": 423, "detail": "Unable to unlock document!"}]}}