{"essay_id": "F36FCYAXHKUEZ", "essay_category": "Compare Contrast Essay", "essay_title": "Formal Analysis, Contextualizing, and Compare and Contrast of the Egyptian Sculpture of Isis Nursing Horus and the Byzantine Icon, the Virgin of Vladimir", "word_count": 1869, "submitted": "Jun 6th, 2012", "page_count": "8 Pages", "essay_url": "https://www.bartleby.com/essay/Formal-Analysis-Contextualizing-and-Compare-and-Contrast-F36FCYAXHKUEZ", "document": {"meta": {"statusCode": 423}, "errors": [{"status": 423, "detail": "Unable to unlock document!"}]}}