{"essay_id": "F3F3VHQ3FTDX", "essay_category": "Argumentative Essay", "essay_title": "Government Argumentative Essay : Government", "word_count": 1768, "submitted": "Nov 29th, 2015", "page_count": "8 Pages", "essay_url": "https://www.bartleby.com/essay/Government-Argumentative-Essay-Government-F3F3VHQ3FTDX", "document": {"meta": {"statusCode": 200, "limit": 25, "page": 1}, "data": {"id": 3316273, "document_id": "F3F3VHQ3FTDX", "title": "Government Argumentative Essay : Government", "document_text": {"body": " \t\t\tGovernment Argumentative Essay\t\n\n\n\u201dPainting, writing, orchestra, band, choir these programs are the so-called money wasting according to the government. Some governments believe that if they take these programs away their budget will be more. They said they have done tests and evidence that shows how it does effect of course there is statistics and finances that show that. However, you cannot really base something we are born with based on a test. The Arts is a compelling thing some people are born with it some are not. It would not be fair to the kids who struggle in the core subjects like math and reading the kids who do not well let me tell you, you are lucky. Those kids are confident in the math and reading the kids who are not they feel ashamed of themselves that they cannot get a certain concept. \n \u201cWe as humans are designed to be well-rounded; we have two halves of the brain. We are not ignoring that right side of the brain, but we are certainly underserving that side of the brain. Says Lance eagled an art teacher at Churchill whose budget was recently cut. According to psychology, you have two parts of your brain. Some people have stronger sides than other for instance, if you are more left brained you have more analytical thinking, you think logically , are good at language in addition to math and science . If you have a stronger right, you are very imaginative; you are good at understanding something immediately, plus having creativity, in addition to Art and Music. People say some of this is not true and we can just change the way our brain works. Well if I could do that, believe me I would.  I think many people would but we cannot we were wired to think that way for a reason we may never know. In addition, guess what that is not our faults. In many cases people think .When someone says they are right or left-brain it 's really just a metaphor for a cognitive style\", says neuropsychologist Associate Professor Michael Saling from the University Melbourne and Austin Health 's Epilepsy Research Centre. \"Without a doubt the popular left and right division of the brain is an over-simplification. For example, research is showing that musical, artistic and intuitive thinking can 't be thought of as strictly lateralised, or exclusively of the right hemisphere \".  \"Every single cognitive function has right hemisphere and left hemisphere components. To avoid competition between the two halves of the brain there is a division of labour between the left and the right\", says Saling. \nI cannot argue with the people who have studied years on this certain topic. I am just a senior in high school what do I know? I know the kids I see can instantly understand the 7x+9 +82= y the simple algebra that some kids can\u2019t, but then they don\u2019t understand the simple G-MAJOR scale no matter how many times they practice or they can\u2019t understand a simple metaphor\nOrganizations such as ArtsEd, Search, an online clearinghouse that collects and summarizes high quality arts education research studies and analyses their data  for educational policy and practice, have done private research about the issue. AEP Executive Director findings in a report point to the power of the arts to lead the way in helping every child realize success in schools. \u201cThis is especially true for underserved students who benefit most significantly from arts learning but are the least likely to receive a high-quality arts education,\u201d Rupert said. \nWhy? Everyone learns differently some kids really struggle with the core subjects like Math, Science and reading. They often feel shame that they cannot understand the concept of 4x+3 but other kids can some kids study so much harder than other kids and still don\u2019t understand it. Then they read a shake sphere and understand the meaning or they are asked to draw a 3 dimensional shape they can do it perfectly. When they see a fermata and sing it perfectly then all their shame goes away and they feel confident and they are proud of themselves. It is nice to have something your good at. The government argues that the arts is an unimportant thing for kids to study and it won\u2019t help them in the future but studies show that  The arts teaches us things we can apply to a core subject How? Musical involvement promotes better math skills. Students with band and orchestra experience attend college at a rate twice the national average. Art teaches critical thinking rather than just getting the right answer. One in three of today\u2019s school-aged children will hold an arts-related job at some time in his or her career. Music training is linking with both short and long-term memory Improvements Theater participation helps develop social tolerance Art reminds us that the limits of our language do not define the limits of our thinking. Music training is associated with an enhanced ability to read. Art demonstrates that problems can have more than one solution and questions can have more than one answer. The arts provide new challenges for students who can be successful in the classroom.\n After all the bad papers and grades we get we become emotionally drained. Arts education gives children a place where they can express themselves and channel negative emotion into something positive. We all know that if we are stressed and do not do something about it. It will bug us until we fix it .especially if that stress is negative sometimes through all the academic learning we get tired and bored and for some kids to not be bored is acting, music and art. Said Joe Williams, a junior majoring in psychology. \u201cWithout music, I would not be as open as I am to learning about new people.\u201d The kids in society today become extremely stressed over the little things. Which is in some ways healthy it means our body needs love. The ARTS gives us an emotional outlet to relieve stress. There is a certain quality of being called \u201cflow\u201d, that experts say is very beneficial for us. This refers to a state of being completely engaged in something to the point of being in a near meditative state. It carries many of the benefits of meditation, leaving you much less stressed when you are done. You can experience \u2018flow\u2019 when you are doing creative activities like writing, and even gardening. You can also get it from drawing. Music is very relaxing we hear sounds like the rain, it has a calming effect, and we completely ignore what is stressing us. In addition, writing can be a very good stress reliever we can write about what is bugging us that were too scared to talk to people about. Because not everyone is stressing about the same stuff we are and once we release everything we are stressing about we have a certain affect that comes over us and we are not worried anymore.\n Numerous studies have been done and they have found Students who don\u2019t have access to art classes miss out on the creativity outlet but also face greater difficulty mastering core subjects\u2019 higher dropout rates and disciplinary problems. I am sorry, but when exactly did creativity and personal expression become unnecessary to our growth as a society? I can see how people would see that the arts would be not beneficial and that it\u2019s a waste of our time, people say we should be spending more money on the sports like football, soccer, baseball, basketball well surprisingly According to the U.S. Centers for Disease Control (CDC), participation in organized sports is on the rise. Nearly 30 million children and adolescents participate in youth sports in the United States. This increase in play has led to some other startling statistics about injuries among America 's young athletes: High school athletes account for an estimated 2 million injuries and 500,000 doctor visits and 30,000 hospitalizations each year. With more kids getting hurt in injuries the higher the equipment for the sport is. Guess what that means for the arts funding it gets less and less I cant think of how many injuries occur in the arts there is none sure high school sports is a great way to be involved in the school, it brings attention to the high school as well when kids see their high school failing and the other one succeeding they immediately want to move to the one that is successful in their sport. There\u2019s nothing wrong with that. I go to sports events and I see thousands of people in the stands for football. If you go to an Art gallery, band concert, debate tournament, The play, and  choir concert let me know how many people you see I understand that sports is huge but just because you have a fast runner or an extremely big guy to block the quarterback or a great forward in soccer an amazing slam dunker in basketball.  I applaud you that\u2019s fantastic, but how funny how all the arts kids support the sports kids, but I rarely see the sports people at the arts events. it really saddens me in a way everyone is creative in their own way. Example like Finn on glee he thought all he was destined for was football, Mr. Schuster heard him singing he had a creative side .we all have a creative some have more creativity than others. And that\u2019s okay we weren\u2019t all made the same we are all wired in a different way. I\u2019m not bashing on the sports but I am involved in choir and our budget is very low we have to fundraise just to afford clinicians and choreographers. People who can play an instrument that takes skill and creativity, the football team who works out plays they have creativity creating them which is arts. The basketball team that makes a basket, because they used problem solving,, which is creativity.  The soccer team that wins the game because they came up with a different method, that\u2019s creativity. Creativity that leads to arts is all around us we all have the arts inside us and if the government wants to take that freedom away from kids shame on them. Shame on them they don\u2019t see the smiles in the arts shame on them they think spending more money on other things. Arts is something that cant be described it\u2019s a feeling where you think of something and all of the sudden notes become a song, sentences become a page, and art becomes a story\n"}, "word_count": 1768, "site_id": 32, "category_id": null, "donor_id": null, "status": "active-indexed", "created_at": "2015-11-29T19:48:40.000Z", "source_title": "Government Argumentative Essay : Government", "page_count": 8, "meta_data": {"document_uri": "/essay/Government-Argumentative-Essay-Government-F3F3VHQ3FTDX"}}}}