{"essay_id": "F3QSXF5ZLJXW", "essay_category": "Argumentative Essay", "essay_title": "Gun Control : Argumentative Essay Essay", "word_count": 1702, "submitted": "Nov 5th, 2014", "page_count": "7 Pages", "essay_url": "https://www.bartleby.com/essay/Gun-Control-Argumentative-Essay-F3QSXF5ZLJXW", "document": {"meta": {"statusCode": 200, "limit": 25, "page": 1}, "data": {"id": 5772513, "document_id": "F3QSXF5ZLJXW", "title": "Gun Control : Argumentative Essay Essay", "document_text": {"body": "Naoki Nakamura\nProfessor Stacey Park\nEnglish 100\n3 November, 2014\nGun Control: Argumentative Essay\n       The gun control debate is a good example that justifies the common known mantra that history will always repeat itself. Gun control is a regulation put forward with an aim of managing the purchase and ownership of firearms with the main aim being to reduce the criminal and unsafe use of firearms. The gun control measures involve strategies such as registration of firearms aimed at restricting the ownership of guns by people proved to be dangerous including the mentally ill, juniors, and those with criminal records. The gun control regulations also go ahead to restrict the purchase of guns within a given period of time or strategies such as imposition of a total or partial ban on ownership or sale of firearms. Majority of the United States citizens have embraced ownership of firearms which has come to be part of their culture. Consequently, any measures aimed at controlling ownership of guns triggers mixed reactions among the citizens sparking a heated debate involving the law enforcers, citizens and special groups with own interests. Despite the fact that there are numerous gun-related deaths reported in the US than anywhere else in the world, the history of gun control debate stands out to prove that the numerous proposed gun control measures are bound to fail when measured against the benefits of free ownership of guns.\n       The Gun control measures are seen as futile since they manage to get the guns from the hands of the law abiding citizens while failing terrible in denying criminals access to ownership of these guns. This implies that the morally upright people are denied ownership of guns while doing nothing about the guns yielded by the criminals. This perpetuates crime. According to D 'Agostino, this move has led to crop up of areas that are free of guns. These areas become vulnerable to various forms of crime since gangsters identify such as soft targets to unleash their terror. Gun free zones include estates, businesses, and banks, among others. What those who criticize the free ownership of guns fail to understand is that these gun free zones become exposed to crime. Therefore, it is paramount to understand that the gun control measures makes the law abiding citizens vulnerable to criminals who fail to surrender their firearms (D\u2019Agostino, ).\n       The gun control debates and policies have victimized a great number of blacks and other non-native Americans since policies and preferences aimed at gun control adversely affect these people.  Indeed, the forces that implement the gun control policies tend to perpetuate racism where non citizens get victimized. In a study done by O\u2019Brien, Kerry, et al explanatory variables related to gun control and gun ownership and the fact that the whites were opposed to gun ownership while measured against other measures of racism and black stereotypes, revealed that a unit increase in symbolic racism resulted to 50% increase in possibility of owning a gun (O\u2019Brien, Kerry, et al, p. ). Therefore, the gun ownership policies triggers paradoxical attitudes possessed by whites towards gun ownership and control that perpetuate symbolic racism.\n       It is a common and a known fact that armed security is the best form of defense. All over towns and cities, security men and women yielding guns and located in most of building in towns provide best form of security as compared to non armed guards. Additionally, the rich and the famous people in our society put their trust in armed security and they themselves yield these firearms for self protection. The government, which supports gun control laws entrust its officials to armed security officers. This is ironical since these are the same people opposed to gun possession. Therefore, the critics of free gun possession should understand that those in power trust in armed security and advise the citizens otherwise. The US citizens need to understand that in desperate security breach situations, those in possession of guns stand a better chance to emancipate themselves from danger as compared to those who yield no guns. This justifies the fact that there is need for citizens to possess firearms (Hurd, 2013).\n       The second amendment to the US constitution states \u201cA well regulated Militia, being necessary to the security of a free State, the right of the people to keep and bear Arms, shall not be infringed\u201d (Kenny, 35). Therefore, possessing a rifle or a gun is a constitutional right provided for to the US citizens by their constitution. What this means to the citizens is that despite the fact that they are entitled to promote security within their borders, none of the citizens is allowed to infringe onto the rights of others. The proponents of gun control regulations need to understand that enforcing such measures will be a strategy which will weaken the rights of the citizens thus putting them at the mercy of blood hungry criminals. Thus there is a need to protect the constitution rights granted to citizens. Other better alternatives are possible to solve the problems at hand without infringing a constitutional right. \n       The ultimate aim of gun control regulations is to curb the daily cases of crime that are reported resulting from perpetrators yielding guns. As many argue that this is a necessary call aimed at bringing sanity to the country, somewhere there is a great disconnect between the policies put in place and the desired outcome. The war on crime seems focused on the wrong target since factors that fuel crime are numerous. Paying a lot of emphasis on guns, which are objects that perpetuate crime, ignores the root causes of these crimes. As a result, promoting anti-gun strategies rather than anti-crime policies is missing the point and the proponents of gun control regulations need to understand this fact (D\u2019Agostino).\n       Worldwide, the United States stands out as the only country that is developed and still holds on to maintaining a gun culture. In the country it is lawful to own riffles, hand guns, and short guns which is a culture supported by several people (Kenny, 35). Therefore, guns are a crucial part of the American culture and every nation has a culture to protect. The supporters of the gun control relics may fight to break this culture arguing that it is the main source of grief and confusion in the country. However, this American culture sets the country apart and will continue to be treasured by many.\n       In conclusion, despite the challenges that the US is facing in relation to the gun ownership, the aforementioned facts stands clear to prove that the numerous proposed gun control measures are bound to fail when measured against the benefits of free ownership of guns. While gun control measures seems to weaken the law abiding citizens while empowering the gangsters, the insecurity cases are likely to rise rather than be contained. This is fact justified by the fact that the law makers themselves and other powerful figures in the country rely on guns for security which is proof enough that guns are critical in enhancing security. Therefore, guns form a major part of the American culture and gun ownership is a constitutional right that citizens should enjoy. Despite this, it is vital to ensure that those who own guns are well vetted before the guns land on wrong hands.\n\n\n\n\nWork Cited\n       D 'Agostino, J.,A. (2000, Mar 31). Conservative spotlight: Women against gun control.\nHuman Events, 56, 22-22\n       Hurd J. M. \u201cCapitalism Magazine: The Right to Self-Defense is Deeper than Gun Control\u201d 2013. 3rd Nov, 2013 <http://capitalismmagazine.com/2013/05/the-right-to-self-defense-is-deeper-than-gun-control/>\n        Kenny, Jack. \"Gun Control or Killer Control?.\" New American (08856540) 08 Oct. 2012: 35+. Academic Search Complete. Web. 3 Nov. 2014\n         Lott, John R. More Guns, Less Crime: Understanding Crime and Gun Control Laws. Chicago: University of Chicago Press, 2010. Print.\n         O\u2019Brien, Kerry, et al. \"Racism, Gun Ownership And Gun Control: Biased Attitudes In US Whites May Influence Policy Decisions.\" Plos ONE 8.10 (2013): 1-10. Academic Search           Premier. Web. 3 Nov. 2014. < http://www.plosone.org/article/info%3Adoi%2F10.1371%2Fjournal.pone.0077552>\n\n\n\n\n\n\n\n\n\n\nAnnotated Bibiliography\nKenny, Jack. \"Gun Control or Killer Control?.\" New American (08856540) 08 Oct. 2012:  35+. Academic Search Complete. Web. 3 Nov. 2014\n       This is a succinct article written to justify the fact that without guns due to the gun control policies, the death tolls still arises. The author analyzes several facts regarding gun control. First, after shootings are reported, the calls for gun control are heightened but from the gathered evidence, deaths still continue to be reported even without guns. Several advantages of being armed are discussed and comparison done from various nations with same regulations.\n       This article qualifies as a source in my analysis due to the fact that the discussions presented are gathered from credible sources, the constitution and from prevailing state of affairs regarding gun control.\nO\u2019Brien, Kerry, et al. \"Racism, Gun Ownership And Gun Control: Biased Attitudes In US Whites May Influence Policy Decisions.\" Plos ONE 8.10 (2013): 1-10. Academic Search           Premier. Web. 3 Nov. 2014.< http://www.plosone.org/article/info%3Adoi%2F10.1371%2Fjournal.pone.0077552>\n       This is a research paper that seeks to investigate the relationship between symbolic racism and opposition to gun possession. The author approaches the study by analyzing various explanatory variables connected to gun control and ownership. The finding of this research work affirms the credibility of arguments that gun control policies are biased. \n       A major blow to supporters of gun control policies lies in the fact that the policies perpetuate racism. This source is crucial in my research as it is credible and justifies my arguments through taking a scientific study to prove the designed hypothesis. \nLott, John R. More Guns, Less Crime: Understanding Crime and Gun Control Laws. Chicago: University of Chicago Press, 2010. Print.\n       This is a print copy written to unearth the facts that surround the Gun Control debate. The author analyzes the concerns of various stakeholders who wonder whether the gun control policies will really mean reduced crime, deaths and fear among the citizens.\n       The book is a vital source that well analyzes the American gun culture. The fact that people carry guns around, and that guns are present in all debates and constantly used in movies, news and in daily talks justifies the gun culture. This is vital resource that makes my research work credible.  "}, "word_count": 1702, "site_id": 32, "category_id": null, "donor_id": null, "status": "active-indexed", "created_at": "2014-11-05T00:02:04.000Z", "source_title": "Gun Control : Argumentative Essay", "page_count": 7, "meta_data": {"document_uri": "/essay/Gun-Control-Argumentative-Essay-F3QSXF5ZLJXW"}}}}