{"essay_id": "FKZ2LXADCK8Q", "essay_category": "Argumentative Essay", "essay_title": "nm,n. On the other hand the main dissimilarity of those two essays is authors view towards the society. Their ideas are very helpful for the development of our society.", "word_count": 1747, "submitted": "Oct 22nd, 2014", "page_count": "7 Pages", "essay_url": "https://www.bartleby.com/essay/nmn-On-the-other-hand-the-main-FKZ2LXADCK8Q", "document": {"meta": {"statusCode": 423}, "errors": [{"status": 423, "detail": "Unable to unlock document!"}]}}