{"essay_id": "F3C3R9KJVC", "essay_category": "Argumentative Essay", "essay_title": "Planned Parenthood - Argumentative Essay", "word_count": 1253, "submitted": "May 4th, 2012", "page_count": "6 Pages", "essay_url": "https://www.bartleby.com/essay/Planned-Parenthood-Argumentative-Essay-F3C3R9KJVC", "document": {"meta": {"statusCode": 200, "limit": 25, "page": 1}, "data": {"id": 747240, "document_id": "F3C3R9KJVC", "title": "Planned Parenthood - Argumentative Essay", "document_text": {"body": "Argumentative Essay\r\nPlanned Parenthood\r\nMillions of women across America will struggle to receive the medical attention they need if the federal government stops funding to Planned Parenthood.  Every year 363 million dollars goes into the funding \u201cpot\u201d collectively at Planned Parenthood\u2019s nationwide (Clark 5). This money is used predominantly by women; for six in ten women, Planned Parenthood acts as their main source of health care (Clark 4).  Many individuals with low incomes depend on these clinics to maintain or help better their health.  Recently, the federal government is trying to pass the Pence Amendment, which would eliminate funding to these institutions. The federal government needs to realize how important Planned Parenthood Clinics are too numerous individuals and the struggles that such people will face if the organization is demolished due to extreme lack of funding.  Without these clinics, many individuals will be left stranded, and most likely, susceptible to declined health, due to the loss of early screenings and treatments that will no longer be available to them at a rate they can manage financially. \r\n\tPlanned Parenthood is a predominantly government funded establishment that provides free or heavily discounted medical education, prescriptions, and procedures in regards to sexual diseases and pregnancies to all who inquire.  If the organization is not funded, it is taken from predominately low socioeconomic households and minors. As stated in Teague\u2019s article, \u201c\u202675 percent of people who use Planned Parenthoods\u2019 services are at or below the poverty level\u201d (5), and the few with money are using the government funded crowded establishment Planned Parenthood.  This is one of the reasons that cuts would be so devastating. As reported by National Right to Life News, \u201clegislators were three times more responsible to high-income constituents than middle-income constituents and were the least responsive to the needs of low-income constituents\u201d (fairvote 5). This is another case where it will be the poor that will endure the hardship.  It is much easier to cancel a free service when those without money, ergo power, are the main people who will suffer.\r\n\tIn addition to taking away the availability of health provisions, this amendment will be taking away millions of jobs nationwide. Within each of these clinics are multiple employees ranging from customer service attendants to doctors.  There are more than 880 health centers nationwide and several administrative offices across the country (Planned Parenthood 2).  Are not we supposed to be focusing on making jobs available within our nation?  Taking away countless jobs will damage this nation instead of benefit it.  It will cause more suffering, which is what Planned Parenthood is trying to eliminate.\r\n      The eliminating of funds to clinics will cause many to go without preventative care such as contraception. If people no longer have access to birth control, the population rate will continue to rise.  When the government takes away funding, and therefore, birth control, unplanned births will happen and with that additional fees that the government will have to cough up. Sure, you save money up front when defunding Planned Parenthood but in the long run you are causing a bigger problem.  As Groff states, \u201cFamily planning is a regular part of women\u2019s health, every $1 spent on family planning saves $4. It is fiscally responsible\u201d (1).  With unwanted pregnancies, come unwanted children or children for whom we are not prepared for which go into foster care as well as becoming wards of the state which is directly paid for by the government or families dependent on other government subsidies.  Overall, the government will be creating a bigger problem instead of embracing the benefits Planned Parenthood clinics provide to individuals everywhere.\r\n\tAlthough Planned Parenthood is mostly associated with abortion services that is not what they promote or advertise. For years, they have been all about educating the youth on the risks of participating in sexual activities as well as providing many different kinds of preventative care.  Education is extremely important and valued in this country. Taking away funding to an institution that promotes and instills protection and planning is not going to help our youth become well and more aware individuals. It is the educational materials such as pamphlets, magazines, and medical journals, as well as the educated staff that the clinics provide, in which are exceedingly important in keeping our citizens safe. When funding goes away, those important services and amenities go away but the actual sexual activities do not. This leaves us in a much more risky environment with fewer resources.\r\n\tIn addition to the clinics providing education they go further and provide counseling for all aspects of topics. An individual can rest assured knowing there is always someone they can talk to and confide in when they don\u2019t know where else to turn. Also, the counselors provide a release for those individuals that have suffered abuse and need assistance. With all these valuable services, it is not clear why our government would do anything to hinder this organization when it is obviously helping so many people every day. It makes you wonder what could be of greater importance than all of this that would lead supporters to banning this great organization.\r\n\tSupporters of the bill that would banish funding for Planned Parenthood are guided by their beliefs that the organization generates activities of sin and creates sinners.  They are motivated by their religious views that abortion is an unforgivable sin and those that partake in or make abortions accessible are sinners. They are attacking Planned Parenthood because it is the main provider of abortions every year. According to B.A. Robinson, there has been \"over $13 million in damage caused by violent anti-abortion groups since 1982, in over 150 arson attacks, bombings, and shootings\u201d (4). While they are correct in this fact, they are not taking in all that Planned Parenthood is. While they focus on the abortion services the clinics provide, they ignore the many incredible things they offer aside from abortions.  They don\u2019t realize that by taking away Planned Parenthoods funding, they are also taking away the preventative measures they provide in order to try and eliminate the need for abortions.\r\n\tThe benefits of Planned Parenthood deserve the federal funding that is given to them.  The amount of lives that are positively affected not only outweighs the financial drain of the organization, but should be what federal money goes towards if it goes towards anything that helps people.\tAs stated by our founding father, Thomas Jefferson, \u201call men are created equal\u201d but if this law does pass it goes against that statement completely.  It will segregate the low-income individuals from the middle to high-income individuals.  We need to stick together as a nation and work with one another to fix the problems we face and not create new ones.\r\n\r\nWorks Cited\r\n\r\nClark, Kalysha. \"Funding for Planned Parenthood Faces Risk.\" The-Dispatch. 24 Feb. 2011. Web. 4 Apr. 2012.\r\nElko, Courtney. (qtd in Groff 1) \"Planned Parenthood Could See the Elimination of Federal Funding - Marple Newtown, PA Patch.\" Marple Newtown, PA Patch - News, Sports, Events, Businesses &amp; Deals. 28 Feb. 2011. Web. 13 Apr. 2012.\r\n\"FairVote.org | Voter Turnout.\" FairVote.org | Home. Web. 4 Apr. 2012.\r\nJob Opportunities - Planned Parenthood. Web. 18 Apr. 2012.\r\nRobinson, B. A. \"Violence and Harassment at U.S. Abortion Clinics.\" ReligiousTolerance.org by the Ontario Consultants on Religious Tolerance. Web. 18 Apr. 2012.\r\nTeague, Macall. \"Wrongfully Aiming at Planned Parenthood - Opinion.\" Courier. 10 Mar. 2011. Web. 17 Apr. 2012."}, "word_count": 1253, "site_id": 1, "category_id": null, "donor_id": 975212, "status": "active-indexed", "created_at": "2012-05-04T19:19:13.000Z", "source_title": "Planned Parenthood - Argumentative Essay", "page_count": 6, "meta_data": {"document_uri": "/essay/Planned-Parenthood-Argumentative-Essay-F3C3R9KJVC"}}}}