{"essay_id": "P3M6YDLJF99X", "essay_category": "Argumentative Essay", "essay_title": "Romeo And Juliet Argumentative Essay", "word_count": 756, "submitted": "Feb 15th, 2015", "page_count": "4 Pages", "essay_url": "https://www.bartleby.com/essay/Romeo-And-Juliet-Argumentative-Essay-P3M6YDLJF99X", "document": {"meta": {"statusCode": 200, "limit": 25, "page": 1}, "data": {"id": 3368331, "document_id": "P3M6YDLJF99X", "title": "Romeo And Juliet Argumentative Essay", "document_text": {"body": "Romeo and Juliet Argumentative Essay\n\tWilliam Shakespeare\u2019s Romeo and Juliet is set in 16th century Verona, Italy. A play that relays the story of two young lovers whose ill-fated deaths end an ancient family feud. The two lovers, Romeo and Juliet, come from families who disapprove of their love.  Their situation complicates as the play progresses, with an arranged marriage and several deaths. Romeo and Juliet both fall to the consequences of their secret marriage. Even from the beginning, their decisions were rash; especially from Romeo.  Shakespeare use of various tactics in developing Romeo\u2019s character in the play. He shows that Romeo has an impulsive and emotional disposition. In the play Romeo and Juliet, Romeo is irrational.\n\tFirstly, after meeting Juliet for the first time, Romeo falls hopelessly in love. He climbs the wall to her orchard; he drops in where a guard of the Capulet household could have killed him. But he thinks he is on \u201clove\u2019s light wings\u201d(II.ii.30) When Juliet steps on her balcony, she scolds Romeo. But he tells Juliet that he would rather die than be without her love \u201cAnd but thou love me, let them find me her\u2026 My life were better ended by their hate\u2026 Than death prorogued, wanting of thy love.\u201d (II.ii.80-83) Romeo has only known Juliet for barely a night and he is already in love with her. He already wants a future with Juliet without even trying to get to know her. This shows how quite irrational Romeo is because he\u2019s quick to judge. How does he know he and Juliet will get along in the future? Does he take accountability their family\u2019s reactions to their love? This is why Romeo is an irrational person.\n\tSecondly, right after Juliet Romeos proposal , Romeo rushes to Friar Lawrence, and asks the priest to marry them. Romeo tells the priest \u201cThen plainly know my heart\u2019s dear love is set\u2026 on the fair daughter of rich Capulet\u2026 As mine on hers, so hers is set on mine,\u2026 We met, we wooed and made exchange of vow,\u2026 I\u2019ll tell thee as we pass; but this I pray,\u2026 That thou consent to marry us today.\u201d(II.iii.51-58) Friar Lawrence is shocked since he knows that Romeo has earlier claimed his undying love for Rosaline. Friar Lawrence comments on Romeo\u2019s irrationality \u201cYoung men\u2019s love then lies\u2026 Not truly  in their eyes.\u201d (II.iii.61-62) This shows how irrational Romeo is because how quickly he forgot about his crush and moved on to another girl so fast. Plus Romeo wants to marry Juliet without getting to know her. They\u2019ve only known each other for such little time and they already want to marry each other. This shows how irrational Romeo is.\n\tHowever, some people might argue that Romeo isn\u2019t irrational. One example of Romeo not being irrational was when he met Juliet at the party. \u201cIf I profane with my unworthiness hand\u2026 This holy shrine, the gentle fine is this: My lips, two blushing pilgrims, ready stand\u2026 To smooth that rough touch with a tender kiss.\u201d (I.V.91-94) It\u2019s good for Romeo to find a new person to love and cherish. When he has Juliet, he forgets about Rosaline\u2019s rejection. It\u2019s a good thing because it makes Romeo happy that he has someone to love. He\u2019s always been a lover. This is why Romeo isn\u2019t irrational.\n\tThe opponent would further argue that Romeo isn\u2019t irrational. Another example of Romeo not being irrational was when he was confessing his love for Juliet \u201c or if thou thinkst I am to quickly won,\u2026 I\u2019ll frown, and be perverse, and say thee nay,\u2026 So thou wilt woo; but else, not for the world\u2026 In truth, fair Montague, I am too fond,\u2026 and therefore thou mayst think my \u2018havior light;\u2026 But trust me, gentleman, I\u2019ll prove more true\u2026 Than those that have more cunning to be strange.\u201d(II.ii.95-101) What Romeo is telling to Juliet is that he is falling for her and it\u2019s really hard to hide his true feelings. It\u2019s good for Romeo to confess his love. It\u2019s a great for him that he loves somebody new, other than Rosaline. This is another reason why Romeo isn\u2019t irrational.\n\tIn the play Romeo and Juliet, Romeo is irrational. He\u2019s irrational by falling in love too fast with Juliet. He wants to get married as soon as possible. On the other hand Romeo loves a person other than Rosaline, the girl the rejected him and broke his heart. It\u2019s good for him to love because he\u2019s a lover. To conclude, Romeo is an irrational person.\n"}, "word_count": 756, "site_id": 32, "category_id": null, "donor_id": null, "status": "active-indexed", "created_at": "2015-02-15T14:07:16.000Z", "source_title": "Romeo And Juliet Argumentative Essay", "page_count": 4, "meta_data": {"document_uri": "/essay/Romeo-And-Juliet-Argumentative-Essay-P3M6YDLJF99X"}}}}