{"essay_id": "P335HWT36Y3W", "essay_category": "Argumentative Essay", "essay_title": "The Odyssey : Argumentative Essay", "word_count": 2150, "submitted": "Feb 18th, 2015", "page_count": "9 Pages", "essay_url": "https://www.bartleby.com/essay/The-Odyssey-Argumentative-Essay-P335HWT36Y3W", "document": {"meta": {"statusCode": 200, "limit": 25, "page": 1}, "data": {"id": 5455620, "document_id": "P335HWT36Y3W", "title": "The Odyssey : Argumentative Essay", "document_text": {"body": "The Odyssey: Argumentative Essay\n\t\u201cThinking before acting is wisdom, but acting before thinking is regret. (PictureQuotes.com)\u201d This quote relates directly to the main character in The Odyssey, Odysseus, who is trying to get home to his wife and son who are being bombarded by suitors to take her hand in marriage, unknowing of the return of Odysseus. As Odysseus journeys home with his crew, they overcome many obstacles with the help of his leadership and the mythological greek gods, yet lose many crew members along the way. Throughout The Odyssey, Odysseus endangers many people including people he does not even know. As much as people may say that Odysseus was a great leader, there is more evidence that he puts his crew in danger absent-mindedly, risks his family to get revenge, and deals with his problematic people in cruel and idiotic ways, proving he is not, in fact, a morally good man.\n\tAlthough Odysseus really cares for his crew, he puts them in danger without learning from the incidences, too many times. Some of the danger is shown for the first time by Odysseus and his crew arriving at the Land of the Cyclops where they rudely make themselves at home in a cave (home), while looking around . Odysseus describes,\nFilling a great goatskin mow, I took this wine,\nprovisions too in a leather sack\u2026.\n\u2018Strangers!\u2019 he thundered out, \u2018now who are you?...\nwho risk their lives to plunder other men?\u2019\nLurching up, he lunged out with his hands toward my men\nand snatching two at once, rapping them on the ground\nhe knocked them dead like pups.\n(Homer 9. 236-237,284-287, 324-326)\n\nThis quote describes Odysseus absentmindedly taking the goods from a random cave only to find out that it belonged to a man-eating cyclops. Odysseus definitely should have left the unknown cave\u2019s resident\u2019s stuff alone because it is a rule everyone learns at a young age: do not steal from others. Not thinking of the consequences, Odysseus stole, not thinking of his crew, something a leader should not do. Later, Odysseus\u2019 ship was blown the opposite way that they had wanted to go, so him and his crew needed a place to stay. After docking at the first piece of land they see, Odysseus explains,\nSo I sent some crew ahead to learn who lived there--\nmen like us perhaps, who live on bread\u2026\nStraightaway she summoned royal Antiphates from assembly,\nher husband, who prepared my crew a barbarous welcome.\nSnatching one of my men, he tore him up for dinner--...\nThey speared the crew like fish\u2026\nmy ship alone.\nBut the rest went down en masse. Our squadron sank. \n(Homer 10. 110-111, 125-127, 135, 144-145)\n\nThis quote provides an example of when Odysseus endangers his crew by sending them out into the unknown land which consequently concluded with their murders by hungry cannibals. If Odysseus would have been more cautious, almost all of this incident could have been prevented. Like when Odysseus says that his squadron sank, meaning that the majority of his crew died, it could have been stopped if he would have been armed and ready for anything since he did not know what was ahead. After that, Odysseus and his crew travel to Aeaea to look for a place to stay because of their ships being blown off track. Odysseus describes,\n\tAnd so, numbering off my band of men-at-arms \n\tinto two platoons, I assigned them each a leader:\n\tI took one and lord Eurylochus the other.\u2026\n\tOnce they\u2019d drained the bowls she filled, suddenly \nshe struck with her wand, drove them into her pigsties,\nall of them bristling into swine--with grunts,\nsnouts--even their bodies, yes, and only \nthe men\u2019s minds stayed steadfast as before. \n(Homer 10. 222-224, 261-265)\n\nThis quote provides yet another example of Odysseus putting his crew in danger by choosing to send off to investigate Aeaea, only to find a goddess, Circe, who ends up turning the crew into animals who almost had to stay with her forever. Odysseus should have stuck with his crew that had already decreased due to his faults, and warned them of the mischievous gods and goddesses since he had knowledge of them. These examples prove that Odysseus did not learn from the consequences from the previous mistakes he made of putting his crew in danger, but instead continued with his actions, resulting in scares and deaths.\n\tThough Odysseus loves his family enough to fight for and protect the, he puts them in danger and does not do anything about it too many times, sometimes even encourages it, just for revenge. To begin with, Odysseus started to show signs of mixed priorities after returning home to Ithaca and revealing his identity to his son Telemachus. Odysseus starts to figure out how he\u2019s going to kill the suitors by discussing the plan with his son. Odysseus plans,\n\t\u201cI\u2019ll give you a nod, and when you catch that signal\nround up all the deadly weapons kept in the hall,\nstow them away upstairs in a storeroom\u2019s deep recess--\nall the arms and armor--and when the sutors miss them\nand ask you questions, put them off with a winning story\u201d\u2026\nhere was a battle looming, well he knew\nHe turned at once to Telemachus, warnings flying:\n\u201cA bad break in the fight, my boy!\u201d\n(Homer 16. 315-319, 22. 158-160)\n\nIn this quote Odysseus is explaining a murderous plan about how he and Telemachus are going to fight off 100+ men, alone, undoubtedly putting his only son in a large amount of danger. Later in the quote it exhibits Odysseus yelling to his son during the actual fight scene that something in the plan had backfired putting them both in an imminent threatening situation. Odysseus should have then quickly taken Telemachus out of that scene but did not, making it a valid question asking if he cares more about revenge or his family.  Then, Odysseus, disguised as a beggar, talks directly to his wife Penelope about her good fortune in the future. Odysseus says,\u201c\u201cDestruction is clear for each and every suitor; /not a soul escapes his death and doom.\u201d...\u201cHe\u2019s here--Odysseus--he\u2019s come home, at long last! / He\u2019s killed the suitors, swaggering young brutes / who plagued his house, wolfed his cattle down,  / rode roughshod over his son! (Homer 19. 628-629, 23. 7-10)\u201d This quote explains Odysseus being home with Penelope and being able to tell her of the timing of the murders but does not, severely endangering Penelope during that scheduled time. Odysseus had two choices; to reveal to Penelope who he is and what he is planning on doing in their house within the next few days, or proceed to pretend to be a wise beggar who does not warn Penelope. Obviously he chose the latter, putting her at risk with all of the violence he was planning on committing while she was there. Afterward, the murderous plan of Odysseus starts to unfold while the all the suitors were gathered in the halls, Odysseus and Telemachus watching over them. Odysseus yells,\u201cNow it\u2019s for us to hurl at them, I say, / into this ruck of suitors! Topping all their crimes / they\u2019re mad to strip the armor off our bodies!\u201d... And again the suitors hurled their whetted shafts / but Athena sent the better part of the salvo wide--...True, Amphimedon nicked Telemachus on the wrist--. (Homer 22. 275-277, 285-290)\u201d In this quote Odysseus literally tells his son to fight against multiple armed men with a goal of killing as many as possible. Odysseus could have found other talented older men to help with his plan, or better yet, just kicked the suitors out as a solution, but he chose the more cruel way. Near the end of the quote, Telemachus even gets hurt due to a really close call due to a spear! Odysseus prioritizes vengeance over his family\u2019s safety which is not a good quality. To sum that up, Odysseus does not think of his family 's safety as the highest priority but instead his revenge, proving that Odysseus is more cruel than loving of his family.\nWhile some may argue that Odysseus had a good reason to be angry due to the people who took food and/or happiness from him, he uses punishments too cruel for the circumstances, just for his enjoyment. The first example of Odysseus overreacting was when a suitor was taunting him and he forgot all the peace he was trying to keeping and fought back. The suitor taunted,\u201cSo, / keep your fists to yourself, don\u2019t press your luck, don\u2019t rile me,  / or old as I am, I\u2019ll bloody your lip\u2026 / and Irus hurled a fist  / at Odysseus\u2019 right shoulder as he came through / with a hook below the ear, pounding Irus\u2019 neck, / smashing the bones inside-- (Homer 18. 24-26, 109-112)\u201d This quote is a clear-cut incident on when Odysseus made a mountain out of a molehill and broke the bones of an annoying suitor who just warned him. Odysseus should have just leave or told the suitor to leave him alone, but instead, did the most immature thing and severely injured the man, possibly killing him.  Another example of Odysseus blowing something out of proportion was after he surrounded Melanthius, the man who tried to protect and help the suitors by giving them armor and weapons to use against Odysseus. Odysseus ordered,  \u201cYou two wrench Melanthius\u2019 arms and legs behind him, / fling him down in the storeroom--lash his back to a plank / and strap a twisted cable fast to the scoundrel\u2019s body, / hoist him up a column until he hits the rafters-- / let him dangle in agony, still alive, / for a good long time! (Homer 22. 181-183)\u201d This quote is a definite example of Odysseus reacting disproportionately by severely harming a helper of the suitor\u2019s who was only trying to defend himself and others. Odysseus just proves to be a bully to the man by tormenting Melanthius. Instead of putting him out of his misery right away like he\u2019s intending to do no matter what he made him \u2018dangle in agony\u2019, and \u2018lash his back to a plank\u2019, all very unpleasant things. Yet another instance where Odysseus overreacted was when he finished killing the suitors and their helpers and he remembered that some of the maids that worked for him slept with the suitors, betraying him and his wife. The head maid recalls, \n\u201cSome dozen [maids] in all went tramping to their shame,\nthumbing their noses at me, at the queen herself!\u201d...\nOdysseus called Telemachus over, both herdsmen too,\nwith strict commands: \u201cStart clearing away the bodies.\nMake the women pitch in too. Chairs and tables--\nscrub them down with sponges, rinse them clean.\nAnd once you\u2019ve put the entire house in order,\nmarch the women out of the great hall--between\nthe roundhouse and the courtyard\u2019s strong stockade--\nand hack them with your swords, slash out all their lives--\nblot out of their minds the joys of love they relished \nunder the suitors\u2019 bodies, rutting on the sly!\n(Homer 22. 449-450, 461-470)\n\nThis quote is a horrific example of when Odysseus felt the need to brutally murder the suitor\u2019s mistresses. Odysseus was way to cruel by making them clean up their lovers dead bodies and then be killed themselves. He went above and beyond what he should have done, which was either talked to them about their loyalty to him, or kicked them out. In the end, Odysseus did not have a good enough reason to be that brutal to anyone, especially the people that he did not know for sure committed a crime, justifying that Odysseus was not a humanly acceptable man who wasn\u2019t morally right at any point of time.\n\tAs much as people may say that Odysseus was an effective leader, there is more evidence that he puts his crew in danger without even thinking of the consequences, risks his family for vengeance, and deals with people who get in his way in inhumane ways, verifying that he is not a good man but is a absentminded, cruel fool. Today, too many people idolize the popularity of people, just like the people of Odysseus. In society, we need to raise the standards of a  'good ' person, and recognize the real kind people in life. Like in football, one of the players may be trend setter, and a real jerk, but people do not care because they feel it is just the sport that matters, yet they still cheer for him. They are just encouraging him, and not looking for what really matters in a person: kindness, honesty, responsibility and respect for others. Everyone needs to pay attention to the real stars in life. As great as celebrities like Odysseus may seem, inside, they are really horrible people who are arrogant, cruel, and do not deserve the attention they currently get. "}, "word_count": 2150, "site_id": 32, "category_id": null, "donor_id": null, "status": "active-indexed", "created_at": "2015-02-18T22:26:19.000Z", "source_title": "The Odyssey : Argumentative Essay", "page_count": 9, "meta_data": {"document_uri": "/essay/The-Odyssey-Argumentative-Essay-P335HWT36Y3W"}}}}