{"essay_id": "FKQLJJUTKRZ3W", "essay_category": "Argumentative Essay", "essay_title": "The Federalist 51 Argumentative Essay", "word_count": 1160, "submitted": "Nov 15th, 2015", "page_count": "5 Pages", "essay_url": "https://www.bartleby.com/essay/The-Federalist-51-Argumentative-Essay-FKQLJJUTKRZ3W", "document": {"meta": {"statusCode": 200, "limit": 25, "page": 1}, "data": {"id": 5472884, "document_id": "FKQLJJUTKRZ3W", "title": "The Federalist 51 Argumentative Essay", "document_text": {"body": "Federalist 51 Argumentative Essay\nIn order to have a stable government one must first be able to separate its powers equally among its members. James Madison explains how he wants the government to be broken down into three branches, the legislative, executive and judicial branch. This is the case in order to not give anyone more power than the other and to keep members from having little to no communication with members of other branches. Madison wrote Federalist 51 in 1788 in order to state his opinion on how he thinks the powers of government should be handled and distributed. He also talks about his concerns of what could happen if the government is not secure and the troubles that could occur. Madison while writing this essay is wanting to convey what he thinks a powerful government needs in order to survive and have as little problem as possible. He highlights on the powers of the legislative branch should and should not have. In this argument Madison is speaking of how the governments power should be given equally towards each branch because he believes that power can not be controlled by one branch alone.\nThis applies to the security of power by dividing the legislative branch into smaller branches. What this does is separate the powers with the legislative branch into two smaller branches called The House of Representatives and the Senate, which has checks and balances between them. This was done because if one looks at all the branches as a whole they would see that the legislative branch is the most powerful. What Madison would have liked is the separation of power given equally within each branch which can never be done equally but can be reduced separately. He explains that dividing power helps keep track of its growth in any direction. \u201cAs the weight of the legislative authority requires that it should be thus divided, the weakness of the executive may require, on the other hand, that it should be fortified\u201d (paragraph 6, line 5). It is explained that the power does not have anything to do with just the other branches themselves but with the people and society. There must be an agreement between the people and the government in order to have the people wanting to obey what the government says they can and can not do or else the people will feel that the government is just do as it likes without taking into consideration what the people want. Also how elections should be run and processed, he writes that in order to have a working branch there must be credentials that must be considered in order to be part of a certain branch. This is very important to the decisions on who is considered qualified to help run one of the branches which he explains is a step that must be looked at carefully. This would mean that the citizens would chose the judges, the president and the legislatures in order to have the citizens give out their opinions. It is important for judges to have qualifications but at the same time the citizens must be aware of what they are, or else the judicial branch would fall because of ignorance. \nThis way of using rival interests to detect motives where in some cases the majority can threaten the interest of the minority. This could lead to conflict which is why he proposes to have a durable government and this comes from the will of the people, which will help secure the protection of everyone\u2019s rights. Though he states that it would be extremely difficult for the majority to overpower the minority but it still holds as a threat which is why it must be monitored. \u201cThis, at best, is but a precarious security; because a power independent of the society may as well espouse the unjust views of the major, as the rightful interests of the minor party, and may possibly be turned against both parties\u201d (paragraph 10, line 7). This comes into play because the larger the government the larger the republic which means there will be more people to join factions. Madison talked about how the government should be broken into factions because the more the factions the better the decisions will be made. This would help prevent factions forming together and going against other factions. \nIt is also mentioned that there should only be one republic that is communicating to one government. This is important because there can not be more than one government or else there will be a fight for power which would cause a split between the people. This would cause two republics to form and divide the nation which is not what Madison wants to happen. This would also cause an increase in security because the people\u2019s rights must be secured at all costs in order to not have uprisings within the community. \u201cIn the compound republic of America, the power surrendered by the people is first divided between two distinct governments, and then the portion allotted to each subdivided among distinct and separate departments\u201d (paragraph 9, line 3). He wants everyone to understand that security of power is key to controlling a government, that everything must be equal when for some reason a government will split. Though in Madison\u2019s essay he doesn\u2019t spend much time talking about the importance of communication and security but he makes it quite clear that its something a government needs and that it is important to be able to protect the citizen\u2019s rights. Though what he does spend a large portion of the essay is on the importance of the peace within a government and how to keep enemy from taking control. He emphasizes on the matter of not just civil rights but also religious rights. \u201cIn a free government the security for civil rights must be the same as that for religious rights\u201d (paragraph 10, line 12). It is brief but its still important to Madison \nIn conclusion what Madison is really trying to say is that a government should split its powers into separate factions in order to have a proper running government. So that the people have a choice on how they want the government to be run yet at the same time be able to control how to deal with the people request. He wants the government to have checks and balances in its system to where it can not be overrun or abused in any way. This is important because in order to run a functional government Madison believes that there must be balance and communication between the government and the people. That having certain people being part of the government is very crucial to how the governments should be run. What is noticed throughout the reading of this essay is the amount of detail that Madison put in to it. It really shows how descriptive and how much thought was put in it. \n"}, "word_count": 1160, "site_id": 32, "category_id": null, "donor_id": null, "status": "active-indexed", "created_at": "2015-11-15T20:50:26.000Z", "source_title": "The Federalist 51 Argumentative Essay", "page_count": 5, "meta_data": {"document_uri": "/essay/The-Federalist-51-Argumentative-Essay-FKQLJJUTKRZ3W"}}}}