{"essay_id": "P38D9W3VU5YW", "essay_category": "Argumentative Essay", "essay_title": "The Importance Of Writing An Argumentative Essay", "word_count": 969, "submitted": "Aug 13th, 2015", "page_count": "4 Pages", "essay_url": "https://www.bartleby.com/essay/The-Importance-Of-Writing-An-Argumentative-Essay-P38D9W3VU5YW", "document": {"meta": {"statusCode": 200, "limit": 25, "page": 1}, "data": {"id": 5651173, "document_id": "P38D9W3VU5YW", "title": "The Importance Of Writing An Argumentative Essay", "document_text": {"body": "As a student in a beginning English class some elements may seem difficult at the beginning but with practice they become long lasting skills. Writing an argumentative is not an easy task there is a lot of elements that have to come together to create a successful essay but as many other things, it requires constant practice and effort. At the start of this course I wasn\u2019t a very good writer myself, and I can see the huge improvement this course made by looking at my first argumentative essay. I was able to identify and apply the requisites of a good argument essay. A well thought structure, reliable evidence, and a counterargument are three essential components of argumentative writing. \nThe structure of an essay is the foundation to a good argumentative paper. Throughout this course I learned the importance of having an essay structure, before I started this class I didn\u2019t have a very clear vision of how to correctly format my essay. In my diagnostic essay, which was the first one I wrote for English 1302, had five paragraphs. That is considered a standard structure of many essays but it is more of a skeleton. Looking back at that  essay I see how poor my introduction was, I did not even have a clear thesis. One only thing even close to one that I could spot was, \u201cThe \u201cmillennials,\u201d people born in the last two decades of the 20th century, are failing to reflect Rich\u2019s model for a good education.\u201d It merely addresses the topic in a simple way. It did not serve the purpose a thesis should serve, be a roadmap. By the time I wrote essay two my thesis was much better, \u201cDespite of the negative meaning associated with it, an immigration reform would be beneficial to the U.S. in social aspects, such as having undivided families, and by stimulating economic growth.\u201d It addressed my topic which was the immigration reform and it told the reader the content the essay was going to explore, the benefits of approving such law. Theses are important to the structure of the whole essay as topic sentences are to the structure of the paragraphs that compose the essay. Topic sentences let the reader know the main ideas of paragraphs and remind of the reader the topic of the essay. Another important factor I found to be helpful when I outlined my essay was list topic points so I would not forget them and made sure they were not redundant. Finally a conclusion wraps up an essays or its paragraphs with a conclusion sentence that summarizes what was discussed like how important a structure is to a paper and the need to include theses, topic, sentences, and conclusions. \nThe collection of evidence is especially imperative for an argumentative essay because it adds credibility and strengths it. In this course that focuses primarily on argument essays it was necessary of me to learn how to find reliable evidence for my supporting details. The class was very helpful to help me accomplish this, I found ways to make sure my sources were appropriate, especially because I only used online resources. In my essay, \u201cImmigration Reform: Ruining or Stimulating the U.S.?\u201d I used specific data relating the economic benefits of a reform to support my argument and according to the feedback I received it really helped my whole paper because I wasn\u2019t assuming. I also retained myself from making any of the main three essay about me and never used first person, as it is not proper of a formal argumentative essay. Many of my sources came from the great tool provided by the Richland library to find reliable journals. It might be easy to ignore lessons that regard this matter but is crucial to make sure essays only have quality information that address the topic and make the writer gain credibility on their stance. \n\tThe inclusion of a counterargument is an excellent way to improve an argumentative essay because it tells the reader the writer acknowledges the opposition and is able to provide an argument to reject challenging views in a professional manner. When I wrote the diagnostic essay I neglected to include a counterargument and now I can see that if I could revise it and add one it would make the essay much better. I just went on and on about how people do not claim their education but I never stopped to explore the opposing views to find a way to argue the as well.  A counterargument makes the writer seem more educated and not just as someone who tries to impose a stance on the reader, it allows even people who oppose it to possibly reevaluate their stance. \n\tI did my best to incorporate a good structure, research, and counterarguments into all of my essays but it did not always worked the way I wanted to. In rank, from worse to best, my diagnostic essay would be first because I did not know many of the things that were needed for an argumentative essay and it lacked all of the things I now consider extremely important for these essays. Second would be the, \u201cHigher Education Expensive? Yes. Worth It? Most Definitely!\u201d essay I think it lacked the intensity of the components because the word count was so much more than I had ever written and I was concentrated on meeting it I didn\u2019t really payed the attention need, definitely a mistake on my part. Finally I think my best essay was \u201cImmigration Reform: Ruining or Stimulating the U.S.?\u201d It was full of supportive details from different reliable sources, and good structure, and a counterargument that was rebutted with data and logic. This course made me a better writer and showed me the elements that make a good argumentative essay. \n"}, "word_count": 969, "site_id": 32, "category_id": null, "donor_id": null, "status": "active-indexed", "created_at": "2015-08-13T04:12:21.000Z", "source_title": "The Importance Of Writing An Argumentative Essay", "page_count": 4, "meta_data": {"document_uri": "/essay/The-Importance-Of-Writing-An-Argumentative-Essay-P38D9W3VU5YW"}}}}