{"essay_id": "100139", "essay_title": "The aim of this experiment is to investigate what effect the surface area of a parachute has on the terminal velocity of the parachute.", "rate": "3 star(s)", "level": "GCSE", "subject": "Science", "word_count": 656, "submitted": "30/08/2003", "marked_by_teacher": {"teacher_name": "Luke Smithen", "date": "22/05/2013"}, "essay_url": "http://www.markedbyteachers.com/gcse/science/the-aim-of-this-experiment-is-to-investigate-what-effect-the-surface-area-of-a-parachute-has-on-the-terminal-velocity-of-the-parachute.html"}