{"essay_id": "100235", "essay_title": "A Midsummer Nights Dream Shakespeare's treatment of illusion and reality in the play", "rate": "3 star(s)", "level": "AS and A Level", "subject": "English", "word_count": 1862, "submitted": "27/10/2005", "marked_by_teacher": {"teacher_name": "Val Shore", "date": "17/07/2012"}, "essay_url": "http://www.markedbyteachers.com/as-and-a-level/english/a-midsummer-nights-dream-shakespeare-s-treatment-of-illusion-and-reality-in-the-play.html", "description": "A Midsummer Nights Dream<br />\n<br />\nWrite about Shakespeare&#039;s treatment of illusion and reality in the play.<br />\n<br />\nA Midsummer Nights Dream is a comedy written by William Shakespeare, it is a play about lovers and includes madness, mayhem, magic and illusion. The title tells us of the inevitable confusion to come, as in Elizabethan times &#039;A Midsummer Night&#039; was a festival linked with mayhem and chaos, and the fact it is a &#039;dream&#039; conjures up ideas of illusion and fantasy.<br />\n<br />\nThe play has two settings, Athens which represents reality, order and daylight and the woods, the world of the fairies, which symbolize illusion, magic, and a place of darkness.<br />\n<br />\nThere are three main groups of characters the courtiers, the workmen and the fairies whose actions form four different plots within the play.<br />\n<br />\n1. The wedding of Theseus and Hippolyta<br />\n<br />\n2. The love affairs between Hermia, Lysander, Demetrius and Helena<br />\n<br />\n3. The workmen&#039;s play, its planning, rehearsal and performance<br />\n<br />\n4. The quarrel between Oberon and Titania<br />\n<br />\nA Midsummer Nights Dream itself is an illusion, and to enjoy it you must temporarily suspend reality. <br />\n<br />\nLove is an important theme in the play, whether it is true love or induced by magic; it inhibits people&#039;s ability to distinguish what is real or simply an illusion. <br />\n<br />\nThe play begins in Athens, with the preparations for the forthcoming marriage of Theseus, Duke of Athens, to Hippolyta Queen of the Amazons. The use of these characters at the beginning of the play gives it a real sense of importance. Egeus enters with a complaint against his daughter Hermia; she refuses to wed Demetrius who has her father&#039;s consent to marry her, but Hermia is in love with Lysander. <br />\n<br />\nEgeus believes his daughter could not possibly truly love Lysander, of her own free will and that &#039;with cunning hast thou filched my daughter&#039;s heart&#039;. Egeus refers to the love as induced by magic, and believes Lysander and his gifts charmed her &#039;Thou hast by moonlight at her window sung&#039;, &#039;with feigning voice verses of feigning love&#039;, the word &#039;feigning&#039; also implies the love is false. &#039;This man hath bewitched the bosom of my child&#039;. This speech introduces the idea that people&#039;s feelings can be induced by magic, poetry and moonlight so they cannot tell the difference between illusion and reality. <br />\n<br />\nThe young lovers decide to elope and arrange to meet each other in the woods. Hermia confides in her childhood friend, Helena of her and Lysander&#039;s intentions.<br />\n<br />\nHelena is envious of Demetrius&#039;s feelings for Hermia, and even though Hermia tries to put Helena&#039;s mind at rest that she has no feelings for Demetrius, she is still jealous. <br />\n<br />\nHelena&#039;s soliloquy of unrequited love, is an important scene in the play as she speaks of &#039;Things base and vile, holding no quantity&#039;, &#039;Love can transpose to form and dignity&#039;. She is explaining how the power of love, can transform what we would normally consider as undesirable into something quite beautiful. She decides to tell Demetrius of Hermia and Lysander&#039;s plan in the hope that he will once again see her as he once did.<br />\n<br />\nThis is where the mayhem begins as the lovers enter the woods, the world of the fairies. Most of the scenes are set in the night, and the darkness is an essential element. It is the time when most humans are sleeping, and magical beings are awakening. We cannot generally see things very clearly in the dark and this corresponds to the inability to grasp reality.<br />\n<br />\nThe fairies are at home and the humans feel lost and bewildered, Oberon and Puck deviously control their every move by changing their appearances, ways of behaving and creating the illusion of love, from scene to scene.<br />\n<br />\nThe Elizabethans believed that the human world had parallels with the natural world, and that a natural balance must be maintained. If this balance was upset in any way this could have serious consequences.<br />\n<br />\nShakespeare uses this idea, when Titania and Oberon argue over the boy in her care; it has terrible affects on the natural world, the seasons alter quite remarkably and this sets off a sequence of harmful events that the humans find themselves involved in.<br />\n<br />\nWhile Titania Queen of the fairies is sleeping Oberon squeezes a love potion on to her eyelids, he is angry with her for refusing to give the boy to him, he wants to humiliate her and for her to fall in love with something ugly. She is awoken by the sound of Bottom&#039;s singing and she tells him &#039;mine ear is much enamoured of thy note&#039;; &#039;so is mine eye enthralled to thy shape&#039;; she believes she is in love with Bottom, who has been &#039;translated&#039; and has the head of an ass; he looks quite &#039;monstrous&#039;, it is absurd but very funny. Bottom&#039;s transformation into an ass, is ironic as he behaves like an ass throughout the play, but his transformation seems to make him speak more sense. He is obviously surprised by Titania&#039;s words of affection and replies &#039;Methinks, mistress, you should have little reason for that&#039;: and to say the truth, reason and love keep little company together nowadays&#039;. This comment reflects what is happening in A Midsummer Nights Dream.<br />\n<br />\nIn the woods Puck mistakenly places the love juice in Lysander&#039;s eyes when he awakens he declares his love for Helena, denying he ever truly loved Hermia, &#039;The tedious minutes I with her have spent&#039;. &#039;The will of a man is by his reason swayed&#039;; Lysander is implying he had &#039;no reason&#039; when he loved Hermia, this is ironic as he is under the influence of the love juice, and the reality is, he has no reason to love Helena. His use of over exaggerated language shows the power or magic induced love, and how it can affect someone&#039;s ability to determine what it reality or just an illusion. Helena cannot believe Lysander&#039;s claims of love and thinks he is showing her &#039;mockery&#039; and &#039;scorn&#039;, she runs off distressed. Lysander follows her leaving Hermia sleeping.<br />\n<br />\nHermia awakens after having a nightmare, calling for Lysander to remove a snake that she believes is crawling over her breasts. <br />\n<br />\nDreams and illusion often reveal truth and reality, the serpent in Hermia&#039;s dream could be Lysander, and therefore her dream would be considered a premonition.<br />\n<br />\nOberon realizing Pucks mistake sets out to put things right, he tells Puck to find Helena and &#039;By some illusion see thou bring her here&#039;, &#039;I&#039;ll charm his eyes against she do appear&#039;. Oberon then puts the love juice in Demetrius&#039;s eyes and awaits Helena&#039;s return. Demetrius awakens and as soon as he sets eyes on Helena, the love juice takes affect, he uses exaggerated language &#039;O Helen, goddess, nymph, perfect, divine&#039;; &#039;To what, my love, shall I compare thine eyne?&#039; this makes Demetrius sound insincere. Later on in the play when the love juice begins to wear off Demetrius and Lysander no longer use such over dramatic language. <br />\n<br />\nWhen the workmen are rehearsing their play in the woods, they cannot seem to grasp the difference between illusion and reality. This causes them many problems; their main problems are the wall, moon and the lion. They use ridiculous things to make up for the props they do not have, they cannot think of a way to represent the wall in the play and Bottom comes up with the idea &#039;some man or other must present wall&#039;; &#039;and let him have some plaster, or some loam, or some rough-cast about him, to signify wall&#039;; They believe the lion may frighten the ladies, and solve the problem by agreeing Snug must tell the ladies his name, and his mask must cover only half his face. They also discuss how to present the moon and decide one of them must hold a thorn bush and a lantern. They are unaware the solutions they have for their problems, actually shatter the illusion they are trying so hard to create. <br />\n<br />\n In the last act they perform the play to the Theseus, Hippolyta and the courtiers who heckle the workmen throughout the play, as it is so ridiculous. Throughout the play they grossly exaggerate their lines and use overdone alliteration in one of Bottoms scenes, he describes the moon as &#039;Golden, gracious, glittering gleams&#039;, this sounds ridiculous. In the final scene Bottom dies, but as he is dying he announces &#039;Now I am dead&#039;; &#039;Now I am fled&#039;. Then he carries on &#039;Now die, die, die, die, die&#039;. This is one of the most humorous scenes in the whole play. <br />\n<br />\nThe play creates the double illusion of a play within a play, however their performance is so bad they fail to create an illusion.<br />\n<br />\nShakespeare&#039;s treatment of illusion and reality throughout the play is in my opinion quite genius.<br />\n<br />\nHis use of language throughout the play is very important, as in Elizabethan times they had few props, so he used language to create an effective illusion. <br />\n<br />\nThe fairies speak in light rhymed verse, which is very descriptive:<br />\n<br />\n&#039;Over hill, over dale<br />\n<br />\nThrough bush, through briar<br />\n<br />\nOver park, over pale<br />\n<br />\nThrough flood, through fire&#039;.<br />\n<br />\nI wander over every place<br />\n<br />\nSwifter than the moon through space.<br />\n<br />\nThis gives the impression they are light, fast, and magical. This is a complete contrast to the workmen they use prose; they speak commonly and in ordinary sentences which indicates their low status. This contrast in the use of their language shows their differences, the fairies are magical and the workmen ordinary just like their speech. Puck speaks in rhyming couplets, which shows his mischievous nature. The courtiers, Oberon, Titania, Theseus and Hippolyta speak in blank verse which signifies their high status. <br />\n<br />\nShakespeare also uses language to create imagery, &#039;Nodding violet grows&#039;, this suggests the nodding violets &#039;lulled&#039; Titania to sleep; this imagery helps us to actually picture the scene in our heads. The fairies describe &#039;The cowslips tall&#039;, this description helps us realise just how tiny they are, and the scale of fairyland.<br />\n<br />\nOberon&#039;s describes &#039;a little western flower&#039;, &#039;Before, milk-white, now purple with love&#039;s wound&#039;. Oberon&#039;s elaborate use of language transforms a simple flower into something beautiful and magical.<br />\n<br />\nThere are references throughout the play to moonlight; this helps to set up the nighttime scenes, as the play would originally have been played in the daytime. The moon was thought to affect people&#039;s behaviour. This idea is portrayed in the play; the characters act irrationally during the nighttime scenes, and appear to gain clarity as the daytime returns. The young lovers awake, unsure of what they have experienced, and believe they have simply been dreaming.<br />\n<br />\nPuck has the final speech in the play and speaks directly to the audience; he refers to himself and his fellow actors as shadows within a dream, this reminds us that we have been part of an illusion just like the characters in the play. He ends asking the audience to clap this signals the end of the performance, and the illusion created by &#039;A Midsummer Nights Dream&#039;.<br />\n<br />\n.<br />\n<br />\n??<br />\n<br />\n??<br />\n<br />\n??<br />\n<br />\n??<br />\n<br />\n1<br />\n<br />\nBy Shirley Murnane 2005"}