{"essay_id": "100598", "essay_title": "The Periodic Table - Revision Notes The numbers in italics are the page numbers of where more information can be found in the revision guide.", "rate": "5 star(s)", "level": "GCSE", "subject": "Science", "word_count": 1043, "submitted": "28/06/2004", "marked_by_teacher": {"teacher_name": "Brady Smith", "date": "10/04/2013"}, "essay_url": "http://www.markedbyteachers.com/gcse/science/the-periodic-table-revision-notes-the-numbers-in-italics-are-the-page-numbers-of-where-more-information-can-be-found-in-the-revision-guide.html"}