{"essay_id": "101065", "essay_title": "What Is The Dramatic Importance Of Inspector Goole's Character In Priestly's 'An Inspector Calls' And What Things Would A Director Need To Consider When Casting This Role", "rate": "3 star(s)", "level": "GCSE", "subject": "English", "word_count": 768, "submitted": "06/08/2003", "marked_by_teacher": {"teacher_name": "Laura Gater", "date": "24/06/2013"}, "essay_url": "http://www.markedbyteachers.com/gcse/english/what-is-the-dramatic-importance-of-inspector-goole-s-character-in-priestly-s-an-inspector-calls-and-what-things-would-a-director-need-to-consider-when-casting-this-role.html"}