{"essay_id": "101340", "essay_title": "Comparison Of Love Poetry:Remember by Christina Rossetti, How Do I Love Thee? by Elizabeth Barrett Browning and When We Two Parted by Lord Byron", "rate": "4 star(s)", "level": "GCSE", "subject": "English", "word_count": 1519, "submitted": "05/04/2006", "marked_by_teacher": {"teacher_name": "Karen Reader", "date": "08/04/2012"}, "essay_url": "http://www.markedbyteachers.com/gcse/english/comparison-of-love-poetry-remember-by-christina-rossetti-how-do-i-love-thee-by-elizabeth-barrett-browning-and-when-we-two-parted-by-lord-byron-2.html"}