{"essay_id": "101480", "essay_title": "Compare and contest the differing perspectives of Anthony and Cleopatra in act one.In your opinion which one of the characters is portrayed in a more positive light?", "rate": "3 star(s)", "level": "AS and A Level", "subject": "English", "word_count": 1644, "submitted": "20/02/2006", "marked_by_teacher": {"teacher_name": "Val Shore", "date": "26/09/2012"}, "essay_url": "http://www.markedbyteachers.com/as-and-a-level/english/compare-and-contest-the-differing-perspectives-of-anthony-and-cleopatra-in-act-one-in-your-opinion-which-one-of-the-characters-is-portrayed-in-a-more-positive-light.html", "description": "JOSHUA GRAY 19TH NOVEMBER 2005<br />\n<br />\nCompare and contest the differing perspectives of Anthony and Cleopatra in act one.<br />\n<br />\nIn your opinion which one of the characters is portrayed in a more positive light?<br />\n<br />\nAct one of Anthony and Cleopatra deals immediately with the different personalities of Anthony and Cleopatra. It shows the pressure of the outside world on their relationship. By the end of the act you are left unsure as to who is the more treacherous, who is more loving and are given different perspectives of Anthony and Cleopatra. At a quick glance over the act the reader would automatically point the finger at Cleopatra as being the more sinister of the two. However, with a more in depth look it would appear that this is not the case, and we are left challenged as to whom is seem in a more positive light.<br />\n<br />\nAnthony and Cleopatra was written in 1607 during a time of great change in Western Europe. Christian and Pagan world views interacted with each other in rich and often paradoxical ways and signs of that complicated interaction are present in many of Shakespeare works and is clearly evident in Anthony and Cleopatra.<br />\n<br />\nAnthony and Cleopatra is sometimes classified as a tragedy, however, because of it&#039;s uniqueness it is difficult to categorize. Many place it with the Roman plays, Julius Caesar and Cariallunis, all three use Plucharch&#039;s view of the noble Grecians and Romans as their primary source and all three have concerns steeped in historical and political queries. Shakespeare may also have taken inspiration from Robert Games tragedy &#039;Marc Antoine&#039;, Shakespeare with the famous classical treatment of the clash between love and Roman duty in his mind. The poet Virgil wrote, the aenid, which is a Latin epic poem. The poem tells the story of the hero Aneas, whose mission it is to lead the Trojans to a God-given district in Italy. On being shipwrecked of the African coast he meets Dido, queen of Cartage, and falls in love with her and has to be reminded of his mission. He then does the Roman thing and leaves for Italy to find the city Latium, which is to become the parent city of Rome itself. It is easy to see how Shakespeare has consumed information from all the different sources to write Cleopatra, and this enables us to have an insight as to why things happen.<br />\n<br />\nThe first three scenes of act one all takes place in Queen Cleopatra&#039;s palace in Alexandria. Promptly establishing the conflict between duty and passion, ambition and pleasure, Rome and Egypt. The complexity of Cleopatra&#039;s character manifests itself, her incredible emotional vicissitudes, her theatricalllity, her manipulative streak and her genuine passion for Anthony. We are immediately greeted with a less than kind impression of Cleopatra when Philo and Elemetrius have a conversation where they imply that she is a whore &quot;gipsys lust&quot; In Shakespeare&#039;s time this connotated sorcery, treachery and cheap trickery. However their view is simple and straight forward and perhaps not entirely in keeping with what we see when Anthony and Cleopatra enter themselves. Demetrius makes out that Anthony has been seduced by lust rather than love. However, a paradox is made when Anthony and Cleopatra enter, whilst enobarbus makes account of her &#039;infinite variety&#039;. Anthony calls her &#039;a wrangling queen/ whom everything becomes. The way Anthony and Cleopatra act around each other could actually be conveyed as love rather than lust and would therefore contradict enobarbus and Demetrius. Nonetheless, Enobarbus and Demetrius&#039; speech gives an insight as to what fellow Romans think of Anthony. When perceived in this way the tables have been turned and now Anthony is portrayed in a more harsh way.<br />\n<br />\nThe theme of duty versus passion, Rome versus Egypt, both come together in this scene and show how Anthony is forgetting what he is and neglecting his duties; &quot;let Rome in Tiber melt, and wide arch /of the ranged empire fall! Here is my space, kingdoms are clay.....&quot; Anthony is torn between duty and passion. He would be seen more respectable if he stuck with one and had a plausible excuse, but he contradicts this statement by going back to Rome in the next scene.<br />\n<br />\nHe is unable to reconcile the two, their fundamental incompatibility are emphasized by the commentary provided by Philo and Demetrius. When Anthony and Cleopatra appear before us they are beautiful in their excess. They are a grand, godlike couple, a handsome Roman general and a magnificent queen, playful and exuberant, and conscious of their glamour. Anthony revels in his Egyptian life as a respite from a lifetime of fighting wars. Anthony proudly proclaims &quot;we stand up peerless&quot; and within a certain realm he is right, but the world where they stand up peerless is different to Rome&#039;s world of duty of war and ambition. After all, Anthony is Roman and should not forget this. The couple&#039;s beautiful language and delight in one another make no great impression on Philo and Demetrius, who fail to understand Anthony&#039;s evasion of his duties.<br />\n<br />\nIn Act ll we are given a far more dignified view of Anthony. He is noble in repenting his sins. He hears the messenger and finally hears the news that he has been quoting. Anthony sees the cost of the neglect of his duties and he is immediately remorseful, owning up to his faults he encourages the messenger to inform him of all the bad news without fear. This forms an interesting juxtaposition with later scenes where Cleopatra takes retribution on the messenger for bringing bad news. One of Anthony&#039;s most outstanding qualities is his capacity for remorse and in these circumstances he is viewed in a more positive light.<br />\n<br />\nA good source of evidence in answering the question would be Enobarbus because he offers insights on both characters. He mocks Cleopatra&#039;s intense emotions, &quot; I have seen her die twenty times upon far poorer movement&quot; He then proceeds to criticize Cleopatra even more when he cynically tells Anthony that Fulvias death would only be sad if there were no other woman left on the Earth. This might be a real bit of misogany from Enobarbus, however I believe it is an underlying pun against Cleopatra. He then also goes on to criticize Anthony saying with sly innuendo that though the business in Rome cannot do without him, the sexual business he has started with Cleopatra cannot do without him either. This would indicate that Enobarbus thinks that they are both as bad as each other. However, the actual conversation would also be an indication of their familiarity with each other and would intimate that this is a relationship not between master and subject but between two soldiers and old friends. Nonetheless, Anthony is indeed superior to him but is able to have a conversation with Enobarbus as an equal. This would not be possible between Cleopatra and one of her subjects and thus emphasizes Anthony&#039;s noble, traditional side, even though it seems to be fraying.<br />\n<br />\nScene lll gives an amazing characterization of Cleopatra. She is depicted as very selfish and very self centered. In the way she tries to deceive Anthony, &quot;if you find him sad, say I am happy&quot;, just so he feels guilty no matter what. This gives her relationship with Anthony a feeling of a game to it. She starts to play him in a way to keep him hers. She sees nothing wrong with<br />\n<br />\n Keeping Anthony on his toes with a few well placed lies. Cleopatra views every bit of news only in terms of how it relates to her. Anthony&#039;s departure, for reasons of vital importance to the empire, is seen as faithfulness to his love. Fulvias death is evaluated not as news of death, but as a sign of faithfulness of Anthony&#039;s heart. Even when Cleopatra realizes Anthony is not going to stand down, she lets him go but wallows in her own self pity.<br />\n<br />\n &quot;Therefore be deaf to my unpitted folly, I and all the gods go with you. Upon your sword/ sit laurel victory and smooth success/ be strewn before your feet?&quot; She cannot help but toss in a self pitying note to elicit some response from Anthony. Cleopatra has lived her life as the centre of attention, as if life is a play in which she is the star. For the queen, even love has an element of performance and Anthony must proclaim his love to satisfy her.<br />\n<br />\nCONCLUSION<br />\n<br />\nThroughout the play we are given many different perspectives of Anthony and Cleopatra. We are shown how Anthony can be tempted by the exotic frontier of Egypt and Cleopatra; while he is in Egypt he can forget all his worries. In Egypt he can be a sort of King and self indulge. In Rome he is treated as an equal. When in Rome he reverts back to his warlike self. He is a man torn between Egypt and Rome, duty and passion, political ambition and love. He is clearly divided and unsure about what he really wants. He is seen by Romans, not as a traitor, but as someone who has succumbed to Cleopatra. Albeit Anthony&#039;s love for Cleopatra is genuine.<br />\n<br />\nCleopatra is perceived by many as a whore, because of her past, she is frowned upon by the Romans who know nothing apart from war and duty, Cleopatra is in a world of her own and knows nothing apart from the Egyptian way of life of luxury and passion. Act 1 shows a clash of cultures and the struggle to cope in a relationship between such diverse emotions. Therefore I feel that because of their polar differences neither Anthony or Cleopatra can be seen in a more positive light to one another and I therefore cannot give a definitive answer."}