{"essay_id": "101480", "essay_title": "Compare and contest the differing perspectives of Anthony and Cleopatra in act one.In your opinion which one of the characters is portrayed in a more positive light?", "rate": "3 star(s)", "level": "AS and A Level", "subject": "English", "word_count": 1644, "submitted": "20/02/2006", "marked_by_teacher": {"teacher_name": "Val Shore", "date": "26/09/2012"}, "essay_url": "http://www.markedbyteachers.com/as-and-a-level/english/compare-and-contest-the-differing-perspectives-of-anthony-and-cleopatra-in-act-one-in-your-opinion-which-one-of-the-characters-is-portrayed-in-a-more-positive-light.html"}