{"essay_id": "101909", "essay_title": "How does Stainbeck use the characters Curley's wife and crooks to explore at least 2 of the themes in \"Of mice and men\"?", "rate": "4 star(s)", "level": "GCSE", "subject": "English", "word_count": 1607, "submitted": "31/03/2006", "marked_by_teacher": {"teacher_name": "Laura Gater", "date": "20/05/2013"}, "essay_url": "http://www.markedbyteachers.com/gcse/english/how-does-stainbeck-use-the-characters-curley-s-wife-and-crooks-to-explore-at-least-2-of-the-themes-in-of-mice-and-men.html"}