{"essay_id": "102337", "essay_title": "I have chosen to investigate how the amount of force used to propel the margarine tub will affect the speed. I predict that as the force used to", "rate": "3 star(s)", "level": "GCSE", "subject": "Science", "word_count": 290, "submitted": "04/01/2006", "marked_by_teacher": {"teacher_name": "Luke Smithen", "date": "29/05/2013"}, "essay_url": "http://www.markedbyteachers.com/gcse/science/i-have-chosen-to-investigate-how-the-amount-of-force-used-to-propel-the-margarine-tub-will-affect-the-speed-i-predict-that-as-the-force-used-to.html"}