{"essay_id": "103104", "essay_title": "Seamus Heaney's poems explore the loss of childhood and the cruel awakening into the world of adulthood. Discuss.", "rate": "4 star(s)", "level": "GCSE", "subject": "English", "word_count": 2314, "submitted": "21/08/2003", "marked_by_teacher": {"teacher_name": "Stephen Evans", "date": "13/05/2013"}, "essay_url": "http://www.markedbyteachers.com/gcse/english/seamus-heaney-s-poems-explore-the-loss-of-childhood-and-the-cruel-awakening-into-the-world-of-adulthood-discuss.html"}