{"essay_id": "103288", "essay_title": "An investigation into the inhibiting effect of tomato juice on the germination of cress seeds.", "rate": "3 star(s)", "level": "AS and A Level", "subject": "Science", "word_count": 6218, "submitted": "27/11/2003", "marked_by_teacher": {"teacher_name": "Ross Robertson", "date": "10/04/2013"}, "essay_url": "http://www.markedbyteachers.com/as-and-a-level/science/an-investigation-into-the-inhibiting-effect-of-tomato-juice-on-the-germination-of-cress-seeds.html"}