{"essay_id": "104738", "essay_title": "Romeo and Juliet is a play about conflict. By exploring Act 3 scene 5 explain how this theme is presented.", "rate": "3 star(s)", "level": "AS and A Level", "subject": "English", "word_count": 802, "submitted": "05/10/2005", "marked_by_teacher": {"teacher_name": "Paul Dutton", "date": "07/06/2013"}, "essay_url": "http://www.markedbyteachers.com/as-and-a-level/english/romeo-and-juliet-is-a-play-about-conflict-by-exploring-act-3-scene-5-explain-how-this-theme-is-presented.html"}