{"essay_id": "105269", "essay_title": "In \"Much Ado about Nothing\", Shakespeare presents us with a conventional and unconventional heroine in Hero and Beatrice. Which do you prefer?", "rate": "5 star(s)", "level": "AS and A Level", "subject": "English", "word_count": 1805, "submitted": "21/10/2003", "marked_by_teacher": {"teacher_name": "Val Shore", "date": "27/03/2012"}, "essay_url": "http://www.markedbyteachers.com/as-and-a-level/english/in-much-ado-about-nothing-shakespeare-presents-us-with-a-conventional-and-unconventional-heroine-in-hero-and-beatrice-which-do-you-prefer.html"}