{"essay_id": "10534", "essay_title": "&#145;The main democratic deficit in the European Union is psychological, not institutional.&#146; Discuss.", "rate": "4 star(s)", "level": "AS and A Level", "subject": "Politics", "word_count": 1589, "submitted": "11/07/2002", "marked_by_teacher": {"teacher_name": "Grace Thomas", "date": "24/04/2012"}, "essay_url": "http://www.markedbyteachers.com/as-and-a-level/politics/145-the-main-democratic-deficit-in-the-european-union-is-psychological-not-institutional-146-discuss.html"}