{"essay_id": "105659", "essay_title": "Investigating how changing the concentration of sucrose, affects the time it takes for a reaction to take place with Sucrase", "rate": "3 star(s)", "level": "AS and A Level", "subject": "Science", "word_count": 2115, "submitted": "03/06/2005", "marked_by_teacher": {"teacher_name": "Kerry jackson", "date": "19/02/2012"}, "essay_url": "http://www.markedbyteachers.com/as-and-a-level/science/investigating-how-changing-the-concentration-of-sucrose-affects-the-time-it-takes-for-a-reaction-to-take-place-with-sucrase.html"}