{"essay_id": "105678", "essay_title": "Proteins have many functions in the human body and these include transport, catalysis, protection, storage, sensitivity, structure and co-ordination.", "rate": "3 star(s)", "level": "AS and A Level", "subject": "Science", "word_count": 1112, "submitted": "06/06/2005", "marked_by_teacher": {"teacher_name": "Stevie Fleming", "date": "29/05/2013"}, "essay_url": "http://www.markedbyteachers.com/as-and-a-level/science/proteins-have-many-functions-in-the-human-body-and-these-include-transport-catalysis-protection-storage-sensitivity-structure-and-co-ordination.html"}