{"essay_id": "105891", "essay_title": "Examine how the authors of Regeneration and Journeys End show how the stresses of war affect the main characters", "rate": "3 star(s)", "level": "AS and A Level", "subject": "English", "word_count": 1097, "submitted": "28/08/2003", "marked_by_teacher": {"teacher_name": "Katie Dixon", "date": "30/07/2013"}, "essay_url": "http://www.markedbyteachers.com/as-and-a-level/english/examine-how-the-authors-of-regeneration-and-journeys-end-show-how-the-stresses-of-war-affect-the-main-characters.html"}