{"essay_id": "105867", "essay_title": "Indian Musical Instruments", "rate": "3 star(s)", "level": "GCSE", "subject": "Music", "word_count": 261, "submitted": "07/12/2005", "marked_by_teacher": {"teacher_name": "Nathan Smith", "date": "08/01/2013"}, "essay_url": "http://www.markedbyteachers.com/gcse/music/indian-musical-instruments.html", "description": "Indian Musical Instruments<br />\n<br />\nTabla: a pair of finger-played kettledrums, the main accompanying instruments in the classical music of the northern Indian sub-continent, with an extremely elaborate technique. The right-hand drum, tabla, a cylindrical kettledrum made of hollowed wood, is tuned to the tonic of the raga; the left-hand drum, baya, a metal or occasionally pottery bowl, is untuned, the pitch being controlled by pressure with the heel of the hand in performance. Both have a patch of tuning paste on the drumhead to eliminate the out-of-tune overtones so audible on European drums.<br />\n<br />\nSitar: one of the most important musical instruments of the classical music of the northern Indian sub-continent, a long-necked lute with four main plucked strings and three plucked as a rhythmic drone; twelve sympathetic strings are plucked occasionally. The strings can be pulled sideways along the curved metal frets, varying the pitch up to a fifth. The strings vibrate on a flat area of the bridge, which enriches the sound. A bass sitar, the surbahar, is also often used. The sitar was created as a conflation of the Persian setar and the Indian vina.<br />\n<br />\nSarangi: a musical instrument, the principal fiddle of north Indian classical music. The body, carved from a block of wood, has a skin belly. The three bowed gut strings are stopped with a fingernail from the side, often with a glissando from note to note, so that the sarangi matches, and frequently accompanies, singers. There are up to thirty-six metal sympathetic strings. The bow is held underhand, the hair tensioned with the fingers.<br />\n<br />\nAdam Balkan<br />\n<br />\n??<br />\n<br />\n??<br />\n<br />\n??<br />\n<br />\n??"}