{"essay_id": "105978", "essay_title": "Absolute Power Simply Seems To Corrupt Faustus. Once He Can Do Everything, He No Longer Wants To Do Anything; Discuss.", "rate": "4 star(s)", "level": "AS and A Level", "subject": "English", "word_count": 1023, "submitted": "23/10/2003", "marked_by_teacher": {"teacher_name": "Laura Gater", "date": "18/07/2013"}, "essay_url": "http://www.markedbyteachers.com/as-and-a-level/english/absolute-power-simply-seems-to-corrupt-faustus-once-he-can-do-everything-he-no-longer-wants-to-do-anything-discuss.html"}