{"essay_id": "107078", "essay_title": "Explore how the theme of love is presented in Birdsong and a selection of poems by Wilfred Owen.", "rate": "4 star(s)", "level": "AS and A Level", "subject": "English", "word_count": 2527, "submitted": "13/05/2004", "marked_by_teacher": {"teacher_name": "Katie Dixon", "date": "05/07/2013"}, "essay_url": "http://www.markedbyteachers.com/as-and-a-level/english/explore-how-the-theme-of-love-is-presented-in-birdsong-and-a-selection-of-poems-by-wilfred-owen.html"}