{"essay_id": "107363", "essay_title": "T.S Eliot's Preludes and The Love Song of J.Alfred. Prufrock, are examples of modernist poetry which illustrate the concerns of modernist poets.", "rate": "4 star(s)", "level": "GCSE", "subject": "English", "word_count": 1081, "submitted": "06/06/2005", "marked_by_teacher": {"teacher_name": "Laura Gater", "date": "08/05/2013"}, "essay_url": "http://www.markedbyteachers.com/gcse/english/t-s-eliot-s-preludes-and-the-love-song-of-j-alfred-prufrock-are-examples-of-modernist-poetry-which-illustrate-the-concerns-of-modernist-poets.html"}