{"essay_id": "110507", "essay_title": "What Does 'To Kill a Mockingbird' Reveal About the 1930s American Society?", "rate": "4 star(s)", "level": "GCSE", "subject": "English", "word_count": 1644, "submitted": "06/06/2005", "marked_by_teacher": {"teacher_name": "Katie Dixon", "date": "01/01/2012"}, "essay_url": "http://www.markedbyteachers.com/gcse/english/what-does-to-kill-a-mockingbird-reveal-about-the-1930s-american-society.html", "description": "What Does &#039;To Kill a Mockingbird&#039; Reveal About the 1930s American Society?<br />\n<br />\n To Kill a Mockingbird reveals much about the American society in the 1930s which are the main themes that are brought up in the book. The book was written in the 1960s, it was Harper Lee&#039;s first book. It is based on the 1930s in the deep south of North America about a small Alabama town named Maycomb. After the civil war in the 1861-1865, former slaves suffered widespread racial discrimination, especially in the South. This discrimination led to other later effects the Jimmy Crow laws, first developed in a few states later spreading. A major theme is prejudice against certain groups of people like the lower white class and the black community. The segregation between the different communities is caused by ignorance about the unknown and differences between communities which can cause racism.<br />\n<br />\n One of the strongest themes of the book is prejudice because there are many strong examples throughout the whole book. Prejudice, strictly defined, a learned, preformed, and unsubstantiated judgment or opinion about an individual or a group, either favorable or unfavorable in nature. However, nowadays the word means a dislike to a group of people because they belong to different group or category of people. Prejudice is based on racism or generalization about a group of people; the best examples of these are ones where there are laws against certain groups of people. In To Kill a Mocking Bird there are no laws in the book about other groups of people but the higher classes state that is morally wrong to have anything to do with a lower class. We also see that certain people open their mind for example Aunt Alexandra see that Walter is as much human as she is this is evident on both counts while in a conversation with Atticus Aunt Alexandra says, &quot;I&#039;ve been wrong, Atticus. I&#039;ve been so very wrong.&quot; We see each character at his weakest and watch as he grows stronger and more accepting. In chapter 16 people think that Dolphous Raymond is an alcoholic because he married a black woman by holding a can of beer people say that he is constantly drunk and this is the reason that he married a black woman, this is kind of a excuse for what he has done, but Dolphous Raymond is not drunk he pretends to be. Another example of prejudice would be when Jem, Scout and Dill make up plays about Boo Radley the way that they mock him from picking up rumors from what other people say it is very strange but they make assumptions about Boo which is not the way that Atticus raised them.<br />\n<br />\n There is segregation between the four groups of people in the book. First of all there is the high class white who are above everyone and who are considered as the wealthy. The next class is the working white classes who have jobs like farming and struggle to provide like the Cunninghams. The group would be the very poor Ewells who live on a rubbish dump they accept any financial help from anyone unlike the Cunninghams who will not. The lowest class in the Maycomb society is the blacks there are of course smaller groups within the black community but they were all mainly on the outskirts of the towns, this is because of the extreme prejudice of the white folk.<br />\n<br />\n The separation of people by custom or law is known as segregation it could be based on many factors like religion, wealth, culture or race. Nearly all systems of segregation discourage marriage between people of different racial, religious, or social groups. In the United States, for example, many states once outlawed marriage between blacks and whites which is a real life example of segregation. Not until 1967, the Supreme Court of the United States ruled such laws unconstitutional, which was one group discriminating another it was noticed that the more powerful group that was in control was the one that does the discrimination. The United States was not the only country of course segregation was found all over the world among various countries throughout the past. We know that all the white folk live separately from the black folk this is an example of segregation in To Kill a Mocking Bird, because the two communities between the two groups over the time that they are separated the more dominant group the white folk begin to think that segregation is right and people that are break the code are believed to be looked down upon. This is why Atticus is looked down on because in 15 when the lynch mob goes to attack Tom Robinson, Atticus goes there before the mob to protect him. Another example of segregation would be the fact that in the court scene the black people are made to sit separately from the white people and that they can not sit together. <br />\n<br />\n Some of the Jimmy Crow laws were so stupid and ignorant for example in Oklahoma black people had to use different phone booths to white people, other laws were things like black people weren&#039;t aloud to go to a white persons public place and if a black man was sitting on a bus and there wasn&#039;t any seats left he would have to get up to allow white parson to sit down. We also so these Jimmy Crow laws actually in the book in the courtroom scene, when the Jem, Scout and Dill go to the court room there aren&#039;t any seats left and three black people get up to let them sit down. As that the town is so small every body knows every bodies else&#039;s business this could be either a advantage or disadvantage depending on how you look at it. If you need help from someone you wouldn&#039;t need to tell them all your problems but on the other hand people are able to look down on you and prematurely judge you and your actions without thinking about what they are even doing. The repetition of the word &#039;nigger&#039;, throughout the book it is often used in a negative respect to the black people but it is also used positively when some characters say it in replacement of the word colored.<br />\n<br />\n Another point revealed about the American Society would be that all the white middle class would gossip at tea parties as shown in chapter 24. Where the high classed white people Harper Lee stereotypes them and tries to show that they are good and caring Christens even though they look down on every one else and yet don not help them in any way and that everyone else is a lower standard below them, but the book mentions a strong reaction from Aunt Alexandra this could be a superficial reaction but really she doesn&#039;t care and puts on a false front another interpretation of this could be that she learned from Atticus and she is sincere that something so bad had happened to an innocent man. <br />\n<br />\n &quot;&#039;Tom&#039;s dead.&#039; Aunt Alexandra put her hands to her mouth. &#039;They shot him,&#039; said Atticus. &#039;He was running. It was during their exercise period. They said he just broke into a blind raving charge at the fence and started climbing over. Right in front of them-&#039;&quot; This quote shows that Tom Robinson as the act of a desperate man he attempted to escape prison. This makes the reader sympathize with Tom because he never did anything wrong in the first place and was innocently and wrongly killed.<br />\n<br />\n One of Atticus good points is that he is able to be empathic to other people and he tries to teach this ability to Scout throughout the book there are many references to the theme empathy.<br />\n<br />\n &quot;&#039;First of all,&#039; he said, &#039;if you can learn a simple trick, Scout, you&#039;ll get along a lot better with all kinds of folks. You never really understand a person until you consider things from his point of view-&#039; <br />\n<br />\n &#039;Sir?&#039; <br />\n<br />\n &#039;-until you climb into his skin and walk around in it.&#039;&quot; <br />\n<br />\nThis point shows that Atticus teaches Scout things that she would not learn in school and gives her advantages later on in the book so she is able to grasp complex problems like why Boo Radly chooses to isolate himself from the rest of Maycomb.<br />\n<br />\n We also see that many groups of people are stereotyped throughout the book in the 1900s black people were assumed to be unintelligent because they didn&#039;t know how to write or read but they were simply just not given chances to and therefore they given worthless jobs like to cut wood and work the fields. In the book Mayella says <br />\n<br />\n&quot;I said come here, nigger, and bust up this chiffarobe for me, I got a nickel for you.&quot;<br />\n<br />\nThis is when Mayella calls Tom Robinson to her house and this is also when everything goes wrong for Tom. As that Scout is a girl Aunt Alexandra tries to stereotype Scout into what a normal girl would be doing by forcing her to wear a dress at the tea party in chapter 24.<br />\n<br />\n In conclusion, racism segregation and prejudice are all wrong and the book To Kill a Mocking Bird tries to show us that nothing positive can come from them. If you do see something new that you are worried and scared of try to explore it before you build a wall around it to isolate it, and then you will be able to truly judge it for what it is. These problems have been in counted many times and will be in the future time and time again, allowing other people to make there own decisions will help stop the spread of world wide discrimination."}