{"essay_id": "110559", "essay_title": "Discuss the view that in \"Behind the Scenes at the Museum\" and \"Catcher in the Rye\" Holden and Ruby can be regarded as unreliable narrators", "rate": "4 star(s)", "level": "AS and A Level", "subject": "English", "word_count": 2537, "submitted": "06/06/2005", "marked_by_teacher": {"teacher_name": "Karen Reader", "date": "11/05/2012"}, "essay_url": "http://www.markedbyteachers.com/as-and-a-level/english/discuss-the-view-that-in-behind-the-scenes-at-the-museum-and-catcher-in-the-rye-holden-and-ruby-can-be-regarded-as-unreliable-narrators.html"}