{"essay_id": "111370", "essay_title": "Present the way in which imprisonment is presented in 'The Bell Jar'  The bell jar is an inverted glass jar, generally used to display an object of scientific curiosity", "rate": "3 star(s)", "level": "AS and A Level", "subject": "English", "word_count": 1959, "submitted": "14/02/2006", "marked_by_teacher": {"teacher_name": "Val Shore", "date": "01/01/2012"}, "essay_url": "http://www.markedbyteachers.com/as-and-a-level/english/present-the-way-in-which-imprisonment-is-presented-in-the-bell-jar-the-bell-jar-is-an-inverted-glass-jar-generally-used-to-display-an-object-of-scientific-curiosity.html"}