{"essay_id": "111610", "essay_title": "Coastal Management strategies need to consider not only physical processes but also factors associated with human geography.", "rate": "3 star(s)", "level": "AS and A Level", "subject": "Geography", "word_count": 808, "submitted": "20/08/2003", "marked_by_teacher": {"teacher_name": "Nigel Fisher", "date": "15/02/2012"}, "essay_url": "http://www.markedbyteachers.com/as-and-a-level/geography/coastal-management-strategies-need-to-consider-not-only-physical-processes-but-also-factors-associated-with-human-geography.html"}