{"essay_id": "114588", "essay_title": "La tele - bonne ou mauvais influence.", "rate": "3 star(s)", "level": "AS and A Level", "subject": "Modern Foreign Languages", "word_count": 550, "submitted": "14/10/2003", "marked_by_teacher": {"teacher_name": "Sarah Benson", "date": "08/01/2013"}, "essay_url": "http://www.markedbyteachers.com/as-and-a-level/modern-foreign-languages/la-tele-bonne-ou-mauvais-influence.html", "description": "La tele - bonne ou mauvais influence<br />\n<br />\nJe pense que la television est un moyen exceptionnel d&#039;information. Il y a beaucoup des documentaires qui ont valeur educative. Aussi le tele est une bonne source pour les questions d&#039;actualite. Quelques personnes pense que la television est le sommeil de l&#039;esprit. Elle nous habitue a la passivite. Si on a fatiguant c&#039;est plus facile de reste avant la television que lis une livre.<br />\n<br />\nJe pense que le plus on est cultive le moin on parle de la television parce qu&#039;on a les loisirs qui sont plus interresant. Aussi si tu es intellegent tu n&#039;aime pas la plupart de television qui est la television poubelle.<br />\n<br />\nLa tele en France<br />\n<br />\nTF1 est la chaine leader mais le zapping est devenu plus important avec les telecommandes. Les femmes regardent plus de tele que les hommes et les enfants scolarises consacrent autant des temps devant la tele qu&#039;a l&#039;ecole mais aujord&#039;hui plus d&#039;un million de foyers sont abonnes au cable a resultat de (bad picture) et la concurrance d&#039;autre formes de loisirs. Les emissions populaires en France sont ___________ et _________________ <br />\n<br />\nInternet - effets sur la societe aujord&#039;hui et l&#039;avenir<br />\n<br />\nIl y a beaucoup d&#039;information sur l&#039;internet et il y a plus d&#039;information que une bibliotheque. C&#039;est utile pour les etudes. Aussi a grace a l&#039;internet on peut comminiquer a traveur le monde est c&#039;est moins cher que le telephone. Mais il y a des inconvients avec l&#039;internet d&#039;abord il y a des virus et les obscentities comme la pornagraphie. Aussi on doit faire avec attention parce qu&#039;il y a une risque de securite.<br />\n<br />\nLe rapport entre le tele et la presse<br />\n<br />\nLa concurrance de la television ne suffit pas a expliquer cette disaffection. On observe que les pays qui offre le televisuelle est la plus importante sont aussi ceux ou les quotidiens sont les plus lus.<br />\n<br />\nLa presse ecrite - independante ?<br />\n<br />\nEn France il ya les journaux regional et national. Les journaux national est le monde, le figaro la liberation. Ils sont quotidiens mais les journaux le plus lus en France sont les les regionals. Les regionaux sont le premiere media en France devant la television. La lecture des journaux a beaucoup diminue depuis les annees 70. La liberte de la presse en France est capitale et la censure est un danger. La presse a une fonction infomative et aducative mais risque parfois d&#039;exercer une influence immoderee. Il exsiste bien exemples de cas ou la presse essaie de de s&#039;ingerer dans la vie privee des gens. <br />\n<br />\nLe numerique - jeux videos encouragent la passivite<br />\n<br />\nJe pense que la television ecourager la passivite mais je pense que ce ne pas le cas avec les jeux videos. Les jeux videos sont populaires avec les enfants parce que les jeux sont vrainment interactives. Quelquefois les enfants restent cloue devant le petit ecran.<br />\n<br />\nLa Radio - votre opinion<br />\n<br />\nEn France il ya beaucoup de stations la majorite sont situee a Paris. Il y a quelque chose pour tout le monde. Il y a ceraines stations pour les ages different. Il y a beaucoup de publicities a la radio surtout a les stations pour les jeunes. "}