{"essay_id": "114835", "essay_title": "Mis prcticas laborales fue a l'escuela preescolar 'Horndean Hoppers'. Empez mis prcticas laborales", "rate": "3 star(s)", "level": "GCSE", "subject": "Modern Foreign Languages", "word_count": 214, "submitted": "04/01/2006", "marked_by_teacher": {"teacher_name": "Miguel Porras", "date": "06/06/2013"}, "essay_url": "http://www.markedbyteachers.com/gcse/modern-foreign-languages/mis-pr-cticas-laborales-fue-a-l-escuela-preescolar-horndean-hoppers-empez-c-mis-pr-cticas-laborales.html"}