{"essay_id": "115656", "essay_title": "English Horror Story - Creative Writing Coursework  I was driving for about three hours when I realised I had taken the wrong turning and was hopelessly lost. I", "rate": "4 star(s)", "level": "GCSE", "subject": "English", "word_count": 2755, "submitted": "15/12/2005", "marked_by_teacher": {"teacher_name": "Jeff Taylor", "date": "26/04/2013"}, "essay_url": "http://www.markedbyteachers.com/gcse/english/english-horror-story-creative-writing-coursework-i-was-driving-for-about-three-hours-when-i-realised-i-had-taken-the-wrong-turning-and-was-hopelessly-lost-i.html"}