{"essay_id": "117982", "essay_title": "To what extent was Custer to blame for the defeat at the battle of Little Bighorn and to what extent was it due to circumstances outside of his control?", "rate": "3 star(s)", "level": "GCSE", "subject": "History", "word_count": 2002, "submitted": "06/06/2005", "marked_by_teacher": {"teacher_name": "Kate Forbes", "date": "25/06/2012"}, "essay_url": "http://www.markedbyteachers.com/gcse/history/to-what-extent-was-custer-to-blame-for-the-defeat-at-the-battle-of-little-bighorn-and-to-what-extent-was-it-due-to-circumstances-outside-of-his-control.html"}