{"essay_id": "118980", "essay_title": "To what extent was America's policy of containment successful? Use Korea, Cuba and Vietnam in your investigation.", "rate": "3 star(s)", "level": "AS and A Level", "subject": "History", "word_count": 1063, "submitted": "04/01/2006", "marked_by_teacher": {"teacher_name": "Natalya Luck", "date": "17/09/2013"}, "essay_url": "http://www.markedbyteachers.com/as-and-a-level/history/to-what-extent-was-america-s-policy-of-containment-successful-use-korea-cuba-and-vietnam-in-your-investigation.html"}