{"essay_id": "1201605", "essay_title": "Explain the role of effective communication and interpersonal interaction in a health and social care context.", "rate": "3 star(s)", "level": "AS and A Level", "subject": "Healthcare", "word_count": 1395, "submitted": "04/07/2012", "marked_by_teacher": {"teacher_name": "Sam Morran", "date": "01/12/2012"}, "essay_url": "http://www.markedbyteachers.com/as-and-a-level/healthcare/explain-the-role-of-effective-communication-and-interpersonal-interaction-in-a-health-and-social-care-context-1.html"}