{"essay_id": "1201462", "essay_title": "An Investigation into Teenage Pregnancies within Wales and a Comparison with the Netherlands.", "rate": "3 star(s)", "level": "AS and A Level", "subject": "Healthcare", "word_count": 1132, "submitted": "19/06/2012", "marked_by_teacher": {"teacher_name": "Sam Morran", "date": "28/03/2013"}, "essay_url": "http://www.markedbyteachers.com/as-and-a-level/healthcare/an-investigation-into-teenage-pregnancies-within-wales-and-a-comparison-with-the-netherlands.html"}