{"essay_id": "1201522", "essay_title": "The collapse of the USSR was caused by internal problems and had nothing to do with the Cold War. Assess this view.", "rate": "4 star(s)", "level": "AS and A Level", "subject": "History", "word_count": 1195, "submitted": "23/06/2012", "marked_by_teacher": {"teacher_name": "Phil Drake", "date": "17/03/2013"}, "essay_url": "http://www.markedbyteachers.com/as-and-a-level/history/the-collapse-of-the-ussr-was-caused-by-internal-problems-and-had-nothing-to-do-with-the-cold-war-assess-this-view.html"}