{"essay_id": "1202800", "essay_title": "Of Mice and Men: In a letter .John Steinbeck Wrote of Curleys wife: Shes a nice girl and not a floozy. Discuss and explain your own impression of Curleys wife.", "rate": "4 star(s)", "level": "GCSE", "subject": "English", "word_count": 1165, "submitted": "21/08/2012", "marked_by_teacher": {"teacher_name": "Laura Gater", "date": "20/05/2013"}, "essay_url": "http://www.markedbyteachers.com/gcse/english/of-mice-and-men-in-a-letter-john-steinbeck-wrote-of-curleys-wife-shes-a-nice-girl-and-not-a-floozy-discuss-and-explain-your-own-impression-of-curleys-wife.html"}