{"essay_id": "1202667", "essay_title": "Tear, idle tears. analyse, with close reference to the poem, how the author deals with the subject of loss", "rate": "4 star(s)", "level": "AS and A Level", "subject": "English", "word_count": 1086, "submitted": "13/08/2012", "marked_by_teacher": {"teacher_name": "Katie Dixon", "date": "16/07/2013"}, "essay_url": "http://www.markedbyteachers.com/as-and-a-level/english/tear-idle-tears-analyse-with-close-reference-to-the-poem-how-the-author-deals-with-the-subject-of-loss.html"}