{"essay_id": "1202729", "essay_title": "Imagine you are Aunt Pegg. After one week of looking after the children, you write a letter to their parents", "rate": "4 star(s)", "level": "GCSE", "subject": "English", "word_count": 971, "submitted": "15/08/2012", "marked_by_teacher": {"teacher_name": "Jeff Taylor", "date": "20/05/2013"}, "essay_url": "http://www.markedbyteachers.com/gcse/english/imagine-you-are-aunt-pegg-after-one-week-of-looking-after-the-children-you-write-a-letter-to-their-parents.html"}