{"essay_id": "1203503", "essay_title": "Explain the potential effects of five different life factors on the development of an individual with cystic fibrosis.", "rate": "3 star(s)", "level": "AS and A Level", "subject": "Healthcare", "word_count": 2798, "submitted": "19/09/2012", "marked_by_teacher": {"teacher_name": "Jenny Spice", "date": "09/05/2013"}, "essay_url": "http://www.markedbyteachers.com/as-and-a-level/healthcare/explain-the-potential-effects-of-five-different-life-factors-on-the-development-of-an-individual-with-cystic-fibrosis.html"}