{"essay_id": "1203360", "essay_title": "Migration within a countrys borders have greater negative impacts at their origin than their destination. Discuss.", "rate": "4 star(s)", "level": "GCSE", "subject": "Geography", "word_count": 1344, "submitted": "16/09/2012", "marked_by_teacher": {"teacher_name": "Molly Reynolds", "date": "18/03/2013"}, "essay_url": "http://www.markedbyteachers.com/gcse/geography/migration-within-a-countrys-borders-have-greater-negative-impacts-at-their-origin-than-their-destination-discuss.html"}