{"essay_id": "1203417", "essay_title": "The History Boys.  Consider the significance of finding your way in life, in relation to the characters in the play.", "rate": "3 star(s)", "level": "AS and A Level", "subject": "English", "word_count": 2658, "submitted": "17/09/2012", "marked_by_teacher": {"teacher_name": "Katie Dixon", "date": "07/08/2013"}, "essay_url": "http://www.markedbyteachers.com/as-and-a-level/english/the-history-boys-consider-the-significance-of-finding-your-way-in-life-in-relation-to-the-characters-in-the-play.html"}