{"essay_id": "1203067", "essay_title": "How does Williams use dramatic devices in A Streetcar Named Desire to heighten the tragic aspects of the play?", "rate": "4 star(s)", "level": "AS and A Level", "subject": "English", "word_count": 1780, "submitted": "04/09/2012", "marked_by_teacher": {"teacher_name": "Katie Dixon", "date": "07/08/2013"}, "essay_url": "http://www.markedbyteachers.com/as-and-a-level/english/how-does-williams-use-dramatic-devices-in-a-streetcar-named-desire-to-heighten-the-tragic-aspects-of-the-play.html"}