{"essay_id": "1203474", "essay_title": "I will be analysing the legal, ethical and operational issues in relation to the use of business information and relate it to Westminster Kingsway College", "rate": "3 star(s)", "level": "AS and A Level", "subject": "Business Studies", "word_count": 1449, "submitted": "18/09/2012", "marked_by_teacher": {"teacher_name": "Dennis Salter", "date": "15/05/2013"}, "essay_url": "http://www.markedbyteachers.com/as-and-a-level/business-studies/i-will-be-analysing-the-legal-ethical-and-operational-issues-in-relation-to-the-use-of-business-information-and-relate-it-to-westminster-kingsway-college.html"}