{"essay_id": "1203496", "essay_title": "Examine the impacts of UK retirement migration to the Mediterranean on the source and host regions?", "rate": "4 star(s)", "level": "AS and A Level", "subject": "Geography", "word_count": 471, "submitted": "18/09/2012", "marked_by_teacher": {"teacher_name": "Molly Reynolds", "date": "06/06/2013"}, "essay_url": "http://www.markedbyteachers.com/as-and-a-level/geography/examine-the-impacts-of-uk-retirement-migration-to-the-mediterranean-on-the-source-and-host-regions.html"}