{"essay_id": "1203081", "essay_title": "Using these four passages and your own knowledge, assess the view that Napoleons Empire in Europe after 1804 offered little benefit to its subjects.", "rate": "5 star(s)", "level": "AS and A Level", "subject": "History", "word_count": 2001, "submitted": "05/09/2012", "marked_by_teacher": {"teacher_name": "Natalya Luck", "date": "06/06/2013"}, "essay_url": "http://www.markedbyteachers.com/as-and-a-level/history/using-these-four-passages-and-your-own-knowledge-assess-the-view-that-napoleons-empire-in-europe-after-1804-offered-little-benefit-to-its-subjects.html"}