{"essay_id": "1203403", "essay_title": "Pride And Prejudice:Why is the news of the elopement of Lydia and Wickham in Chapter 46 such an important moment and how does it affect what follows in the novel?", "rate": "5 star(s)", "level": "GCSE", "subject": "English", "word_count": 2551, "submitted": "17/09/2012", "marked_by_teacher": {"teacher_name": "Jeff Taylor", "date": "13/08/2013"}, "essay_url": "http://www.markedbyteachers.com/gcse/english/pride-and-prejudice-why-is-the-news-of-the-elopement-of-lydia-and-wickham-in-chapter-46-such-an-important-moment-and-how-does-it-affect-what-follows-in-the-novel.html"}