{"essay_id": "1203202", "essay_title": "Explore the way in which Steinbeck presents the relationships between between Curleys Wife and other characters in Of Mice and Men", "rate": "4 star(s)", "level": "GCSE", "subject": "English", "word_count": 1293, "submitted": "10/09/2012", "marked_by_teacher": {"teacher_name": "Stephen Evans", "date": "20/03/2013"}, "essay_url": "http://www.markedbyteachers.com/gcse/english/explore-the-way-in-which-steinbeck-presents-the-relationships-between-between-curleys-wife-and-other-characters-in-of-mice-and-men.html"}