{"essay_id": "1204149", "essay_title": "How successful were the Five- Year Plans in transforming Russian industry in the years to 1941?", "rate": "4 star(s)", "level": "AS and A Level", "subject": "History", "word_count": 1590, "submitted": "03/10/2012", "marked_by_teacher": {"teacher_name": "Natalya Luck", "date": "06/06/2013"}, "essay_url": "http://www.markedbyteachers.com/as-and-a-level/history/how-successful-were-the-five-year-plans-in-transforming-russian-industry-in-the-years-to-1941.html"}