{"essay_id": "1204682", "essay_title": "Beetroot Experiment. The purpose of this experiment is to determine the effect of temperature on the permeability of cell membranes", "rate": "4 star(s)", "level": "AS and A Level", "subject": "Science", "word_count": 3524, "submitted": "14/10/2012", "marked_by_teacher": {"teacher_name": "Adam Roberts", "date": "17/09/2013"}, "essay_url": "http://www.markedbyteachers.com/as-and-a-level/science/beetroot-experiment-the-purpose-of-this-experiment-is-to-determine-the-effect-of-temperature-on-the-permeability-of-cell-membranes.html"}