{"essay_id": "1204552", "essay_title": "Explain possible priorities and responses when dealing with two particular incidents or emergencies in a health or social care setting.", "rate": "4 star(s)", "level": "AS and A Level", "subject": "Healthcare", "word_count": 2227, "submitted": "12/10/2012", "marked_by_teacher": {"teacher_name": "Sam Morran", "date": "13/08/2013"}, "essay_url": "http://www.markedbyteachers.com/as-and-a-level/healthcare/explain-possible-priorities-and-responses-when-dealing-with-two-particular-incidents-or-emergencies-in-a-health-or-social-care-setting.html"}