{"essay_id": "1204485", "essay_title": "Describe how political, legal and social factors are impacting upon the business activities of  Tescos in the UK and China.", "rate": "4 star(s)", "level": "AS and A Level", "subject": "Business Studies", "word_count": 1381, "submitted": "11/10/2012", "marked_by_teacher": {"teacher_name": "Dennis Salter", "date": "04/04/2013"}, "essay_url": "http://www.markedbyteachers.com/as-and-a-level/business-studies/describe-how-political-legal-and-social-factors-are-impacting-upon-the-business-activities-of-tescos-in-the-uk-and-china.html"}