{"essay_id": "1204158", "essay_title": "Throughout the play Macbeth and Lady Macbeth together demonstrate how ambition can turn a loyal soldier into a bloodthirsty murderer", "rate": "5 star(s)", "level": "GCSE", "subject": "English", "word_count": 1296, "submitted": "03/10/2012", "marked_by_teacher": {"teacher_name": "Jeff Taylor", "date": "20/05/2013"}, "essay_url": "http://www.markedbyteachers.com/gcse/english/throughout-the-play-macbeth-and-lady-macbeth-together-demonstrate-how-ambition-can-turn-a-loyal-soldier-into-a-bloodthirsty-murderer.html"}