{"essay_id": "1204339", "essay_title": "Describe the potential effects of discriminatory practice on those who use health or social care services", "rate": "3 star(s)", "level": "AS and A Level", "subject": "Healthcare", "word_count": 880, "submitted": "10/10/2012", "marked_by_teacher": {"teacher_name": "Sam Morran", "date": "06/09/2013"}, "essay_url": "http://www.markedbyteachers.com/as-and-a-level/healthcare/describe-the-potential-effects-of-discriminatory-practice-on-those-who-use-health-or-social-care-services-204339.html"}