{"essay_id": "1204039", "essay_title": "NVQ level 2 unit 2 Business Administration. Worksheet on Principles of providing administrative services", "rate": "5 star(s)", "level": "GCSE", "subject": "Business Studies", "word_count": 3138, "submitted": "01/10/2012", "marked_by_teacher": {"teacher_name": "Dennis Salter", "date": "01/05/2013"}, "essay_url": "http://www.markedbyteachers.com/gcse/business-studies/nvq-level-2-unit-2-business-administration-worksheet-on-principles-of-providing-administrative-services.html"}