{"essay_id": "1204167", "essay_title": "Explain different types of business information, their sources and purposes for Sainsburys.", "rate": "4 star(s)", "level": "AS and A Level", "subject": "Business Studies", "word_count": 871, "submitted": "09/10/2012", "marked_by_teacher": {"teacher_name": "Dennis Salter", "date": "15/05/2013"}, "essay_url": "http://www.markedbyteachers.com/as-and-a-level/business-studies/explain-different-types-of-business-information-their-sources-and-purposes-for-sainsburys.html"}