{"essay_id": "1204687", "essay_title": "Discuss whether the rules governing insanity as a defence in criminal law are in a satisfactory state or are in need of reform.", "rate": "3 star(s)", "level": "AS and A Level", "subject": "Law", "word_count": 1383, "submitted": "14/10/2012", "marked_by_teacher": {"teacher_name": "Edward Smith", "date": "05/07/2013"}, "essay_url": "http://www.markedbyteachers.com/as-and-a-level/law/discuss-whether-the-rules-governing-insanity-as-a-defence-in-criminal-law-are-in-a-satisfactory-state-or-are-in-need-of-reform.html"}