{"essay_id": "1205011", "essay_title": "All of the characters who experience misfortune in Othello bring it upon themselves. Discuss the truth of this statement", "rate": "4 star(s)", "level": "AS and A Level", "subject": "English", "word_count": 1475, "submitted": "26/10/2012", "marked_by_teacher": {"teacher_name": "Laura Gater", "date": "03/05/2013"}, "essay_url": "http://www.markedbyteachers.com/as-and-a-level/english/all-of-the-characters-who-experience-misfortune-in-othello-bring-it-upon-themselves-discuss-the-truth-of-this-statement.html"}