{"essay_id": "1205864", "essay_title": "To what extent did the US president hinder rather than help the development of African American civil rights in the period from 1865-1992?", "rate": "3 star(s)", "level": "AS and A Level", "subject": "History", "word_count": 1235, "submitted": "06/11/2012", "marked_by_teacher": {"teacher_name": "Natalya Luck", "date": "10/04/2013"}, "essay_url": "http://www.markedbyteachers.com/as-and-a-level/history/to-what-extent-did-the-us-president-hinder-rather-than-help-the-development-of-african-american-civil-rights-in-the-period-from-1865-1992.html"}