{"essay_id": "1205247", "essay_title": "An investigation to show the effects of changing the concentration of hydrogen peroxide on the rate of catalyst", "rate": "3 star(s)", "level": "GCSE", "subject": "Science", "word_count": 1339, "submitted": "30/10/2012", "marked_by_teacher": {"teacher_name": "Adam Roberts", "date": "20/05/2013"}, "essay_url": "http://www.markedbyteachers.com/gcse/science/an-investigation-to-show-the-effects-of-changing-the-concentration-of-hydrogen-peroxide-on-the-rate-of-catalyst.html"}