{"essay_id": "1205090", "essay_title": "Explain key influences on the personal learning processes of individuals. Assess the impact of key influences on the personal learning processes on your own learning.", "rate": "4 star(s)", "level": "AS and A Level", "subject": "Healthcare", "word_count": 3148, "submitted": "27/10/2012", "marked_by_teacher": {"teacher_name": "Sam Morran", "date": "13/08/2013"}, "essay_url": "http://www.markedbyteachers.com/as-and-a-level/healthcare/explain-key-influences-on-the-personal-learning-processes-of-individuals-assess-the-impact-of-key-influences-on-the-personal-learning-processes-on-your-own-learning.html"}