{"essay_id": "1205148", "essay_title": "Evaluate the claim that Person-Centred Therapy offers the therapist all that he/she need to treat the clients", "rate": "3 star(s)", "level": "University Degree", "subject": "Biological Sciences", "word_count": 2576, "submitted": "28/10/2012", "marked_by_teacher": {"teacher_name": "Linda Penn", "date": "29/03/2013"}, "essay_url": "http://www.markedbyteachers.com/university-degree/biological-sciences/evaluate-the-claim-that-person-centred-therapy-offers-the-therapist-all-that-he-she-need-to-treat-the-clients.html"}