{"essay_id": "1206107", "essay_title": "Outline findings and conclusions of research into cross-cultural variations in attachment. (6 marks)", "rate": "4 star(s)", "level": "AS and A Level", "subject": "Psychology", "word_count": 626, "submitted": "07/11/2012", "marked_by_teacher": {"teacher_name": "Stephanie Duckworth", "date": "20/05/2013"}, "essay_url": "http://www.markedbyteachers.com/as-and-a-level/psychology/outline-findings-and-conclusions-of-research-into-cross-cultural-variations-in-attachment-6-marks.html"}