{"essay_id": "1206916", "essay_title": "Evaluate the potential impact on individuals, communities and cultures of the changing retail structure of clone towns.", "rate": "4 star(s)", "level": "AS and A Level", "subject": "Geography", "word_count": 830, "submitted": "28/11/2012", "marked_by_teacher": {"teacher_name": "Molly Reynolds", "date": "20/08/2013"}, "essay_url": "http://www.markedbyteachers.com/as-and-a-level/geography/evaluate-the-potential-impact-on-individuals-communities-and-cultures-of-the-changing-retail-structure-of-clone-towns.html"}