{"essay_id": "1206915", "essay_title": "I think that Social Psychology can only explain some of why football hooliganism happens", "rate": "4 star(s)", "level": "AS and A Level", "subject": "Psychology", "word_count": 1148, "submitted": "28/11/2012", "marked_by_teacher": {"teacher_name": "Stephanie Duckworth", "date": "03/05/2013"}, "essay_url": "http://www.markedbyteachers.com/as-and-a-level/psychology/i-think-that-social-psychology-can-only-explain-some-of-why-football-hooliganism-happens.html"}