{"essay_id": "1206714", "essay_title": "AS French Essay. Nous avons vu la publicit dans un journal pendant que nous vivions un an en France disant que vous cherchiez une famille", "rate": "3 star(s)", "level": "AS and A Level", "subject": "Modern Foreign Languages", "word_count": 221, "submitted": "28/11/2012", "marked_by_teacher": {"teacher_name": "Sarah Benson", "date": "01/05/2013"}, "essay_url": "http://www.markedbyteachers.com/as-and-a-level/modern-foreign-languages/as-french-essay-nous-avons-vu-la-publicit-dans-un-journal-pendant-que-nous-vivions-un-an-en-france-disant-que-vous-cherchiez-une-famille.html"}