{"essay_id": "1206856", "essay_title": "Explain the potential effects of five different life factors, on the development of an individual", "rate": "3 star(s)", "level": "AS and A Level", "subject": "Healthcare", "word_count": 1400, "submitted": "28/11/2012", "marked_by_teacher": {"teacher_name": "Jenny Spice", "date": "09/05/2013"}, "essay_url": "http://www.markedbyteachers.com/as-and-a-level/healthcare/explain-the-potential-effects-of-five-different-life-factors-on-the-development-of-an-individual.html"}