{"essay_id": "1206006", "essay_title": "How far do the sources suggest that Captain Nolan was to blame for the disastrous charge by the Light Brigade at Balaclava?", "rate": "4 star(s)", "level": "AS and A Level", "subject": "History", "word_count": 957, "submitted": "07/11/2012", "marked_by_teacher": {"teacher_name": "Natalya Luck", "date": "16/07/2013"}, "essay_url": "http://www.markedbyteachers.com/as-and-a-level/history/how-far-do-the-sources-suggest-that-captain-nolan-was-to-blame-for-the-disastrous-charge-by-the-light-brigade-at-balaclava.html"}