{"essay_id": "1207822", "essay_title": "NVQ2 Business and admin assessment 1.  Know the employment rights and responsibilities of the employee and employer", "rate": "4 star(s)", "level": "AS and A Level", "subject": "Business Studies", "word_count": 2995, "submitted": "11/12/2012", "marked_by_teacher": {"teacher_name": "Dennis Salter", "date": "04/04/2013"}, "essay_url": "http://www.markedbyteachers.com/as-and-a-level/business-studies/nvq2-business-and-admin-assessment-1-know-the-employment-rights-and-responsibilities-of-the-employee-and-employer.html"}