{"essay_id": "1207048", "essay_title": "Explain how one pierce of legislation, one policy and one code of practice could be applied to planning support for an individual", "rate": "3 star(s)", "level": "AS and A Level", "subject": "Healthcare", "word_count": 2471, "submitted": "28/11/2012", "marked_by_teacher": {"teacher_name": "Sam Morran", "date": "18/07/2013"}, "essay_url": "http://www.markedbyteachers.com/as-and-a-level/healthcare/explain-how-one-pierce-of-legislation-one-policy-and-one-code-of-practice-could-be-applied-to-planning-support-for-an-individual.html"}