{"essay_id": "1207385", "essay_title": "Creative Writing - 'Looking Back' - I felt miserable, mournful and melancholy when I was told that it was a boarding school.", "rate": "4 star(s)", "level": "GCSE", "subject": "English", "word_count": 911, "submitted": "30/11/2012", "marked_by_teacher": {"teacher_name": "Laura Gater", "date": "05/09/2013"}, "essay_url": "http://www.markedbyteachers.com/gcse/english/creative-writing-looking-back-i-felt-miserable-mournful-and-melancholy-when-i-was-told-that-it-was-a-boarding-school.html"}