{"essay_id": "1209729", "essay_title": "Examine the key features around the growth, development and policing of cyber crime in the 21st century.", "rate": "4 star(s)", "level": "AS and A Level", "subject": "ICT", "word_count": 1265, "submitted": "10/01/2013", "marked_by_teacher": {"teacher_name": "Ad Son", "date": "03/01/2013"}, "essay_url": "http://www.markedbyteachers.com/as-and-a-level/ict/examine-the-key-features-around-the-growth-development-and-policing-of-cyber-crime-in-the-21st-century.html"}