{"essay_id": "1209536", "essay_title": "Explain key characteristics and concepts of Humanistic Therapy, Psychodynamic therapy & Cognitive-Behavioural Therapy", "rate": "4 star(s)", "level": "AS and A Level", "subject": "Healthcare", "word_count": 1419, "submitted": "07/01/2013", "marked_by_teacher": {"teacher_name": "Sam Morran", "date": "18/07/2013"}, "essay_url": "http://www.markedbyteachers.com/as-and-a-level/healthcare/explain-key-characteristics-and-concepts-of-humanistic-therapy-psychodynamic-therapy-cognitive-behavioural-therapy.html"}