{"essay_id": "1209605", "essay_title": "Social Work Values.  Values and ethics have been of fundamental importance throughout the development of the social work profession.", "rate": "4 star(s)", "level": "University Degree", "subject": "Social studies", "word_count": 2713, "submitted": "08/01/2013", "marked_by_teacher": {"teacher_name": "Diane Apeah-Kubi", "date": "25/03/2013"}, "essay_url": "http://www.markedbyteachers.com/university-degree/social-studies/social-work-values-values-and-ethics-have-been-of-fundamental-importance-throughout-the-development-of-the-social-work-profession.html"}