{"essay_id": "1209293", "essay_title": "The victory of Sinn Fein in the 1918 general election was solely due to the mistakes of the IPP after 1914. discuss", "rate": "4 star(s)", "level": "AS and A Level", "subject": "History", "word_count": 1291, "submitted": "03/01/2013", "marked_by_teacher": {"teacher_name": "Phil Drake", "date": "17/03/2013"}, "essay_url": "http://www.markedbyteachers.com/as-and-a-level/history/the-victory-of-sinn-fein-in-the-1918-general-election-was-solely-due-to-the-mistakes-of-the-ipp-after-1914-discuss.html"}