{"essay_id": "1210892", "essay_title": "I am going to investigate the difference between the products of the numbers in the opposite corners of any rectangle that can be drawn on a 100 square (10x10) grid", "rate": "4 star(s)", "level": "GCSE", "subject": "Maths", "word_count": 1629, "submitted": "21/02/2013", "marked_by_teacher": {"teacher_name": "Cornelia Bruce", "date": "18/07/2013"}, "essay_url": "http://www.markedbyteachers.com/gcse/maths/i-am-going-to-investigate-the-difference-between-the-products-of-the-numbers-in-the-opposite-corners-of-any-rectangle-that-can-be-drawn-on-a-100-square-10x10-grid.html"}