{"essay_id": "1210868", "essay_title": "Using material from item A and elsewhere, assess the contribution of functionalism to our understanding of families and households", "rate": "4 star(s)", "level": "AS and A Level", "subject": "Sociology", "word_count": 1051, "submitted": "20/02/2013", "marked_by_teacher": {"teacher_name": "Diane Apeah-Kubi", "date": "28/06/2013"}, "essay_url": "http://www.markedbyteachers.com/as-and-a-level/sociology/using-material-from-item-a-and-elsewhere-assess-the-contribution-of-functionalism-to-our-understanding-of-families-and-households.html"}