{"essay_id": "1210937", "essay_title": "Why is Aluminium utilised in the contemporary world, for the construction of aircraft and rockets, more so than other metals and substances?", "rate": "3 star(s)", "level": "GCSE", "subject": "Science", "word_count": 1248, "submitted": "25/02/2013", "marked_by_teacher": {"teacher_name": "Kathryn Bradley", "date": "06/06/2013"}, "essay_url": "http://www.markedbyteachers.com/gcse/science/why-is-aluminium-utilised-in-the-contemporary-world-for-the-construction-of-aircraft-and-rockets-more-so-than-other-metals-and-substances.html"}