{"essay_id": "1211066", "essay_title": "Outline and evaluate the functionalist view of the role of the family in society [33 marks]", "rate": "5 star(s)", "level": "AS and A Level", "subject": "Sociology", "word_count": 590, "submitted": "05/03/2013", "marked_by_teacher": {"teacher_name": "Diane Apeah-Kubi", "date": "28/06/2013"}, "essay_url": "http://www.markedbyteachers.com/as-and-a-level/sociology/outline-and-evaluate-the-functionalist-view-of-the-role-of-the-family-in-society-33-marks.html"}