{"essay_id": "1211420", "essay_title": "Explain the role of effective communication and interpersonal interaction in a health and social care context.", "rate": "3 star(s)", "level": "AS and A Level", "subject": "Healthcare", "word_count": 1386, "submitted": "03/04/2013", "marked_by_teacher": {"teacher_name": "Diane Apeah-Kubi", "date": "28/06/2013"}, "essay_url": "http://www.markedbyteachers.com/as-and-a-level/healthcare/explain-the-role-of-effective-communication-and-interpersonal-interaction-in-a-health-and-social-care-context-211420.html"}