{"essay_id": "1211418", "essay_title": "I shall be assessing the different psychological approaches and these are the psychodynamic, biomedical, behaviourist and cognitive approaches.", "rate": "3 star(s)", "level": "AS and A Level", "subject": "Healthcare", "word_count": 1016, "submitted": "03/04/2013", "marked_by_teacher": {"teacher_name": "Diane Apeah-Kubi", "date": "28/06/2013"}, "essay_url": "http://www.markedbyteachers.com/as-and-a-level/healthcare/i-shall-be-assessing-the-different-psychological-approaches-and-these-are-the-psychodynamic-biomedical-behaviourist-and-cognitive-approaches.html"}