{"essay_id": "121600", "essay_title": "Craik and Lockhart believed that depth is a critical concept for levels of processing theory.", "rate": "4 star(s)", "level": "AS and A Level", "subject": "Psychology", "word_count": 2805, "submitted": "28/06/2004", "marked_by_teacher": {"teacher_name": "Linda Penn", "date": "07/08/2013"}, "essay_url": "http://www.markedbyteachers.com/as-and-a-level/psychology/craik-and-lockhart-believed-that-depth-is-a-critical-concept-for-levels-of-processing-theory.html"}