{"essay_id": "122041", "essay_title": "Consider what psychological research has shown us about cross-cultural variations in attachment", "rate": "3 star(s)", "level": "AS and A Level", "subject": "Psychology", "word_count": 839, "submitted": "10/10/2005", "marked_by_teacher": {"teacher_name": "Linda Penn", "date": "01/05/2013"}, "essay_url": "http://www.markedbyteachers.com/as-and-a-level/psychology/consider-what-psychological-research-has-shown-us-about-cross-cultural-variations-in-attachment.html"}