{"essay_id": "122341", "essay_title": "A contract by definition is an agreement between two parties by which both parties are bound by the", "rate": "3 star(s)", "level": "AS and A Level", "subject": "Law", "word_count": 1457, "submitted": "06/06/2005", "marked_by_teacher": {"teacher_name": "Edward Smith", "date": "18/07/2013"}, "essay_url": "http://www.markedbyteachers.com/as-and-a-level/law/a-contract-by-definition-is-an-agreement-between-two-parties-by-which-both-parties-are-bound-by-the.html"}