{"essay_id": "122590", "essay_title": "Distinguish Criminal law from Civil law in the English Legal System. Outline the jurisdiction and composition of the courts of trial dealing with these two different types of cases.", "rate": "4 star(s)", "level": "GCSE", "subject": "Law", "word_count": 1692, "submitted": "12/09/2005", "marked_by_teacher": {"teacher_name": "Nick Price", "date": "18/03/2012"}, "essay_url": "http://www.markedbyteachers.com/gcse/law/distinguish-criminal-law-from-civil-law-in-the-english-legal-system-outline-the-jurisdiction-and-composition-of-the-courts-of-trial-dealing-with-these-two-different-types-of-cases.html"}