{"essay_id": "122994", "essay_title": "Explain, using examples, what is meant by delegated legislation. Describe how delegated legislation is controlled by both judges and Parliament.", "rate": "3 star(s)", "level": "AS and A Level", "subject": "Law", "word_count": 870, "submitted": "25/02/2004", "marked_by_teacher": {"teacher_name": "Nick Price", "date": "06/06/2013"}, "essay_url": "http://www.markedbyteachers.com/as-and-a-level/law/explain-using-examples-what-is-meant-by-delegated-legislation-describe-how-delegated-legislation-is-controlled-by-both-judges-and-parliament.html"}