{"essay_id": "124144", "essay_title": "Although centuries old Romeo and Juliet is still relevant today. Do you agree or disagree with this statement?", "rate": "4 star(s)", "level": "GCSE", "subject": "English", "word_count": 1510, "submitted": "02/02/2005", "marked_by_teacher": {"teacher_name": "Paul Dutton", "date": "20/03/2013"}, "essay_url": "http://www.markedbyteachers.com/gcse/english/although-centuries-old-romeo-and-juliet-is-still-relevant-today-do-you-agree-or-disagree-with-this-statement.html"}