{"essay_id": "125202", "essay_title": "Discuss the impact of a poem of your choice in which the poet communicates their concerns about a deeper issue in life::'Holiday' by Margaret Atwood", "rate": "5 star(s)", "level": "GCSE", "subject": "English", "word_count": 911, "submitted": "13/01/2005", "marked_by_teacher": {"teacher_name": "Katie Dixon", "date": "10/05/2013"}, "essay_url": "http://www.markedbyteachers.com/gcse/english/discuss-the-impact-of-a-poem-of-your-choice-in-which-the-poet-communicates-their-concerns-about-a-deeper-issue-in-life-holiday-by-margaret-atwood.html"}