{"essay_id": "125810", "essay_title": "Does the film 'The Battle of The Somme' provide us with a realistic picture of what it was like to be a British soldier in the trenches?", "rate": "3 star(s)", "level": "AS and A Level", "subject": "History", "word_count": 1653, "submitted": "26/10/2004", "marked_by_teacher": {"teacher_name": "Natalya Luck", "date": "10/04/2013"}, "essay_url": "http://www.markedbyteachers.com/as-and-a-level/history/does-the-film-the-battle-of-the-somme-provide-us-with-a-realistic-picture-of-what-it-was-like-to-be-a-british-soldier-in-the-trenches.html"}