{"essay_id": "126007", "essay_title": "To what extent does the Pardoner manipulate his audience?", "rate": "4 star(s)", "level": "AS and A Level", "subject": "English", "word_count": 1056, "submitted": "04/11/2004", "marked_by_teacher": {"teacher_name": "Val Shore", "date": "23/02/2012"}, "essay_url": "http://www.markedbyteachers.com/as-and-a-level/english/to-what-extent-does-the-pardoner-manipulate-his-audience.html", "description": "Daniel Lovell<br />\n<br />\nTo what extent does the Pardoner manipulate his audience?<br />\n<br />\nThe Pardoner has had a graduate education in the rhetoric of confession. Chaucer might <br />\n<br />\nintend it to be merely cutely ironic that this confessor confesses -- as in &quot;isn&#039;t that a turning of the tables, la!&quot; On the other hand, it may well be that the Pardoner is practicing his rhetorical prowess on the other pilgrims, and on us, with the extreme skill of a cynical and perceptive man who&#039;s heard every villainy and mastered every deception. His intention, in his &quot;confession&quot; to the pilgrims, is obviously not to manipulate them into pity, forgiveness and acceptance, any more than it is to get them to actually pay to touch his &quot;holy relics&quot;; it is a confession, but one entirely without contrition. His objective, however, is not to garner sympathy; it is to showcase his manipulative talents, to expose the gullibility and selfish depravity which underlie many displays of religious belief, and to shock, mock and violently strip his listeners of their illusions. In the Canterbury Tales, the Pardoner is the cynical but authoritative voice of truth at its most foul.<br />\n<br />\nIf a man is clever and perceptive -- if he is not prone to self-delusion, if he has keen insight into himself, into others and into human nature -- then that man will have an ability to manipulate and exploit others -- that is, a consequent temptation to be villainous - that dimmer bulbs will lack. In blunt terms: knowledge is power, and power corrupts. The converse is also true: if a man is willing to commit himself to villainy, he will be more likely to discover, through exploiting them, the weaknesses, depravities and delusions with which men blind them.<br />\n<br />\nThe Pardoner himself is wickedly intelligent. He is a masterful rhetorician, story-teller, con-artist and student of human nature. His keen insight into human depravity is what makes him such a brilliant con. He plays on the most deep-seated insecurities of his flock when he describes the magical powers of his relics. They will cure sick livestock (livestock being the most valuable possession of the average listener, not to mention shepherds); they will prosper crops (for all the farmers in the audience). That covers the men! To the women, he offers the fantastic promise that his relics will cure their husbands of their jealousy and suspicion. This is doubly clever, in light of the Wife of Bath&#039;s tale, because it picks up on her ideal of women empowered to cheat on doting, trusting, forgiving husbands.<br />\n<br />\n&#039;Let maken with this water his potage,<br />\n<br />\nAnd never shal he more his wyf mistriste,<br />\n<br />\nThough he the sooth of hir defaute wiste;<br />\n<br />\nAl had she taken preestes two or three.&#039;<br />\n<br />\nIt&#039;s trebly clever, actually, because the last line can be read both as sexual solicitations to the women in his flock, as well as an insult to the three priests present on the pilgrimage.<br />\n<br />\nHis next con is even more wickedly clever; he demonstrates how he subtly manipulates<br />\n<br />\nhis flock into coming forward and making offerings to his relics in order to avoid suspicion that they have committed some horrible sin.<br />\n<br />\n&#039;If any wight be in this chirche now,<br />\n<br />\nThat hath doon sinne horrible, that he<br />\n<br />\nDar nat, for shame, of it y-shirven be,<br />\n<br />\nOr any womman, be she yong or old,<br />\n<br />\nThat hath y-maad hir housbond cokewold,<br />\n<br />\nSwich folk shul have no power ne no grace<br />\n<br />\nTo offren to my reliks in this place.&#039;<br />\n<br />\nYou can just imagine all the husbands, hearing this, looking suspiciously at their wives. What wife wouldn&#039;t go forward and make an offering? The secret behind the most insidious and successful advertising that our modern-day consumer culture has to offer is one that the Pardoner knows well: play on the audience&#039;s insecurity. The Pardoner&#039;s skill in this -- his villainy -- is the product of his thorough understanding of the occluded desires and fears that drive so much of human action. His villainous theatrics and his unflinching self-representation are merely different aspects of the same penetrating, cynical vision. <br />\n<br />\nBut does the Pardoner actually manipulate us, or the pilgrims, to the same degree that he<br />\n<br />\nmanipulates his flock? How far does his self-awareness extend? Does Chaucer not ironize him? Can we not &quot;get the goods&quot; on him? The answer, if there is one, lies where it usually does in the Canterbury Tales: in the relationship between the teller and his tale.<br />\n<br />\nIt&#039;s difficult, if not impossible, to arrive at a conclusive answer. We know this much: that<br />\n<br />\nChaucer&#039;s habit in the Tales is to use the tale to ironize (not a word! But you know what I mean) the teller, calling their self-awareness into question. We know also that the Pardoner understands the radix maxim primarily as a joke, a ploy, and a weakness in others to exploit: &quot;The root of evil is love of earthy things, so don&#039;t hesitate to give yours to me.&quot; We know that the Pardoner never preaches but for compensation; we can assume that the tale he tells is a standard script from his fundraising repertoire. The objective of his sermons is to make his audience believe that they will die for their cupidity; does he believe that the moral of his tale applies to him in the same way that it applies to the three young rioters? The Pardoner may or may not believe it. If he does, he clearly doesn&#039;t care: after his tale is over, he proceeds to the height of audacious mockery -- of himself and of the pilgrims -- by hocking his relics to the pilgrims to whom he has just revealed the entire cynical fraud.<br />\n<br />\nBut does Chaucer believe that the moral of the tale applies to the Pardoner? He must. As<br />\n<br />\ncritical as he was of ecclesiastical abuse, Chaucer was, nevertheless, Christian. As impressive and complex as it is, even the Pardoner&#039;s self-awareness has its limits. If the relationship between the teller and his tale is consistent with the other tellers and their tales, we can assume that Chaucer is suggesting that the Pardoner quite definitely has a blind spot: the wages of his sin will be his own death, and his lack of contrition indicates that he does not perceive this."}