{"essay_id": "126456", "essay_title": "With close reference to the two poems which you have studied, show how the poets have approached the theme of romantic love.", "rate": "4 star(s)", "level": "GCSE", "subject": "English", "word_count": 2495, "submitted": "10/11/2004", "marked_by_teacher": {"teacher_name": "Lucy Snell", "date": "18/03/2012"}, "essay_url": "http://www.markedbyteachers.com/gcse/english/with-close-reference-to-the-two-poems-which-you-have-studied-show-how-the-poets-have-approached-the-theme-of-romantic-love.html"}