{"essay_id": "12663", "essay_title": "A critical analysis of how Vladimir Propp&#146;s The Morphology of the Folk Talecan be applied to mainstream Hollywood cinema.", "rate": "3 star(s)", "level": "University Degree", "subject": "Media Studies", "word_count": 3929, "submitted": "15/12/2002", "marked_by_teacher": {"teacher_name": "Govinda Dickman", "date": "10/09/2013"}, "essay_url": "http://www.markedbyteachers.com/university-degree/media-studies/a-critical-analysis-of-how-vladimir-propp-146-s-the-morphology-of-the-folk-talecan-be-applied-to-mainstream-hollywood-cinema.html"}