{"essay_id": "12688", "essay_title": "Explore the way Shakespeare presents the relationships between Hamlet and his Mother, Gertrude, making particular reference to Act III Scene. IV", "rate": "4 star(s)", "level": "AS and A Level", "subject": "English", "word_count": 2713, "submitted": "15/12/2002", "marked_by_teacher": {"teacher_name": "Katie Dixon", "date": "16/07/2013"}, "essay_url": "http://www.markedbyteachers.com/as-and-a-level/english/explore-the-way-shakespeare-presents-the-relationships-between-hamlet-and-his-mother-gertrude-making-particular-reference-to-act-iii-scene-iv.html"}