{"essay_id": "126853", "essay_title": "This report is a personal development plan that shows an evaluation of current skills and knowledge that includes my strengths and weaknesses.", "rate": "4 star(s)", "level": "GCSE", "subject": "Health and Social Care", "word_count": 1532, "submitted": "13/01/2005", "marked_by_teacher": {"teacher_name": "Michelle Turrell", "date": "26/06/2013"}, "essay_url": "http://www.markedbyteachers.com/gcse/health-and-social-care/this-report-is-a-personal-development-plan-that-shows-an-evaluation-of-current-skills-and-knowledge-that-includes-my-strengths-and-weaknesses.html"}