{"essay_id": "126929", "essay_title": "In what ways and to what extent does the concept of Spain's Golden Age apply more specifically to the reign of Philip II than to the whole period 1474 - 1598?", "rate": "5 star(s)", "level": "AS and A Level", "subject": "History", "word_count": 2747, "submitted": "13/01/2005", "marked_by_teacher": {"teacher_name": "Natalya Luck", "date": "26/07/2013"}, "essay_url": "http://www.markedbyteachers.com/as-and-a-level/history/in-what-ways-and-to-what-extent-does-the-concept-of-spain-s-golden-age-apply-more-specifically-to-the-reign-of-philip-ii-than-to-the-whole-period-1474-1598.html"}