{"essay_id": "1277", "essay_title": "Who was to blame for the Cold War?", "rate": "4 star(s)", "level": "GCSE", "subject": "History", "word_count": 749, "submitted": "11/07/2002", "marked_by_teacher": {"teacher_name": "Natalya Luck", "date": "09/03/2013"}, "essay_url": "http://www.markedbyteachers.com/gcse/history/who-was-to-blame-for-the-cold-war-3.html", "description": "Who was to blame for the Cold War?<br />\n<br />\nThere are two possible verdicts; the USA and USSR. Both these sides had different beliefs, USA was a capitalist country while the USSR was a communist country, and this was one of the main causes of the cold war. I believe that both sides were almost equally responsible for the start of the Cold War but USA may be blamed slightly more than the USSR because as you will see there are more arguments against the USA.<br />\n<br />\n The arguments against the USA (that indicate that the USA was the one to blame) are many. At the Yalta conference, February 1945, towards the end of the 2nd World War, Roosevelt didn&#039;t define what he meant by Eastern Europe being seen as &quot;A Soviet sphere of influence&quot;. Stalin seems to define it as a total control of the USSR over the East but the USA interprets it by saying that Russia would only have a slight influence. Roosevelt also showed lack of trust in Stalin, as we can see at sources 6 and 8. An other mistake of Roosevelt was that he allowed Russia to move border into Poland as long as Russia didn&#039;t interfere with Greece. This clearly shows how the USA wanted to prevent the wide spreading of communism in Europe. The fact that America tested the atomic bomb in 1945 caused tension between the two countries and caused the USSR to fear even more the USA.<br />\n<br />\n After Roosevelt died, Truman became the president of the USA. Truman was even more anti-Communist and suspicious of Stalin than Roosevelt, which made the relationship between the two countries even worse. Truman also introduce the &quot;Doctrine&quot; which basically meant that America sent money and other supplies to any country which was in the American view and felt that it was threatened from communism. His aim, clearly, was to stop the spreading of Communism and this policy was known as &quot;containment&quot;. A part of the &quot;Truman Doctrine&quot; was the &quot;Marshall Aid&quot;. The Marshall aid meant that the USA sent money to many European countries so that they can recover from their bad economic state. Truman designed this plan because he believed that the countries, which got turned into communist countries, were the poor and unhelped countries. Finally the airlifting, which took place during the Berlin Blockade was seen by Stalin as a form of confrontation for Truman.<br />\n<br />\n The arguments against the USSR (that indicate that the USSR was the one to blame) are less than the ones against the USA. We know that at the Yalta conference Russia insisted to move its borders into Poland despite America not agreeing at first. Then the presence of the Red Army, which helped the communist government to gain power in Poland, was also against the Yalta conference. In addition to this the fact that Stalin decided to take over countries that were just freed from the Nazi power also produced some conflict.<br />\n<br />\n The two organisations, Cominform and Comecon, which were set up to co ordinate communist governments and industries was seen as a threat by the USA as it excluded the West. The Berlin Blockade was provocative and angered the USA who saw it as a threat to freedom.<br />\n<br />\n Of course there are arguments against both sides. We saw continues lack of trust between he leaders and each leader was therefore suspicious of the other (sources 8, 10, 11 p.246). Both countries were only interested in their own interests and what would benefit their own side. They had so many ideological differences they were bound not to get along.<br />\n<br />\n Finally there are arguments which show that neither side should be blamed. It was inevitable for this to happen because of the vast differences in the beliefs (USA was a capitalist country while the USSR was a communist country) of the two sides. They were allies only because of the common Nazi enemy of the 2nd World War and as soon as that ended the two sides had nothing in common any more and became enemies again. <br />\n<br />\n So I can conclude that even though there are points which defend all the verdicts there are more which emphasise that both the USA and the USSR were to blame for the cold war but the USA was slightly more to blame because it put into work many plans which it developed in order to try and stop the spreading of communism and even to restrict it even more."}