{"essay_id": "127905", "essay_title": "In this essay I will trace in detail soft things that Lennie pets in the novel, showing that the petting grows more serious as the novel goes on.", "rate": "3 star(s)", "level": "AS and A Level", "subject": "English", "word_count": 1218, "submitted": "13/01/2005", "marked_by_teacher": {"teacher_name": "Katie Dixon", "date": "07/08/2013"}, "essay_url": "http://www.markedbyteachers.com/as-and-a-level/english/in-this-essay-i-will-trace-in-detail-soft-things-that-lennie-pets-in-the-novel-showing-that-the-petting-grows-more-serious-as-the-novel-goes-on.html"}