{"essay_id": "129284", "essay_title": "How does Shakespeare ensure that the theme of usurpation and its consequences runs throughout The Tempest?", "rate": "3 star(s)", "level": "AS and A Level", "subject": "English", "word_count": 2261, "submitted": "29/01/2005", "marked_by_teacher": {"teacher_name": "Laura Gater", "date": "22/04/2013"}, "essay_url": "http://www.markedbyteachers.com/as-and-a-level/english/how-does-shakespeare-ensure-that-the-theme-of-usurpation-and-its-consequences-runs-throughout-the-tempest.html"}