{"essay_id": "12950", "essay_title": "Compare the &#145;Twa Corbies&#146; and the &#145;Three Ravens&#146; considering language, content and techique", "rate": "3 star(s)", "level": "AS and A Level", "subject": "English", "word_count": 1142, "submitted": "15/12/2002", "marked_by_teacher": {"teacher_name": "Katie Dixon", "date": "05/09/2013"}, "essay_url": "http://www.markedbyteachers.com/as-and-a-level/english/compare-the-145-twa-corbies-146-and-the-145-three-ravens-146-considering-language-content-and-techique.html"}