{"essay_id": "131005", "essay_title": "How current provision and practice is influenced by the work of the early years educators and approaches to practice.", "rate": "4 star(s)", "level": "AS and A Level", "subject": "Psychology", "word_count": 1225, "submitted": "17/08/2006", "marked_by_teacher": {"teacher_name": "Stephanie Porras", "date": "26/03/2013"}, "essay_url": "http://www.markedbyteachers.com/as-and-a-level/psychology/how-current-provision-and-practice-is-influenced-by-the-work-of-the-early-years-educators-and-approaches-to-practice.html"}