{"essay_id": "132151", "essay_title": "To determine the amount of ammonia in a sample of household cleaning product, 'cloudy ammonia', in the form of NH4OH through the process of volumetric analysis.", "rate": "5 star(s)", "level": "GCSE", "subject": "Science", "word_count": 1805, "submitted": "18/08/2006", "marked_by_teacher": {"teacher_name": "Patricia McHugh", "date": "08/04/2013"}, "essay_url": "http://www.markedbyteachers.com/gcse/science/to-determine-the-amount-of-ammonia-in-a-sample-of-household-cleaning-product-cloudy-ammonia-in-the-form-of-nh4oh-through-the-process-of-volumetric-analysis.html"}