{"essay_id": "132166", "essay_title": "Analysis of the law relating to the offence of Murder and relevant offences of Provocation, Diminished Responsibility and Intoxication.", "rate": "4 star(s)", "level": "University Degree", "subject": "Law", "word_count": 4362, "submitted": "18/08/2006", "marked_by_teacher": {"teacher_name": "Edward Smith", "date": "20/08/2013"}, "essay_url": "http://www.markedbyteachers.com/university-degree/law/analysis-of-the-law-relating-to-the-offence-of-murder-and-relevant-offences-of-provocation-diminished-responsibility-and-intoxication.html"}