{"essay_id": "132158", "essay_title": "Discuss the soliloquy in Act III, i. How does Shakespeare convey the change in Macbeth since the soliloquy in Act I, vii?", "rate": "3 star(s)", "level": "AS and A Level", "subject": "English", "word_count": 1441, "submitted": "18/08/2006", "marked_by_teacher": {"teacher_name": "Val Shore", "date": "27/02/2012"}, "essay_url": "http://www.markedbyteachers.com/as-and-a-level/english/discuss-the-soliloquy-in-act-iii-i-how-does-shakespeare-convey-the-change-in-macbeth-since-the-soliloquy-in-act-i-vii.html"}