{"essay_id": "132858", "essay_title": "Compare and contrast the attitudes of John Donne and Robert Browning towards love in The Apparition and Porphyria's Lover", "rate": "4 star(s)", "level": "GCSE", "subject": "English", "word_count": 1434, "submitted": "17/10/2006", "marked_by_teacher": {"teacher_name": "Karen Reader", "date": "25/04/2012"}, "essay_url": "http://www.markedbyteachers.com/gcse/english/compare-and-contrast-the-attitudes-of-john-donne-and-robert-browning-towards-love-in-the-apparition-and-porphyria-s-lover.html"}