{"essay_id": "132841", "essay_title": "Write about the similarities and differences in style and content in Rupert Brooke's 'The Soldier' andWilfred Owen's 'Anthem For Doomed Youth'", "rate": "3 star(s)", "level": "GCSE", "subject": "English", "word_count": 2106, "submitted": "17/10/2006", "marked_by_teacher": {"teacher_name": "Lucy Foss/Snell", "date": "13/02/2012"}, "essay_url": "http://www.markedbyteachers.com/gcse/english/write-about-the-similarities-and-differences-in-style-and-content-in-rupert-brooke-s-the-soldier-andwilfred-owen-s-anthem-for-doomed-youth.html"}