{"essay_id": "132843", "essay_title": "How does Steinbeck present Crooks in the extract? What is the importance of crooks in the novel as a whole?              Of Mice and Men is a powerful and moving portrayal of two men striving", "rate": "3 star(s)", "level": "GCSE", "subject": "English", "word_count": 2422, "submitted": "17/10/2006", "marked_by_teacher": {"teacher_name": "Melissa Thompson", "date": "26/03/2013"}, "essay_url": "http://www.markedbyteachers.com/gcse/english/how-does-steinbeck-present-crooks-in-the-extract-what-is-the-importance-of-crooks-in-the-novel-as-a-whole-of-mice-and-men-is-a-powerful-and-moving-portrayal-of-two-men-striving.html"}