{"essay_id": "133131", "essay_title": "Duck's model of relationship dissolution (1999) consists of four phases, each of which is initiated when a threshold is broken", "rate": "3 star(s)", "level": "AS and A Level", "subject": "Psychology", "word_count": 453, "submitted": "17/10/2006", "marked_by_teacher": {"teacher_name": "Linda Penn", "date": "05/09/2013"}, "essay_url": "http://www.markedbyteachers.com/as-and-a-level/psychology/duck-s-model-of-relationship-dissolution-1999-consists-of-four-phases-each-of-which-is-initiated-when-a-threshold-is-broken.html"}