{"essay_id": "133444", "essay_title": "Outline of speech on: Child Abuse  Child abuse is the physical or psychological mistreatment of a child by his or her parents (including adoptive parents), guardians", "rate": "3 star(s)", "level": "GCSE", "subject": "Health and Social Care", "word_count": 890, "submitted": "25/10/2006", "marked_by_teacher": {"teacher_name": "Sam Morran", "date": "01/12/2012"}, "essay_url": "http://www.markedbyteachers.com/gcse/health-and-social-care/outline-of-speech-on-child-abuse-child-abuse-is-the-physical-or-psychological-mistreatment-of-a-child-by-his-or-her-parents-including-adoptive-parents-guardians.html"}