{"essay_id": "133579", "essay_title": "Compare and Contrast the Two War Poems -'Dulce Et Decorum Est' and 'The Charge of The Light Brigade'", "rate": "4 star(s)", "level": "AS and A Level", "subject": "English", "word_count": 1788, "submitted": "01/11/2006", "marked_by_teacher": {"teacher_name": "Katie Dixon", "date": "07/08/2013"}, "essay_url": "http://www.markedbyteachers.com/as-and-a-level/english/compare-and-contrast-the-two-war-poems-dulce-et-decorum-est-and-the-charge-of-the-light-brigade.html"}