{"essay_id": "133611", "essay_title": "Read the following extract from Act 1 scene 2. In what ways does this passage show the conflict of Rome and Egypt?", "rate": "3 star(s)", "level": "AS and A Level", "subject": "English", "word_count": 831, "submitted": "01/11/2006", "marked_by_teacher": {"teacher_name": "Val Shore", "date": "25/02/2012"}, "essay_url": "http://www.markedbyteachers.com/as-and-a-level/english/read-the-following-extract-from-act-1-scene-2-in-what-ways-does-this-passage-show-the-conflict-of-rome-and-egypt.html"}