{"essay_id": "133817", "essay_title": "Criminal Law,dealing with the subject of murder and how applying the general principles of criminal law will help us in deciding an outcome", "rate": "4 star(s)", "level": "University Degree", "subject": "Law", "word_count": 2511, "submitted": "17/11/2006", "marked_by_teacher": {"teacher_name": "Edward Smith", "date": "07/08/2013"}, "essay_url": "http://www.markedbyteachers.com/university-degree/law/criminal-law-dealing-with-the-subject-of-murder-and-how-applying-the-general-principles-of-criminal-law-will-help-us-in-deciding-an-outcome.html"}