{"essay_id": "135251", "essay_title": "A2 Biology Coursework -Investigation into the effect of different concentrations of antibiotics on the growth of bacteria", "rate": "4 star(s)", "level": "GCSE", "subject": "Science", "word_count": 3821, "submitted": "04/01/2007", "marked_by_teacher": {"teacher_name": "Adrian Fisk", "date": "14/03/2013"}, "essay_url": "http://www.markedbyteachers.com/gcse/science/a2-biology-coursework-investigation-into-the-effect-of-different-concentrations-of-antibiotics-on-the-growth-of-bacteria.html"}