{"essay_id": "135738", "essay_title": "Outline and evaluate nature of short term memory using studies e.g. capacity, duration and encoding.", "rate": "3 star(s)", "level": "AS and A Level", "subject": "Psychology", "word_count": 1237, "submitted": "23/01/2007", "marked_by_teacher": {"teacher_name": "Linda Penn", "date": "07/08/2013"}, "essay_url": "http://www.markedbyteachers.com/as-and-a-level/psychology/outline-and-evaluate-nature-of-short-term-memory-using-studies-e-g-capacity-duration-and-encoding.html"}