{"essay_id": "135788", "essay_title": "GCSE Travel Writing The door of the aeroplane opened and we stepped into the humid night air, complimented by a cool Mediterranean breeze", "rate": "4 star(s)", "level": "GCSE", "subject": "English", "word_count": 913, "submitted": "24/01/2007", "marked_by_teacher": {"teacher_name": "Jeff Taylor", "date": "20/05/2013"}, "essay_url": "http://www.markedbyteachers.com/gcse/english/gcse-travel-writing-the-door-of-the-aeroplane-opened-and-we-stepped-into-the-humid-night-air-complimented-by-a-cool-mediterranean-breeze.html"}