{"essay_id": "135906", "essay_title": "The poems No Problem written by Benjamin Zephania and Half-Caste written by John Aguard illustrate strong feelings towards race", "rate": "3 star(s)", "level": "GCSE", "subject": "English", "word_count": 1066, "submitted": "30/01/2007", "marked_by_teacher": {"teacher_name": "Melissa Thompson", "date": "09/04/2013"}, "essay_url": "http://www.markedbyteachers.com/gcse/english/the-poems-no-problem-written-by-benjamin-zephania-and-half-caste-written-by-john-aguard-illustrate-strong-feelings-towards-race.html"}