{"essay_id": "136265", "essay_title": "In this essay I will be exploring Jem and Scout's journey to maturity throughout the novel; To Kill a Mockingbird", "rate": "5 star(s)", "level": "GCSE", "subject": "English", "word_count": 2483, "submitted": "06/02/2007", "marked_by_teacher": {"teacher_name": "Katie Dixon", "date": "29/04/2012"}, "essay_url": "http://www.markedbyteachers.com/gcse/english/in-this-essay-i-will-be-exploring-jem-and-scout-s-journey-to-maturity-throughout-the-novel-to-kill-a-mockingbird.html"}