{"essay_id": "136670", "essay_title": "Compare and contrast two psychological  perspectives I am going to research the psychodynamic and Cognitive theory thoroughly", "rate": "3 star(s)", "level": "GCSE", "subject": "Psychology", "word_count": 2319, "submitted": "21/02/2007", "marked_by_teacher": {"teacher_name": "Linda Penn", "date": "08/05/2013"}, "essay_url": "http://www.markedbyteachers.com/gcse/psychology/compare-and-contrast-two-psychological-perspectives-i-am-going-to-research-the-psychodynamic-and-cognitive-theory-thoroughly.html"}