{"essay_id": "136624", "essay_title": "Compare and contrast the ways in which the horrors of war are presented in Regeneration by Pat Barker and Journeys end", "rate": "3 star(s)", "level": "AS and A Level", "subject": "English", "word_count": 2112, "submitted": "21/02/2007", "marked_by_teacher": {"teacher_name": "Jeff Taylor", "date": "10/06/2013"}, "essay_url": "http://www.markedbyteachers.com/as-and-a-level/english/compare-and-contrast-the-ways-in-which-the-horrors-of-war-are-presented-in-regeneration-by-pat-barker-and-journeys-end.html"}