{"essay_id": "136931", "essay_title": "Using a selection of pre-twentieth century verse, compare and contrast the ways in which different poets approach the themes of love and loss.", "rate": "4 star(s)", "level": "GCSE", "subject": "English", "word_count": 1245, "submitted": "27/02/2007", "marked_by_teacher": {"teacher_name": "Karen Reader", "date": "25/04/2012"}, "essay_url": "http://www.markedbyteachers.com/gcse/english/using-a-selection-of-pre-twentieth-century-verse-compare-and-contrast-the-ways-in-which-different-poets-approach-the-themes-of-love-and-loss.html"}