{"essay_id": "15540", "essay_title": "The differences and similarities between Wilfred Owens 'Dulce ET Decorum EST' and Julian Grenfells 'Into Battle'", "rate": "3 star(s)", "level": "AS and A Level", "subject": "English", "word_count": 963, "submitted": "12/08/2003", "marked_by_teacher": {"teacher_name": "Katie Dixon", "date": "07/08/2013"}, "essay_url": "http://www.markedbyteachers.com/as-and-a-level/english/the-differences-and-similarities-between-wilfred-owens-dulce-et-decorum-est-and-julian-grenfells-into-battle.html"}