{"essay_id": "16806", "essay_title": "Describe and evaluate psychological research into conformity and obedience in humans, and consider ways in which this research can be applied to real life.", "rate": "4 star(s)", "level": "AS and A Level", "subject": "Psychology", "word_count": 1597, "submitted": "14/08/2003", "marked_by_teacher": {"teacher_name": "Stephanie Duckworth", "date": "03/05/2013"}, "essay_url": "http://www.markedbyteachers.com/as-and-a-level/psychology/describe-and-evaluate-psychological-research-into-conformity-and-obedience-in-humans-and-consider-ways-in-which-this-research-can-be-applied-to-real-life.html"}