{"essay_id": "17399", "essay_title": "How and why does Othello's character change during the course of the play? How does Shakespeare present this dramatically?", "rate": "4 star(s)", "level": "GCSE", "subject": "English", "word_count": 2254, "submitted": "14/08/2003", "marked_by_teacher": {"teacher_name": "Laura Gater", "date": "24/06/2013"}, "essay_url": "http://www.markedbyteachers.com/gcse/english/how-and-why-does-othello-s-character-change-during-the-course-of-the-play-how-does-shakespeare-present-this-dramatically.html"}