{"essay_id": "17544", "essay_title": "'Wolsey's foreign policy reveals that he had no other aims than to exalt his master's power and his own glory' How far do you agree with this verdict?", "rate": "4 star(s)", "level": "AS and A Level", "subject": "History", "word_count": 1591, "submitted": "15/08/2003", "marked_by_teacher": {"teacher_name": "Kate Forbes", "date": "25/06/2012"}, "essay_url": "http://www.markedbyteachers.com/as-and-a-level/history/wolsey-s-foreign-policy-reveals-that-he-had-no-other-aims-than-to-exalt-his-master-s-power-and-his-own-glory-how-far-do-you-agree-with-this-verdict.html"}