{"essay_id": "17622", "essay_title": "To What Extent is the Pattern of Population Distribution in Countries of the LEDW more linked to Physical Conditions than to Economic Conditions?", "rate": "3 star(s)", "level": "AS and A Level", "subject": "Geography", "word_count": 654, "submitted": "15/08/2003", "marked_by_teacher": {"teacher_name": "Molly Reynolds", "date": "20/08/2013"}, "essay_url": "http://www.markedbyteachers.com/as-and-a-level/geography/to-what-extent-is-the-pattern-of-population-distribution-in-countries-of-the-ledw-more-linked-to-physical-conditions-than-to-economic-conditions.html"}