{"essay_id": "17874", "essay_title": "With reference to examples, evaluate the success of the schemes that have been implemented in an attempt to solve the problems of housing in cities in LEDC's", "rate": "5 star(s)", "level": "AS and A Level", "subject": "Geography", "word_count": 1361, "submitted": "15/08/2003", "marked_by_teacher": {"teacher_name": "Molly Reynolds", "date": "17/09/2013"}, "essay_url": "http://www.markedbyteachers.com/as-and-a-level/geography/with-reference-to-examples-evaluate-the-success-of-the-schemes-that-have-been-implemented-in-an-attempt-to-solve-the-problems-of-housing-in-cities-in-ledc-s.html"}