{"essay_id": "18368", "essay_title": "Investigate the effect of temperature on dehydrogenase activity in yeast. At which temperature is tetrazolium chloride (TTC) discoloured most rapidly?", "rate": "4 star(s)", "level": "AS and A Level", "subject": "Science", "word_count": 2293, "submitted": "18/08/2003", "marked_by_teacher": {"teacher_name": "Adam Roberts", "date": "05/09/2013"}, "essay_url": "http://www.markedbyteachers.com/as-and-a-level/science/investigate-the-effect-of-temperature-on-dehydrogenase-activity-in-yeast-at-which-temperature-is-tetrazolium-chloride-ttc-discoloured-most-rapidly.html"}