{"essay_id": "19172", "essay_title": "What was J.B.Priestley's intention in writing 'An inspector calls'? How do modern interpretations support his message to the audience?", "rate": "3 star(s)", "level": "GCSE", "subject": "English", "word_count": 1186, "submitted": "18/08/2003", "marked_by_teacher": {"teacher_name": "Laura Gater", "date": "24/06/2013"}, "essay_url": "http://www.markedbyteachers.com/gcse/english/what-was-j-b-priestley-s-intention-in-writing-an-inspector-calls-how-do-modern-interpretations-support-his-message-to-the-audience.html"}