{"essay_id": "20066", "essay_title": "'In His Domestic Policy Between 1515 and 1529 Wolsey Promised Much But Achieved Little' - How Far Do You Agree With This Statement?", "rate": "4 star(s)", "level": "AS and A Level", "subject": "History", "word_count": 3315, "submitted": "20/08/2003", "marked_by_teacher": {"teacher_name": "Natalya Luck", "date": "16/07/2013"}, "essay_url": "http://www.markedbyteachers.com/as-and-a-level/history/in-his-domestic-policy-between-1515-and-1529-wolsey-promised-much-but-achieved-little-how-far-do-you-agree-with-this-statement.html"}