{"essay_id": "20849", "essay_title": "Investigation into the effect of acid/alkali strength on the heat change when acids and alkalis are mixed", "rate": "5 star(s)", "level": "GCSE", "subject": "Science", "word_count": 2282, "submitted": "21/08/2003", "marked_by_teacher": {"teacher_name": "Patricia McHugh", "date": "08/04/2013"}, "essay_url": "http://www.markedbyteachers.com/gcse/science/investigation-into-the-effect-of-acid-alkali-strength-on-the-heat-change-when-acids-and-alkalis-are-mixed.html"}