{"essay_id": "21539", "essay_title": "'Who for the Game' By Jesse Pope, 'Dulce Et Decorum Est' By Wilfred Owen, and 'Disabled' by Wilfred Owen.", "rate": "4 star(s)", "level": "AS and A Level", "subject": "English", "word_count": 2509, "submitted": "22/08/2003", "marked_by_teacher": {"teacher_name": "Katie Dixon", "date": "30/07/2013"}, "essay_url": "http://www.markedbyteachers.com/as-and-a-level/english/who-for-the-game-by-jesse-pope-dulce-et-decorum-est-by-wilfred-owen-and-disabled-by-wilfred-owen.html"}