{"essay_id": "2186", "essay_title": "To see how the concentration of acid, reacting with potassium carbonate, affects the rate of reaction", "rate": "4 star(s)", "level": "GCSE", "subject": "Science", "word_count": 2989, "submitted": "10/07/2001", "marked_by_teacher": {"teacher_name": "Brady Smith", "date": "13/08/2012"}, "essay_url": "http://www.markedbyteachers.com/gcse/science/to-see-how-the-concentration-of-acid-reacting-with-potassium-carbonate-affects-the-rate-of-reaction.html", "description": "Aim: To see how the concentration of acid, reacting with potassium carbonate, affects the rate of reaction.<br />\n<br />\nIntro:<br />\n<br />\n This is the reaction I am using in my coursework:<br />\n<br />\n2HCl + K2CO3 CO2 + 2KCL + H2O<br />\n<br />\n In order for substances to react together the particles in the substances must collide with each other and the collision must have enough energy. If there isn&#039;t enough energy, no reaction occurs. If there are lots of successful collisions then a lot of CO2 will be produced. The rate of a reaction depends on how many successful collisions there are in a given unit of time.<br />\n<br />\n A reaction can be made to go slower or faster by changing the concentration of a reactant. <br />\n<br />\nAcid particle Water molecule Potassium carbonate tablet<br />\n<br />\n 1 2<br />\n<br />\n In dilute acid, there are not so many acid particles (see diagram 1). This means there is not much chance of acid particles hitting a potassium carbonate particle. <br />\n<br />\n In a more concentrated solution of acid, there are more acid particles (see diagram 2). There is now more chance of a successful collision occurring.<br />\n<br />\n Concentration is how much of a substance there is in a certain volume and is measured in Moles per litre of solution (M). The concentration of a solution is the amount of solute, in grams or Moles that is dissolved in a litre of solution.<br />\n<br />\n That is what my coursework is mainly about.<br />\n<br />\n I predict that on my graphs for the results I get directly from the experiment, the curves will bend from a vertical line to a horizontal line and the faster the reaction the steeper the curve will start and the quicker it will reach a horizontal line. This is because as the reaction starts it is very quick and as the chemicals continue to react the reaction produces less CO2 per 10 seconds so it slows down gradually resulting in a curve, This is because after some time there are fewer acid and potassium carbonate particles so the reaction slows down.<br />\n<br />\n I predict that the reaction will go slower when the concentration of the acid decreases. This is because the rate of reaction increases with the concentration. If the concentration of the acid is increased the reaction goes faster. In dilute acid there are not so many acid particles, so the chance of an acid particle colliding with a potassium carbonate particle is not very high. <br />\n<br />\n To go with this piece of research there is another prediction I have come up with: I also predict that when the concentration is halved the rate of reaction will halve as well.<br />\n<br />\nMethod:<br />\n<br />\n In this experiment I (by myself) am reacting potassium carbonate and hydrochloric acid together and collect the gas given off called carbon dioxide (CO2). To measure the rate of reaction I will collect the carbon dioxide produced and record the time taken every 10 seconds. This will tell me the speed of the reaction because, e.g. if a small amount of gas is produced in a long time then I will know it is slow reaction. <br />\n<br />\n During the different times of the week when I will be carrying out this experiment the air temperature might change rapidly because it is summer and hot days vary a lot from cooler days. To make this fair I will attempt to cool the acid down before carrying out my experiment if I think the temperature is significantly higher by keeping the acid in an ice bath before the experiment. I will not cool the acid down while carrying out the reaction because if the reaction generates or loses its heat it will be different to cooler days because the acid won&#039;t be cooled as it is reacting.<br />\n<br />\n I will drop a circular tablet of potassium carbonate (which are all the same in all the tests so there is no need to measure surface area or mass) into a conical flask containing the acid and the CO2 produced will be pushed through a delivery tube and bubble into an upside down measuring cylinder therefore allowing me to record the amount of CO2 produced every 10 seconds.<br />\n<br />\n To change the concentration of the hydrochloric acid in the conical flask, in each case I will use 20cm3 acid and add certain amounts of tap water each time. This will give me different concentrations of the acid. <br />\n<br />\n I will do a trial experiment to see if it works successfully because when I come to the experiment that counts I will know what I am doing and I will not make as many mistakes.<br />\n<br />\n In this practical I might make a mistake, even if the mistake is small e.g. spilling a couple of drops of water instead of putting them in the conical flask. I will take it into account when I am writing the conclusions and results and take care when carrying out the experiment to be as accurate as possible.<br />\n<br />\n I will be setting up the experiment in the same way each time so to keep it a fair experiment (see diagram). <br />\n<br />\nDiagram: <br />\n<br />\nAs the hydrochloric acid and the potassium carbonate react, carbon dioxide is produced. The gas is collected in an upside-down measuring cylinder (the gas displaces water in the measuring cylinder). This method of collecting a gas is called collecting gas over water.<br />\n<br />\nEquipment:<br />\n<br />\n * Stand<br />\n<br />\n * Base and clamp<br />\n<br />\n * Conical flask<br />\n<br />\n * Bung with a delivery tube<br />\n<br />\n * Large measuring cylinder<br />\n<br />\n * Large plastic beaker<br />\n<br />\n * Small measuring cylinder (measuring out water and acid)<br />\n<br />\n * Ice<br />\n<br />\n * Stop clock<br />\n<br />\n * Paper and pen<br />\n<br />\n In some cases I will repeat the experiment if needed. I will be testing the following mixtures of hydrochloric acid and water:<br />\n<br />\nVol. of 2M hydrochloric acid (cm3)<br />\n<br />\nVolume of distilled water (cm3)<br />\n<br />\nEquation for working out the mole concentration<br />\n<br />\nConcentration of solution (M)<br />\n<br />\n20<br />\n<br />\n0<br />\n<br />\n(2 x 20) \u00ef\u00bf\u00bd 20<br />\n<br />\n2.00<br />\n<br />\n20<br />\n<br />\n5<br />\n<br />\n(2 x 20) \u00ef\u00bf\u00bd 25<br />\n<br />\n1.60<br />\n<br />\n20<br />\n<br />\n15<br />\n<br />\n(2 x 20) \u00ef\u00bf\u00bd 35<br />\n<br />\n1.14<br />\n<br />\n20<br />\n<br />\n20<br />\n<br />\n(2 x 20) \u00ef\u00bf\u00bd 40<br />\n<br />\n1.00<br />\n<br />\n20<br />\n<br />\n40<br />\n<br />\n(2 x 20) \u00ef\u00bf\u00bd 60<br />\n<br />\n0.67<br />\n<br />\n20<br />\n<br />\n60<br />\n<br />\n(2 x 20) \u00ef\u00bf\u00bd 80<br />\n<br />\n0.50<br />\n<br />\n20<br />\n<br />\n80<br />\n<br />\n(2 x 20) \u00ef\u00bf\u00bd 100<br />\n<br />\n0.40<br />\n<br />\n20<br />\n<br />\n100<br />\n<br />\n(2 x 20) \u00ef\u00bf\u00bd 120<br />\n<br />\n0.33<br />\n<br />\nI have chose this range of readings because for a start it all fit in the same sized conical flask and because I wanted to get quite a lot of readings so I can make a graph of the gradients from each graph from the tests. <br />\n<br />\n Once I have got the results I will make graphs of each set of results. This then allows me to obtain the gradient from each curve. Having the amount of CO2 collected in cm3 on the y-axis and the time in seconds on the x-axis. <br />\n<br />\n The variables I must keep the same are ones that I should not change because it would change the results and would be an unfair test. Some of these are:<br />\n<br />\n * The temperature<br />\n<br />\n * The amount of potassium carbonate<br />\n<br />\n * The amount of acid<br />\n<br />\n * The water in the measuring cylinder used for collecting gas, the same. (This means I must change it every time because the CO2 would dissolve in the water, so between results I must refresh the water).<br />\n<br />\nPreliminary results:<br />\n<br />\nThese are a couple of sets of results from my preliminary tests (tests to find out the best way of doing the actual experiment, both tables are the results where there was 20cm3 of acid and no water, so it has a concentration of 2M<br />\n<br />\nTime (seconds)<br />\n<br />\nCO2 (cm3)<br />\n<br />\n10<br />\n<br />\n15<br />\n<br />\n20<br />\n<br />\n25<br />\n<br />\n30<br />\n<br />\nThe measuring cylinder was too small, so I could only measure these results before the gas bubbled under the edge of the measuring cylinder and escaped into the air.<br />\n<br />\n40<br />\n<br />\n-<br />\n<br />\n50<br />\n<br />\n-<br />\n<br />\nTime (seconds)<br />\n<br />\nCO2 (cm3)<br />\n<br />\n10<br />\n<br />\n15<br />\n<br />\n20<br />\n<br />\n22<br />\n<br />\n30<br />\n<br />\n31<br />\n<br />\n40<br />\n<br />\n39.5<br />\n<br />\n50<br />\n<br />\n47.5<br />\n<br />\n60<br />\n<br />\n51.5<br />\n<br />\n70<br />\n<br />\n54<br />\n<br />\n80<br />\n<br />\n56<br />\n<br />\n90<br />\n<br />\n65<br />\n<br />\n100<br />\n<br />\nThe large plastic beaker had too much water in, so I could not read the results. This is because the water made the numbers on the measuring cylinder blurred so I could not read them. <br />\n<br />\n110<br />\n<br />\n-<br />\n<br />\n120<br />\n<br />\n-<br />\n<br />\n I am glad I carried out some preliminary tests because they showed that there were problems of how the experiment had been setup.<br />\n<br />\n I corrected the experiment using the mistakes from the preliminary tests: I got a large measuring cylinder instead of a small one and I emptied some of the water out of the large plastic beaker.<br />\n<br />\nResults:<br />\n<br />\n 20cm3 of hydrochloric acid with no water added:<br />\n<br />\nTime (seconds)<br />\n<br />\nCO2 (cm3) 1st try<br />\n<br />\nCO2 (cm3) repeat<br />\n<br />\n10<br />\n<br />\n12<br />\n<br />\n20<br />\n<br />\n20<br />\n<br />\n21<br />\n<br />\n30<br />\n<br />\n30<br />\n<br />\n31<br />\n<br />\n40<br />\n<br />\n40<br />\n<br />\n40<br />\n<br />\n47<br />\n<br />\n50<br />\n<br />\n46<br />\n<br />\n58<br />\n<br />\n60<br />\n<br />\n55<br />\n<br />\n66<br />\n<br />\n70<br />\n<br />\n61<br />\n<br />\n70<br />\n<br />\n80<br />\n<br />\n69<br />\n<br />\n82<br />\n<br />\n90<br />\n<br />\n73<br />\n<br />\n86<br />\n<br />\n100<br />\n<br />\n77<br />\n<br />\n88<br />\n<br />\n110<br />\n<br />\n81<br />\n<br />\n91<br />\n<br />\n120<br />\n<br />\n84<br />\n<br />\n93<br />\n<br />\n130<br />\n<br />\n86<br />\n<br />\n95<br />\n<br />\n140<br />\n<br />\n87<br />\n<br />\n96<br />\n<br />\n150<br />\n<br />\n88<br />\n<br />\n97<br />\n<br />\n160<br />\n<br />\n90<br />\n<br />\n98<br />\n<br />\n170<br />\n<br />\n91<br />\n<br />\n98<br />\n<br />\n180<br />\n<br />\n91<br />\n<br />\n98<br />\n<br />\n190<br />\n<br />\n91<br />\n<br />\n98<br />\n<br />\nI carried out a repeat of this experiment just to make sure I was heading in the right direction with my results. They are all more or less the same so it is all right.<br />\n<br />\n 20cm3 of hydrochloric acid with 5cm3 water added:<br />\n<br />\nTime (seconds)<br />\n<br />\nCO2 (cm3)<br />\n<br />\n10<br />\n<br />\n13<br />\n<br />\n20<br />\n<br />\n22<br />\n<br />\n30<br />\n<br />\n30<br />\n<br />\n40<br />\n<br />\n37<br />\n<br />\n50<br />\n<br />\n45<br />\n<br />\n60<br />\n<br />\n52<br />\n<br />\n70<br />\n<br />\n57.5<br />\n<br />\n80<br />\n<br />\n63.5<br />\n<br />\n90<br />\n<br />\n69<br />\n<br />\n100<br />\n<br />\n72<br />\n<br />\n110<br />\n<br />\n75<br />\n<br />\n120<br />\n<br />\n79<br />\n<br />\n130<br />\n<br />\n80.5<br />\n<br />\n140<br />\n<br />\n82<br />\n<br />\n150<br />\n<br />\n82.5<br />\n<br />\n160<br />\n<br />\n83<br />\n<br />\n170<br />\n<br />\n83<br />\n<br />\n180<br />\n<br />\n83<br />\n<br />\n190<br />\n<br />\n83<br />\n<br />\n 20cm3 of hydrochloric acid with 15cm3 water added:<br />\n<br />\nTime (seconds)<br />\n<br />\nCO2 (cm3)<br />\n<br />\n10<br />\n<br />\n10<br />\n<br />\n20<br />\n<br />\n13<br />\n<br />\n30<br />\n<br />\n16<br />\n<br />\n40<br />\n<br />\n22<br />\n<br />\n50<br />\n<br />\n26<br />\n<br />\n60<br />\n<br />\n30<br />\n<br />\n70<br />\n<br />\n35<br />\n<br />\n80<br />\n<br />\n37<br />\n<br />\n90<br />\n<br />\n42<br />\n<br />\n100<br />\n<br />\n45<br />\n<br />\n110<br />\n<br />\n46<br />\n<br />\n120<br />\n<br />\n46<br />\n<br />\n130<br />\n<br />\n46<br />\n<br />\n140<br />\n<br />\n46<br />\n<br />\n150<br />\n<br />\n46<br />\n<br />\n 20cm3 of hydrochloric acid with 20cm3 water added:<br />\n<br />\nTime (seconds)<br />\n<br />\nCO2 (cm3)<br />\n<br />\n10<br />\n<br />\n8<br />\n<br />\n20<br />\n<br />\n14<br />\n<br />\n30<br />\n<br />\n19<br />\n<br />\n40<br />\n<br />\n24<br />\n<br />\n50<br />\n<br />\n29<br />\n<br />\n60<br />\n<br />\n34<br />\n<br />\n70<br />\n<br />\n39<br />\n<br />\n80<br />\n<br />\n44<br />\n<br />\n90<br />\n<br />\n47<br />\n<br />\n100<br />\n<br />\n51<br />\n<br />\n110<br />\n<br />\n55<br />\n<br />\n120<br />\n<br />\n58<br />\n<br />\n130<br />\n<br />\n62<br />\n<br />\n140<br />\n<br />\n66<br />\n<br />\n150<br />\n<br />\n69<br />\n<br />\n160<br />\n<br />\n71<br />\n<br />\n170<br />\n<br />\n73<br />\n<br />\n180<br />\n<br />\n74<br />\n<br />\n190<br />\n<br />\n75<br />\n<br />\n200<br />\n<br />\n76<br />\n<br />\n210<br />\n<br />\n76<br />\n<br />\n220<br />\n<br />\n76<br />\n<br />\n230<br />\n<br />\n76<br />\n<br />\n 20cm3 of hydrochloric acid with 40cm3 water added:<br />\n<br />\nTime (seconds)<br />\n<br />\nCO2 (cm3)<br />\n<br />\n10<br />\n<br />\n6<br />\n<br />\n20<br />\n<br />\n12<br />\n<br />\n30<br />\n<br />\n17<br />\n<br />\n40<br />\n<br />\n22<br />\n<br />\n50<br />\n<br />\n29<br />\n<br />\n60<br />\n<br />\n34<br />\n<br />\n70<br />\n<br />\n38<br />\n<br />\n80<br />\n<br />\n42<br />\n<br />\n90<br />\n<br />\n47<br />\n<br />\n100<br />\n<br />\n51<br />\n<br />\n110<br />\n<br />\n55<br />\n<br />\n120<br />\n<br />\n58<br />\n<br />\n130<br />\n<br />\n62<br />\n<br />\n140<br />\n<br />\n64<br />\n<br />\n150<br />\n<br />\n66<br />\n<br />\n160<br />\n<br />\n67<br />\n<br />\n170<br />\n<br />\n68<br />\n<br />\n180<br />\n<br />\n68<br />\n<br />\n190<br />\n<br />\n68<br />\n<br />\n 20cm3 of hydrochloric acid with 60cm3 water added:<br />\n<br />\nTime (seconds)<br />\n<br />\nCO2 (cm3)<br />\n<br />\n10<br />\n<br />\n5<br />\n<br />\n20<br />\n<br />\n12<br />\n<br />\n30<br />\n<br />\n18<br />\n<br />\n40<br />\n<br />\n23<br />\n<br />\n50<br />\n<br />\n28<br />\n<br />\n60<br />\n<br />\n33<br />\n<br />\n70<br />\n<br />\n37<br />\n<br />\n80<br />\n<br />\n42<br />\n<br />\n90<br />\n<br />\n47<br />\n<br />\n100<br />\n<br />\n51<br />\n<br />\n110<br />\n<br />\n56<br />\n<br />\n120<br />\n<br />\n60<br />\n<br />\n130<br />\n<br />\n63<br />\n<br />\n140<br />\n<br />\n65<br />\n<br />\n150<br />\n<br />\n67<br />\n<br />\n160<br />\n<br />\n69<br />\n<br />\n170<br />\n<br />\n70<br />\n<br />\n180<br />\n<br />\n70<br />\n<br />\n190<br />\n<br />\n70<br />\n<br />\n 20cm3 of hydrochloric acid with 80cm3 water added:<br />\n<br />\nTime (seconds)<br />\n<br />\nCO2 (cm3)<br />\n<br />\n10<br />\n<br />\n4<br />\n<br />\n20<br />\n<br />\n10<br />\n<br />\n30<br />\n<br />\n15<br />\n<br />\n40<br />\n<br />\n19<br />\n<br />\n50<br />\n<br />\n24<br />\n<br />\n60<br />\n<br />\n29<br />\n<br />\n70<br />\n<br />\n34<br />\n<br />\n80<br />\n<br />\n38<br />\n<br />\n90<br />\n<br />\n43<br />\n<br />\n100<br />\n<br />\n46<br />\n<br />\n110<br />\n<br />\n50<br />\n<br />\n120<br />\n<br />\n54<br />\n<br />\n130<br />\n<br />\n56<br />\n<br />\n140<br />\n<br />\n58<br />\n<br />\n150<br />\n<br />\n59<br />\n<br />\n160<br />\n<br />\n60<br />\n<br />\n170<br />\n<br />\n60<br />\n<br />\n180<br />\n<br />\n60<br />\n<br />\n190<br />\n<br />\n60<br />\n<br />\n 20cm3 of hydrochloric acid with 100cm3 water added:<br />\n<br />\nTime (seconds)<br />\n<br />\nCO2 (cm3)<br />\n<br />\n10<br />\n<br />\n4<br />\n<br />\n20<br />\n<br />\n8<br />\n<br />\n30<br />\n<br />\n12<br />\n<br />\n40<br />\n<br />\n16<br />\n<br />\n50<br />\n<br />\n20<br />\n<br />\n60<br />\n<br />\n24.5<br />\n<br />\n70<br />\n<br />\n30<br />\n<br />\n80<br />\n<br />\n33<br />\n<br />\n90<br />\n<br />\n36<br />\n<br />\n100<br />\n<br />\n39<br />\n<br />\n110<br />\n<br />\n43<br />\n<br />\n120<br />\n<br />\n45.5<br />\n<br />\n130<br />\n<br />\n49<br />\n<br />\n140<br />\n<br />\n51<br />\n<br />\n150<br />\n<br />\n52.5<br />\n<br />\n160<br />\n<br />\n53<br />\n<br />\n170<br />\n<br />\n54<br />\n<br />\n180<br />\n<br />\n54<br />\n<br />\n190<br />\n<br />\n54<br />\n<br />\nAnalysis<br />\n<br />\n I will be making graphs for these results (pg. 7-13) and then I will be making two more graphs. A graph for all the gradients from the other curves and a graph where all the curves are on the same axis.<br />\n<br />\n The first two graphs I have made from my tables are quite accurate. I say this because there is a perfect example of a mistake. On the table where I have checked it (20cm3 of acid and no water), the second set of results (the check), it seems to produce more gas and more quickly too.<br />\n<br />\n The graph that has all the sets of results is quite strange because I expected to find the sets of results to be near a good order (as in 2.00 M to have the steepest curve and 0.33 M have the least steep curve). Also I expected the curves to end at all the same place. I expected this to happen because there is always the same amount of potassium carbonate and hydrochloric acid so there should be the same amount of CO2 produced at the end. <br />\n<br />\nThis is a table of all the gradients I have collected:<br />\n<br />\nConcentration of solution (M)<br />\n<br />\nInitial rate of reaction (cm3 per second) (3d.p)<br />\n<br />\nAmount of water added to the acid (cm3)<br />\n<br />\n2.00 1st try<br />\n<br />\n1.174<br />\n<br />\n0<br />\n<br />\n2.00 (repeat)<br />\n<br />\n1.559<br />\n<br />\n0<br />\n<br />\n1.60<br />\n<br />\n1.333<br />\n<br />\n5,<br />\n<br />\n1.14<br />\n<br />\n1.600<br />\n<br />\n15,<br />\n<br />\n1.00<br />\n<br />\n0.825<br />\n<br />\n20,<br />\n<br />\n0.67<br />\n<br />\n0.683<br />\n<br />\n40,<br />\n<br />\n0.50<br />\n<br />\n0.750<br />\n<br />\n60,<br />\n<br />\n0.40<br />\n<br />\n0.658<br />\n<br />\n80.<br />\n<br />\n0.33<br />\n<br />\n0.417<br />\n<br />\n100,<br />\n<br />\n From looking at the table my first reaction was to notice that as the concentration decreases and the amount of water added increases, overall the Initial rate of reaction seems to decrease apart from the odd result. To back this point up I have made a graph of concentration against rate of reaction. On the graph there was a curve so the point I made was correct.<br />\n<br />\n I predicted that the reaction would go slower when the concentration of the acid decreases. This is because as the reaction starts the reaction very quick and as the chemicals continue to react and because there are fewer particles in the volume there is a lower chance of a successful collision. So, if the concentration of the acid is increased the reaction goes faster. In dilute acid there are not so many acid particles, so the chance of an acid particle colliding with a potassium carbonate particle is not very high. <br />\n<br />\nEvaluation<br />\n<br />\n My experiment overall had unexpected results, this could have been caused<br />\n<br />\n Most of the predictions I made were correct: <br />\n<br />\n * On the graphs for the individual experiments, the curves looked like what I predicted. <br />\n<br />\n * The reaction did go slower when the concentration decreased.<br />\n<br />\n * But, the prediction of that when the concentration is halved the rate of reaction is halved to cannot be proved correct with my set of results.<br />\n<br />\n I predicted that the curves would bend from a steep line to a horizontal line and the faster the reaction the steeper the curve would start and the quicker it would reach a horizontal line. This is because as the reaction starts it is very quick and as the chemicals continue to react and because there are fewer particles in the volume there is a lower chance of a successful collision, so the reaction produces less CO2 per 10 seconds so it slows down gradually resulting in a curve.<br />\n<br />\n From my graphs I can say that the reaction rate does not double if concentration of acid doubles. I had predicted this because there are double the amount of acid particles so the rate of collision may double. The actual increase is not clear from my graphs, but I can say that it is not double. I think that this because the more concentrated the acid the more gas is produced therefore allowing less collisions of particles. Maybe if I tried a gain I could use a different acid or/and use a different solid to add to the acid to see if my theory that the gas produced gets in the way of the collisions is true.<br />\n<br />\n There are quite a few reasons that this could have happened:<br />\n<br />\n * The measuring cylinder was at an angle, <br />\n<br />\n * I may have added the wrong amount of hydrochloric acid.<br />\n<br />\n * Some of the gas dissolved in the water so not giving me accurate results.<br />\n<br />\n * It&#039;s hard to start the timer and drop the tablet in the acid at the same time.<br />\n<br />\nThe reason I think would be most likely to have happened is the fact that I didn&#039;t read the measuring cylinder correctly. This is because I must not have read it incorrectly as such, just made the mistake of, in each case, having the measuring cylinder at different angles, because I did not hold the measuring cylinder, just let it lean against the side. This is a mistake I would correct next time by maybe having another clamp to hold the measuring cylinder upright, making it a fair test. To solve the problem I would maybe use a gas syringe or I would use a set of better apparatus so the measuring cylinder would stand vertically so it would be easier to read.<br />\n<br />\n This is a problem because in the first attempt some of the CO2 dissolved in the water. This will have meant the gas doesn&#039;t get collected overall plus the reaction looks slow at the start because the gas is too busy dissolving to go into the measuring cylinder. This means that in the second attempt the gas did not dissolve so these problems did not occur, so the results were different. The reason for this is that - Before I started the second try I forgot to empty the water from the large plastic beaker and the large measuring cylinder. To cure this problem, next time I would consider using a gas syringe so there is no water for the gas to dissolve in.<br />\n<br />\n When I started each individual test there was always a couple of second between starting the timer and dropping the tablet in the acid. This is quite a big problem because in that time you could miss an amount of gas and so changing the start in each of my results. To rid the tests of this problem I would get some help from a classmate so the time difference from dropping the tablet in to starting the timer is reduced significantly.<br />\n<br />\nBibliography:<br />\n<br />\n* GCSE chemistry by Gallagher and Ingram<br />\n<br />\n* Heinemann coordinated science foundation Chemistry<br />\n<br />\n* Usborne dictionary of chemistry<br />\n<br />\n??<br />\n<br />\n??<br />\n<br />\n??<br />\n<br />\n??<br />\n<br />\nAndy Sharpe"}