{"essay_id": "3561", "essay_title": "Why was the Treaty of Versailles so in Germany?", "rate": "5 star(s)", "level": "GCSE", "subject": "History", "word_count": 841, "submitted": "11/07/2002", "marked_by_teacher": {"teacher_name": "Natalya Luck", "date": "01/12/2012"}, "essay_url": "http://www.markedbyteachers.com/gcse/history/why-was-the-treaty-of-versailles-so-in-germany.html", "description": "&quot;Why was the Treaty of Versaille so in Germany?&quot;<br />\n<br />\nThe Treaty of Versaille was a document drawn up by the League of Nations, the main influential countries being Britain France and the U.S.A. after the 1st World War. The Treaty restricted what Germany could do with regards to the Economy, the Military, and lands that Germany claimed to own. The Treaty was very strict with the Germans as it was a way of discouraging Germany from attacking and it was also a way for the British, French and American to have a little bit of revenge. <br />\n<br />\nOne feature of the Treaty that would have made it unpopular was the fact that Germany was made to pay reparations of \u00ef\u00bf\u00bd6600 million to the countries that they had been at war with and for all the damage caused even that that had been caused by the Allies bombs. This massive bill caused the German economy to go into a stage of Hyper-inflation were the value of one German mark dropped from 4 marks being equivalent to $1 an 1914 to an all time low of 4.2 billion marks being the equivalent to $1 in 1923. This meant that Germany&#039;s economical stability was destabilising and Germany couldn&#039;t see why they had to pay for all the damage and that the countries that they were forced to give money to were as guilty as they were and therefore should pay as well.<br />\n<br />\nThe Treaty said that Germany could keep it&#039;s army but on the condition that it was restricted to only 100, 000 men, which the Germans were not happy with as this was smaller than the Belgium army and this was an insult for Germany. Germany was also not allowed to have an Air Force, Heavy Guns or Tanks. There Navy was restricted to only 15,000 men and they were only allowed to have six Battleships. To add to the humiliation there were French and British troops stationed along the Ruhr and the German troops were not allowed to be stationed within 50 km of this piece of land. This must have made the unpopular as this meant that there were armed guards along the borders of Germany, and Germany who had recently been disarmed would have been unable to protect themselves from attack and so there safety had been jeopardised.<br />\n<br />\nAnother term of the Treaty was that Germany was forbidden to partake in &quot;Anschluss&quot; which was having unity with any German speaking person in Austria. This made the Treaty unpopular as a lit of people had family out in Austria and they weren&#039;t allowed to communicate with them as it was feared that Germany and Austria could start to plot to continue with the war, as so by not allowing them to talk to each other they were unable to do this.<br />\n<br />\nGermany during its time of ruling over most of Europe had obtained a lot of land. Land that they had no right to hold so one term of the Treaty was that the land that Germany had unrightfully took should be given to the countries that they invaded as compensation. The Polish Corridor and Eastern Upper Silesia were given to Poland. Memel land was given to Lithuania. Schleswig-Holtz given to the people of Denmark. Hultschin given to what was then Czechoslovakia. Alsace and Lorraine were given to France. Eupen and Malmedy were given to Belgium. This annoyed Germany because the six million Germans who lived in these territories found themselves to be being controlled by another country. <br />\n<br />\nThe League of Nations also took some land that they then controlled; these were mainly tactical points. There were though three areas that had the right to vote, for which country they were a member of, they could either vote to become part of the new country that they bordered on or stay as part of Germany. The three plebiscites were Western Upper Silesia, Allenstein and Southern Schleswig-Holstein. All three of the Plebiscites voted to stay pert of Germany. <br />\n<br />\nThe part of the Treaty that was worst from Germany&#039;s point of view was the fact that they did not have a choice when it came to signing the Treaty. They were told that unless they signed they would be invaded by Allied troops. They were also not allowed at the conference where the Treaty was being formulated and therefore couldn&#039;t object to any of the rules. The German People refereed to the Treaty as a &quot;Diktat&quot; as they wee dictated to what they could and couldn&#039;t do. The Allies made them to take responsibility for all the damage done even that caused by them, and the blame for starting the war. <br />\n<br />\nThe League of Nations also said that even though Germany had carried out it&#039;s part in the Treaty that they couldn&#039;t then become part of the league of Nations this made Germany feel that they were not respected or valued by the other countries who were all ready a member."}