{"essay_id": "36504", "essay_title": "The aim of this observation is to observe a two year old child to see how the child interacts With other children.", "rate": "4 star(s)", "level": "GCSE", "subject": "Health and Social Care", "word_count": 1166, "submitted": "23/10/2003", "marked_by_teacher": {"teacher_name": "Sam Morran", "date": "01/12/2012"}, "essay_url": "http://www.markedbyteachers.com/gcse/health-and-social-care/the-aim-of-this-observation-is-to-observe-a-two-year-old-child-to-see-how-the-child-interacts-with-other-children.html", "description": "Student Name: <br />\n<br />\nSamantha O&#039;Brien<br />\n<br />\nType/Title of Observation:<br />\n<br />\nPlay<br />\n<br />\nObservation No:<br />\n<br />\n6<br />\n<br />\n1.<br />\n<br />\nPreliminaries<br />\n<br />\nDate(s) of Observation:<br />\n<br />\n11/10/02<br />\n<br />\nTime Observation Started:<br />\n<br />\n11:40<br />\n<br />\nTime Observation Completed:<br />\n<br />\n11:45<br />\n<br />\nForename(s) of Children:<br />\n<br />\nElliot<br />\n<br />\nDate of Birth or Age <br />\n<br />\n2 Years 4 Months<br />\n<br />\n(be as precise as possible)<br />\n<br />\n2.<br />\n<br />\nAim of Observation:<br />\n<br />\nThe aim of this observation is to observe a two year old child to see how the child interacts <br />\n<br />\nWith other children.<br />\n<br />\n3.<br />\n<br />\nBrief Description of Setting: (including number of children and adults present)<br />\n<br />\n I am in the main nursery, there is a DR./Nurses set up in the middle of the room and three other tables with different activities on them. There is three staff present and eleven children in <br />\n<br />\nThe nursery. The staff are fully qualified, the activities that are set up on the tables are the popoids, clicks, and puzzles.<br />\n<br />\n4.<br />\n<br />\nMethod of Observation Used: (e.g. free description, time sample)<br />\n<br />\nThe method I have used to do my observation is free description. I have chosen this method <br />\n<br />\nBecause I think a free description observation is the easiest way to observe a child while they are playing. <br />\n<br />\nNote:<br />\n<br />\nConfidentiality must be maintained at all times and only necessary information concerning the child and family should be included. Parental permission must be sought for photographs or other material which might identify a child or their family.<br />\n<br />\n 5. Observation: Elliot is holding a green car in his left hand while putting<br />\n<br />\na man in it with his right hand from the draws. He has just shut the <br />\n<br />\ndraw and taken his car over to another member of staff and said &quot;look&quot;<br />\n<br />\nhe puts the car on the table and starts to play with the popoids now<br />\n<br />\nhe is sitting on the floor playing with his green car sitting on his knees<br />\n<br />\nrocking from side to side while smiling at me. Then with his right hand he reaches for a toy thermometer picks it up and then gets up from the <br />\n<br />\nfloor and walks over to me and gives me the toy thermometer I smile at him and say thank you. He walks<br />\n<br />\naway and sits back down on his knees and picks up a blanket with his<br />\n<br />\nleft hand and puts it in a doctors case he reaches over to get a stethoscope and puts it in the box. He stands up and walks around the <br />\n<br />\nnursery holding the handle of the box with both hands. He is now walking over to me and he says &quot;look box&quot; I say that&#039;s lovely darling he puts his box on the floor<br />\n<br />\nand opens it using both hands and then with his left hand he takes out <br />\n<br />\nthe stethoscope and puts it on the floor. Then he picks up his green car <br />\n<br />\nwith his right hand and takes it over to the table and puts it down and<br />\n<br />\npicks up a popoid and throws it on the floor then he walks over to where he has thrown it bends down and picks it up with his right hand stands back up again and walks over to the table and puts it down. With his left hand he picks up a popoid and puts his right thumb inside and then with his left hand he pulls it off then he picks up his green car and walks around a chair to catch another child then he pushes her with his right hand then runs back to the table, he puts his car down on the table and pushes it back and forward with his right hand then he walks around the table still pushing his car with his right hand then he pushes his car into another child&#039;s car and makes smashing noises.<br />\n<br />\nPlacement supervise Signature .................................................. <br />\n<br />\n6.<br />\n<br />\nConclusion and Evaluation of Observation:<br />\n<br />\nDuring the observation I did Elliot was playing mostly by himself or <br />\n<br />\nParallel to other children except when he came to me and another <br />\n<br />\nMember of staff to show his car or to give me a toy. He appears shy <br />\n<br />\nAround other children and tends to play by him self. At the age of two <br />\n<br />\nYears and four months a child of that age should be interacting with <br />\n<br />\nOther children quite a bit more than Elliot does but at the age of two years children plat mostly parallel to other children Elliot is just over two so may be this is why he is still playing by him self most of the time Quote plays contently alone but likes to be near familiar adult or older sibling (Mary D.Sheridan 1997 p.24.). At the age of two years<br />\n<br />\na child should be able to push and pull wheeled toys which Elliot is <br />\n<br />\ndoing when he is playing with his car. Quote pulls small-wheeled toys with obvious appreciation of direction. (Mary D.Sheridan 1997 p.25) To Help Elliot&#039;s Development with interacting with <br />\n<br />\nother children I would get him involved with more group activities <br />\n<br />\nsuch as craft activities or group games outside where he has to interact with other children. I think the method of observation I used is a good method but it would have been more easier to do a tick sheet <br />\n<br />\nobservation to record the information so it would have been easier to <br />\n<br />\nlink it to the correct age and stage of the child. I think providing more<br />\n<br />\nactivities where Elliot can interact will help him overcome his shyness <br />\n<br />\nwith other children and be able to enjoy the company of other children<br />\n<br />\nwhile playing in the nursery. During my observation I noticed that <br />\n<br />\nElliot kept going back to one particular toy his green car and not <br />\n<br />\nPlaying with much else in the time I observed him. A child of two years of age should enjoy picture books which Elliot does and he is also <br />\n<br />\nAble to turn the pages of a book singly. Quote enjoys picture books, recognising fine details in favourite pictures. Turns pages singly. (Mary D.Sheridan 1997 p.26) <br />\n<br />\nPersonal Learning:<br />\n<br />\nI have learnt from this observation that not all children develop at the<br />\n<br />\nSame rate as other children and may need a little help in certain areas such as help with interaction.<br />\n<br />\nBut you must not to discriminate against a child or single them out <br />\n<br />\nWhen doing activities to help promote their interaction skills.<br />\n<br />\nRecommendations:<br />\n<br />\nI would try to get Elliot involved with more group activities to help <br />\n<br />\nHis interaction skills such as playing with Para shoot, cooking and when he goes to the gym to try and play group games with him and the other children like dodge ball. <br />\n<br />\nSignature of Tutor and Date:<br />\n<br />\nGrade:<br />\n<br />\nTutor&#039;s Comments:<br />\n<br />\nIf you have used this observation as part of a National Assignment, please say which unit:<br />\n<br />\nUnit: <br />\n<br />\n2nd Submission:<br />\n<br />\nSignature of Tutor and Date:<br />\n<br />\nGrade:<br />\n<br />\nTutor&#039;s Comments:<br />\n<br />\nBibliography<br />\n<br />\n1. Mary D.Sheridan 1997 from birth to five years children&#039;s developmental progress. NFER <br />\n<br />\nJoanne Corboy/DCE/Unit1/2002/G/R Drive"}