{"essay_id": "39685", "essay_title": "Evaluating the risks and benefits of GM crops.", "rate": "4 star(s)", "level": "GCSE", "subject": "Science", "word_count": 2041, "submitted": "12/11/2003", "marked_by_teacher": {"teacher_name": "Jacqui Punter", "date": "22/01/2012"}, "essay_url": "http://www.markedbyteachers.com/gcse/science/evaluating-the-risks-and-benefits-of-gm-crops.html", "description": "Evaluating The Risks And Benefits Of GM Crops<br />\n<br />\nThis essay aims to define GM, evaluate the risks and benefits of it&#039;s current existence and finally I will conclude on whether I think GM crops post a greater risk or benefit to consumers and the environment.<br />\n<br />\nThe contentious subject of GM crops never seems to leave the media spotlight long enough before entering again with claims of it&#039;s hazardous effects or the latest innovations, leaving the consumer baffled by the vast amount of contradictory information. The great worldwide debate concerning all aspects of GM crops has drawn many groups of participants with articles, research, and reports proving their stance, ranging from environmental pressure groups to scientists to biotechnology companies to the government. <br />\n<br />\nThe British Medical Association defines genetic modification as &quot; the process of altering genetic material to express different characteristics1.&quot; Genetically modified organisms (GMO) are plant, animal, or microbe resulting from genetic modification. <br />\n<br />\nThe regulations on all aspects of GM crops are very stringent. In July 2003, the EU lifting a 5-year ban on the sell of GM food, on the basis that they are fully labelled as containing GMO&#039;s2. Non-EU countries especially the US companies have reacted angrily to the mandatory labelling of their GM products, as they know how reluctant the Europeans are to GM. Under the new law, all foods with more than 0.9% genetically modified content will have to be labelled. This aspect of the labelling has also angered consumer groups who say that consumer can&#039;t express their free will to avoid GM products, as those with less than 0.9% are classified as non-GM. <br />\n<br />\nThough essentially carried out for the same purposes, to remove or improve particular characteristics of crops, conventional plant breeding and genetic engineering differ greatly. <br />\n<br />\nThere are many conventional plant-breeding methods used. Crossing involves the removal of male pollen from one superior plant to the stigma of another superior plant, in the hope that the offspring from this process will possess the preferred characteristics of both its parents. 3<br />\n<br />\nLike conventional plant breeding, there are many methods of genetic engineering, Agrobacterium tumefaciens, and the gene gun being the two most used.<br />\n<br />\nAgrobacterium tumefaciens is a naturally occurring genetic engineering agent and in nature once this bacterium enter a plant, it delivers some of its own DNA (named T-DNA) into the plants material, causing the plant to produce harmful tumours. Geneticists have found they can withdraw from the bacteria, the tumour-inducing T-DNA and replace them with genes providing useful characteristics. When the infection plant cells are exposed to these modified bacteria, they transfer the useful genes to the plant instead of the harmful genes.4 <br />\n<br />\nThe second method is genetic engineering with the use of a gene gun. This fires tiny gold particles coated with DNA that produce useful traits directly into a plant&#039;s cells5<br />\n<br />\nNow that we have established a basic background on GM, we will now look at the benefits and risks of GM crops. <br />\n<br />\nSupporters of GM crops say that the benefits of them are aimed at consumers, producers, and developing countries. <br />\n<br />\nOne of the most documented benefits of GM crops is the ability to create herbicides that are harmless to crops and crops that have been genetically modified to tolerant the herbicide. The benefit of such crop is that when producers use herbicides to kill surrounding weeds, the crops are unaffected. The biotechnology company, Monsanto produced RoundupTM ready, a popular herbicide resistant brand of crops that was resistant to its glyphosate based RoundupTM herbicide. The Company itself stated that &quot;that correct use of the genetically modified soybeans (one of its roundupTM ready crops) and the herbicide could reduce herbicide use by one third, by eliminating the need to use herbicides to kill weeds before the soybean crop starts to grow&quot;6. Usage of the herbicide meant that farmer incurred less costs, as land did not require herbicide treatment for use.<br />\n<br />\nAnother benefit is the ability of crops to be disease and pest resistant. Crops genetically modified to be disease and pest resistant are available on the market now, for example Ingard cotton in Australia. The main threat to non-GM cotton was the Heliothis caterpillar, and farmers would use endosulfan, an agricultural chemical used in cotton crops. The problem arose that this chemical was it leached into food chain through cattle that shared the same environment as the treated cotton. This Ingard, a branded GM cotton crop had the naturally occurring soil bacterium, Bacillus thuringiensis (B.t) poison-generating gene directly inserted into its DNA. This resulted in a pest resistant crop that didn&#039;t need to the use of endosulfan, which leached into the environment. <br />\n<br />\nImproved nutritional value is another said benefit of GM crops. This goes hand in hand with another benefit, the development of sustainable agricultural in the developing countries. In developing countries where the staple food is the only food that people will eat, staples such as rice could be enriched with Vitamin A7 to curb the effects of Xeropthalamia, a vitamin A deficiency that causes blindness and Anaemia, a deficiency in iron that causes reduces vitality and the work capacity of workers. Pro GM supporters suggest providing developing countries with these enrich food or with the materials to grow the types of modified crops discussed above, would let these people be able to make a sustainable living from their produce and would incur less costs than they may already face purchasing pesticides and herbicides that may kill the majority of the crop. <br />\n<br />\nThere is overwhelming opposition to GM crops and this anti GM supporters state there are many risks of GM use to the consumer and environment. Their arguments are directly opposite those the pro GM supporters propose benefit from this innovation<br />\n<br />\nThe leading reason to opposition to GM crops is that its risks posed to the long-term health of humans are unknown. The now well-known poison rat research carried out by Arpad Puztai, who is a lectin and protein chemistry expert, aimed to find out if there was any harmful effects, of the genetic modification of potatoes with a lectin with traits to defend against insects, on mammals. The rats were fed three different diets of potatoes, one group was fed normal potatoes, the other had lectin sprinkled onto the potatoes and the last groups were fed GM potatoes were the lectin gene was inserted into the potato. Puztai concluded that only the rats fed on the last diet, the GM potatoes, were affected, suffering from brain shrinkage and organ damage. 8<br />\n<br />\nAnother risk of the GM creation is that it builds an oligarchic industry; with a few large companies possess a large amount of power. Monsanto produces more than 90% of crops worldwide. Another four companies, Syngenta, Bayer Cropscience, Dow and Du Pont produce the rest. 9Not only are farmers dependent on the fact that there will be these modified seeds for them to purchase every year but like the roundupTM brand by Monsanto, farmers need to purchase both the herbicide and the herbicide resistant crop from them. <br />\n<br />\nAnti GM protester are also disgusted with the &quot;guilt&quot; tactics used by the biotechnology companies and GM sympathisers to change consumer opinions. These organisations claim their products could save the developing countries inhabitants by ending world hunger by them just purchasing their goods. They promise increased yield, better quality crops and resistant to pest and diseases and in the long term reduced cost due to the largely reduced amount of herbicides and pesticides being required but the developing countries farmer then have to accept that these advantages come with the disadvantage of being dependent on these large multinationals and that at any time these companies could increase the price or chage their technology, meaning more purchases for these farmers with little money to begin with.<br />\n<br />\nWorld hunger is due to politics and food distribution issues and not solely agricultural problems. The developed world produces mountains of food that is left to rot, when in fact it could be distributed to the starving people in developing countries, but isn&#039;t. The introduction of GM crop seeds to these countries may produce great yields but who would purchase it? With fierce hostility against GM crops in the EU, the only market would really be the USA. Research carried out by the Consumer Association in 2002; found that less than a third of the respondents felt that food made from GM plants was accepted. 10<br />\n<br />\nAnother risk is the long-term effects GM crops may have on the environment. The BMA stated in their report: The impact on genetic modification on agriculture, food, and health that they felt that too much emphasis was being made on making crops resistant to insecticides and pesticides rather than making them resistant to the actual pest or weed leaving plants with increased amounts of insecticide and pesticide residue. There are concerns that pest-resistant crops will remove important food sources for wildlife, and the ecological impact of such crops certainly must be evaluated<br />\n<br />\nConclusion<br />\n<br />\nAs can be seen from the information provided above, there are a lot of issues surrounding GM crops, with both sides willing to use information to prove their points, though with the omission of some information. In the arguments against GM crops, many organisations have used the Putzai research as evidence that GM crops are harmful, but what isn&#039;t usually discussed by those people is that his research was found to be highly flawed and did not follow the correct guidelines, rendering its conclusions invalid. In addition, the issue of the terminator gene is one not fully explored, though Monsanto was granted a patent on such a gene, after heavy criticism they promised not to release such a product into the market. But wouldn&#039;t such a gene be a benefit to the environment that the anti GM supporters want to protect so desperate, having gene that don&#039;t sprout every year means that if an incident happened where GM seeds were blown far and wide, they would not grow and contaminate areas which may be in use of GM free agriculture. <br />\n<br />\nAnd in the same way that the biotechnology companies use their products to become the &quot;saviours&quot; of the developing countries as a selling point, is highly flawed. The very same countries said to benefit from GM have decided to reject the technology. The decision was taken after the Zambian Government despatched a team of scientists around the world to study the potential effects of importing GM crops. &quot;In view of the current scientific uncertainty surrounding the issue... government has decided to base its decision not to accept GM foods in Zambia on the precautionary principle,&quot; Agriculture Minister Mundia Sikatana said.11<br />\n<br />\nIn conclusion the real facts of GM technology and all that surrounds it needs to be released in its entirety and plain talk so that the consumer can understand both sides of the arguments and make a educated decision with their minds. GM is potentially a very helpful technology but I believe that more research needs to go into proving there is no risk to the consumer and the environment<br />\n<br />\nBIBLIOGRAPHY<br />\n<br />\nWebsites<br />\n<br />\nwww.bbc.co.uk/news<br />\n<br />\nwww.ask.co.uk<br />\n<br />\nhttp://www.which.net/campaigns/food/gm/findings.html<br />\n<br />\nwww.gmissues.org<br />\n<br />\nBooks/ Articles/Booklets<br />\n<br />\nAltieri, M (2001) Genetic Engineering In Agriculture, Food First, California<br />\n<br />\nDarvell, Nathansen (1999) The Impact Of Genetic Modification On Agriculture, Food And Health, British medical association<br />\n<br />\nFood and Drink federation, (2000) Food for our future, Food and Drink Federation, London<br />\n<br />\nMchugen, A (2000) A Consumer&#039;s Guide To Gm Food From Green Genes To Red Herrings, Oxford University Press, New York <br />\n<br />\nPaarlberg, R L (2001) The Politics Of Precaution, The International Food Policy Research Institute, Washington<br />\n<br />\nPinstrup-Anderson, P &amp; Schioler, E (2001) Seeds of Contention, The Johns Hopkins University Press, London<br />\n<br />\nSample, I (2003) GM Crops, The Guardian<br />\n<br />\n1 Darvell, Nathanson<br />\n<br />\n2 http://news.bbc.co.uk/1/hi/world/europe/3037222.stm<br />\n<br />\n3 Altieri<br />\n<br />\n4 McHughen, A<br />\n<br />\n5 Sample, I<br />\n<br />\n6 gmissues.org<br />\n<br />\n7 Food future<br />\n<br />\n8 Pinstrup-Andersen, P, Schioler. E<br />\n<br />\n9 Sample, I<br />\n<br />\n10 http://www.which.net/campaigns/food/gm/findings.html<br />\n<br />\n11 http://news.bbc.co.uk/1/hi/world/africa/2412603.stm<br />\n<br />\n1"}