{"essay_id": "4852", "essay_title": "Experiment to Investigate which Factors Affect the Strength of an Electromagnet", "rate": "3 star(s)", "level": "GCSE", "subject": "Science", "word_count": 560, "submitted": "11/07/2002", "marked_by_teacher": {"teacher_name": "Kate Gardiner", "date": "01/03/2013"}, "essay_url": "http://www.markedbyteachers.com/gcse/science/experiment-to-investigate-which-factors-affect-the-strength-of-an-electromagnet.html", "description": "Experiment to Investigate which Factors Affect the Strength of an Electromagnet <br />\n<br />\nIntroduction<br />\n<br />\nAn electromagnet is a magnet made of a solanoid with coils of wire around it.<br />\n<br />\nAim<br />\n<br />\nTo investigate which factors affect the strength of an electromagnet.<br />\n<br />\nPredictions<br />\n<br />\nI predict that the voltage, the amount of coils and the material of the solanoid can affect the strength of a magnet. I also predict that adding more coils increases strength. See domain theory.<br />\n<br />\nThe Domain Theory<br />\n<br />\nThe domain theory is that all the atoms point different ways in a piece of iron. When the piece of iron is magnetised all the atoms in the iron point to north.<br />\n<br />\nVariables<br />\n<br />\nThe variables are the number of coils and the strength of the magnet. The number of coils I will change is in the independent variable and the strength of the magnet is the dependent variable.<br />\n<br />\nWhat I Intend to do<br />\n<br />\nI intend to investigate which factors affect the strength of an electromagnet. I intend to keep the voltage the same throughout the experiment I&#039;m going to keep adding coils to the solanoid and find out how many paper clips it attracts.<br />\n<br />\nApparatus<br />\n<br />\nPower Supply DC 0 - 13v demagnetising solanoid<br />\n<br />\nConnecting wires with plugs<br />\n<br />\nCrocodile clips<br />\n<br />\nInsulating wire (approximately 1m)<br />\n<br />\nNail (soft iron)<br />\n<br />\nHeat proof mat<br />\n<br />\nStand and clamp<br />\n<br />\nPaper clips<br />\n<br />\nCircuit Diagram<br />\n<br />\nPreliminary Experiment<br />\n<br />\nIn the preliminary experiment I will check the circuit to see if it works. I will also check the voltage and how many coils (for start).<br />\n<br />\nObtaining Evidence<br />\n<br />\nNo. of Coils<br />\n<br />\nNo. of Coils<br />\n<br />\n10<br />\n<br />\n9<br />\n<br />\n20<br />\n<br />\n43<br />\n<br />\n30<br />\n<br />\n25<br />\n<br />\n40<br />\n<br />\n46<br />\n<br />\n50<br />\n<br />\n47<br />\n<br />\n60<br />\n<br />\n50<br />\n<br />\n70<br />\n<br />\n50<br />\n<br />\n80<br />\n<br />\n50<br />\n<br />\n90<br />\n<br />\n50<br />\n<br />\n100<br />\n<br />\n50<br />\n<br />\nNo. of Coils<br />\n<br />\nNo. of Coils<br />\n<br />\n10<br />\n<br />\n12<br />\n<br />\n15<br />\n<br />\n17<br />\n<br />\n20<br />\n<br />\n33<br />\n<br />\n25<br />\n<br />\n38<br />\n<br />\n30<br />\n<br />\n40<br />\n<br />\n35<br />\n<br />\n42<br />\n<br />\n40<br />\n<br />\n45<br />\n<br />\n45<br />\n<br />\n47<br />\n<br />\n50<br />\n<br />\n49<br />\n<br />\n55<br />\n<br />\n50<br />\n<br />\nAnalysing Evidence<br />\n<br />\nI have found simply that the more coils there are the more paper clips are attracted. On average each set of 5 coils attracts 37.3 paper clips. I have identified that the strength increases with the number of coils and the graph is non-linear. The number of coils increases the strength because of the domain theory. Due to there being more coils on the nail there is more power going through it so will become more magnetised allowing it to pick up more paper clips. The more coils meant more attracted clips as portrayed in our prediction so our results support our prediction.<br />\n<br />\nEvaluating Evidence<br />\n<br />\nThe procedure was relatively easy although I thought we didn&#039;t have enough time to complete the experiment. Our experiment was fairly accurate except our preliminary experiment results were anomalous in some places because there was one point when we added coils and the number of paper clips went down. The variables were kept constant and the reliability of the experiment could have been improved if we could have acquired more results. The evidence is sufficient to support a firm conclusion although the nail could have been magnetised because of past experiments. The experiment could be improved by extending the time, the length wire, and the amount of paper clips. A longer nail could be included as well as using a Newton meter and better timing could also be used. To extend the enquiry I suggest looking at the voltage and other materials. <br />\n<br />\nLliam Heavey Physics Coursework"}