{"essay_id": "52415", "essay_title": "What were the consequences of the agricultural revolution for the rural poor? And how did they respond?", "rate": "4 star(s)", "level": "University Degree", "subject": "Historical and Philosophical studies", "word_count": 2175, "submitted": "03/02/2004", "marked_by_teacher": {"teacher_name": "Rachel Smith", "date": "24/12/2012"}, "essay_url": "http://www.markedbyteachers.com/university-degree/historical-and-philosophical-studies/what-were-the-consequences-of-the-agricultural-revolution-for-the-rural-poor-and-how-did-they-respond.html", "description": "What were the consequences of the agricultural revolution for the rural poor? And how did they respond?<br />\n<br />\nBy Kevin Dean <br />\n<br />\nThroughout history a so-called agricultural revolution has been detectable in every age. From the Neolithic period, from ancient Egypt, through to Rome, thirteenth century England, Britain in the 1860&#039;s, and again in the 1950&#039;s, are all given dates to when agricultural revolutions have taken place.1<br />\n<br />\nIn this essay, however, the term `agricultural revolution&#039;, is used to refer to the, roughly, one hundred years after 1750.<br />\n<br />\n In fact, the term itself is somewhat misleading, as the word `revolution&#039; means a full circle, or a cyclical return to an original starting point, whereas in this context the term is used to indicate a series of connected events occurring in linear fashion, and according to some historians, stretching back some centuries before 1750 and being part of, and central to, the industrial revolution.2<br />\n<br />\nWhat did the `agricultural revolution&#039; consist of?<br />\n<br />\nAs is often the case, the answer is multi -causal, but there are several recognisable factors that can be pointed to.<br />\n<br />\nFirstly, and the most contentious by dint of the difference of opinion amongst historians, the removal of common property rights to land, or `enclosure&#039;.3<br />\n<br />\nThe enclosure process of denying access of cottagers and labourers to the farmlands and `commons&#039; of the parish, and the rights of use of those lands by private acts of Parliament was a serious blow to the rural poor who relied on the commons for a major part of their livelihood. The gathering of wood and kindling for fuel, the cutting of turfs and peat for the same purpose, along with the natural resources of vegetation and game, plus the grazing rights for what, if any, cattle they may have had were all taken away.<br />\n<br />\nIt is important to point out that whatever the impact that enclosure had, it was mainly regional in effect, only around a quarter of the country&#039;s wastes and commons were involved, and while there can be no doubt that people in certain parts of the country were affected, some seriously; it was in no way a national phenomenon and its importance greatly outweighs its effects.4 <br />\n<br />\nIt is worth noting, however, that another aspect of enclosure meant the `rapid accession to the cultivated area of large tracts of commons and waste, and for the common fields a rapid conversion to the conditions necessary for more efficient farming&#039;.5<br />\n<br />\nSo that while enclosure was important in preparing the ground for a more efficient means of producing food, without which the population could only reach a certain size, as according to the theory that land being a fixed resource, there was a natural population ceiling that only allowed growth when a certain food/person ratio was achieved,6 enclosure in this sense, refers to `official&#039; acts of forced Parliamentary enclosure, whilst enclosure amongst small farmers as a matter of consent and mutual benefit had been going on for some time.<br />\n<br />\nOf equal significance is the impact of new technology and ways of thinking which turned an essentially organic and backward peasant economy into a progressive and successful industry.<br />\n<br />\n&quot;For many years the agricultural revolution in England was thought to have occurred because of three major changes: the selective breeding of livestock; the removal of common property rights to land; and new systems of cropping, involving turnips and clover. All this was thought to have been due to a group of heroic individuals, who, according to one account, are `a band of men whose names are, or ought to be, household words with English farmers: Jethro Tull, Lord Townshend, Arthur Young, Bakewell, Coke of Holkham and the Collings.&#039;&quot;7<br />\n<br />\nThese men are seen by some, as having a major part in the transformation of the English agricultural system from a `peasant subsistence economy to a thriving capitalist agricultural system, capable of feeding the teeming millions in the new industrial cities&#039;.&#039;8<br />\n<br />\nThe dual effect of enclosure and the new ways and systems of working both contributed to the same end, but in different ways. Enclosure had turned some, but not all; cottagers and labourers, into wage earners alone, without the supplementation that access to the common land might bring to their standard of living.<br />\n<br />\nWhile the new efficiency of farming methods meant that less man power was required to produce greater quantities of food than previously, this in turn meant that the levels of agricultural workers as had been previously required, were required no longer.<br />\n<br />\nA consequence of falling agricultural wages and standards of living was the increasing dependence on the demeaning system of poor relief that operated at this time.9 The poor were effectively tied to the parish, which controlled the system of relief, so were thus denied the opportunity to travel elsewhere to find work. The vagaries of the `Poor law&#039; system contributed to making a bad situation worse for those caught up in its complexities.<br />\n<br />\nThis along with high food prices, especially during the Napoleonic wars, as well as the widespread depression at the end of those wars, due to amongst other factors the massive demobilisation of an army that was no longer required, all contributed to the rural riots and unrest that took place especially between 1816-1831.10<br />\n<br />\nSo how were the rural poor to respond?<br />\n<br />\nAny legal or official form of redress was denied to many, if not all of the agricultural labouring class. Given that any opposition to Parliamentary acts of enclosure were to be heard in London, and that the majority of the poor never went effectively beyond their own parish boundary, meant that such acts were often passed without any opposing voices heard by the commission responsible. Also, it would be a rare workingman, (it would invariably be a man) who could afford either the time or the expense of travelling to the capital from where ever in the country he happened to reside. <br />\n<br />\nGiven that literacy, and indeed articulacy, was a rarity amongst the poor, it would be a rare man who faced with a room of M.P&#039;s or commissioners could state the case effectively, or creditably, for either himself or the villagers he claimed to speak for.<br />\n<br />\nThat left only one other course of action, protest.<br />\n<br />\nBut who did, or could, the rural poor protest against?<br />\n<br />\nAnd what form could such protest take?<br />\n<br />\nThe history of the `agricultural revolution&#039; is littered with several phases of unrest, riot and revolt. From the Luddite movement from around 1810-1815, to the Welsh `Rebecca&#039; protestors, the Galway `Levellers&#039; and the `Captain Swing&#039; riots and destruction of the 1830&#039;s, there has been a series of lower class, agrarian rebel movements.<br />\n<br />\nIn the case of the Luddite&#039;s and the `Swing&#039; protests these took the form of the destruction of property, acts of vandalism against the machines that were seen as the destroyers of livelihoods, and of the need for labour. Other forms of protest were also utilised, as in the case of the opposition to enclosure.11<br />\n<br />\nBut it is in the `Captain Swing&#039; riots of 1830-31, that is seen as the rural poors ultimate and possibly inevitable, reply to the plight and distress they invariably found themselves in.<br />\n<br />\n&quot;The first threshing machine was destroyed at lower Hardres, near Canterbury in East Kent, on the night of 28 August 1830. The precise date is worth recording, as the breaking of machines was to become the characteristic feature of the labourer&#039;s movement of 1830, which, starting in Kent, spread over a score of counties in the next three months. And yet machine breaking, while the most significant, was only one of the numerous forms that the labourer&#039;s movement assumed. Arson, threatening (or `Swing&#039;) letters; wages meetings; attacks on justices or overseers; riotous assemblies to extract money or provisions, or to enforce a reduction in rents or tithes -or even of taxes -all played their part.&quot;12<br />\n<br />\nWhile `Swing&#039; protests were violent, the only target for the labourer&#039;s ire was mechanical or inanimate, hayrick burning, or the smashing of machines. Not a single instance of death or extreme injury was recorded in the accounts of the time; various persons may have been roughed up, or run out of the parish, but none seriously. In fact, some accounts of the later protests were said to be almost festive in aspect!<br />\n<br />\nThis did not appear so to the authorities however; whose response to anybody caught or otherwise implicated was typically harsh, with imprisonment, transportation, and in some cases death, being the result.<br />\n<br />\nIn common with earlier protest movements, the `swing&#039; rioters were a movement without any recognisable leader; the very anonymity of signing threatening letters with the pseudonym `swing&#039; was a guarantee of that. Because there was no one to point to or accuse, the very name `swing&#039; took on an elusive, almost supernatural aspect to it, adding an air of fear and mystery to the letters, the recipients of which, could have probably attested to.<br />\n<br />\nAlthough spread across several of the Southern counties, the unrest was not part of a national movement, the whole `swing&#039; phenomenon was strictly regional in nature and application, and as such, was not likely to have any lasting effect, not lasting much beyond 1831.<br />\n<br />\nRegardless of the actions of the rural poor, the `agricultural revolution&#039; could not be undone, the new methods that utilised less manpower to produce more food than ever before could not be cast aside, nor would the mass of the populace who were not affected by them allow them to be. The changes the `revolution&#039; brought, allowed Britain to feed and support a significant increase in its population that it would not otherwise have been able to. The fact that this was achieved with a much smaller workforce enabled the surplus to be diverted to the towns and the factories to kick-start another `revolution&#039;, but this time an industrial one.13 <br />\n<br />\nBibliography<br />\n<br />\nCobbet, William, Rural Rides, Penguin, 1967.<br />\n<br />\nHammond J.L and Hammond Barbara, The Village Labourer, Longman, 1978.<br />\n<br />\nHobsbawn E.J and Rude, George, Captain Swing, Lawrence and Wishart, 1969.<br />\n<br />\nLamont, William, (ed) Historical controversies and historians, UCL Press, 1998.<br />\n<br />\nMarshal J.D, The Old Poor Law 1795-1834, Macmillan, 1985.<br />\n<br />\nMingay G.E, Enclosure And The Small Farmer In The Age Of The Industrial Revolution, Macmillan 1968.<br />\n<br />\nMingay G.E, Parliamentary Enclosure in England, an introduction to its causes, incidence and impact 1750-1850, Longman, 1997.<br />\n<br />\nMingay G.E, The Agricultural Revolution In English History: a reconsideration, from Essays in Agrarian History vol 2, Latimer Trend and Co, 1968.<br />\n<br />\nSamuel, Raphael, (ed) Village Life And Labour, Routledge and Kegan Paul, 1975.<br />\n<br />\nThompson, Flora, Lark Ride to Candleford, Oxford University Press, 1945.<br />\n<br />\nTurner, Michael, Enclosures in Britain 1750-1830, MacMillan Education, 1986.<br />\n<br />\nhttp://www.bbc.co.uk/history/society-culture/industrialisation/agricultural-revolution-p... 23/01/04<br />\n<br />\n1 Alun Howkins Agrarian Histories And Agricultural Revolutions, from Historical controversies and Historians, (ed) William Lamont, UCL Press, 1998, p82.<br />\n<br />\n2 &quot;The `agricultural revolution&#039; was not simply the rural counterpart of the transition to industrialism, the agrarian side of the medal of the `industrial revolution&#039;: it was rather a long-term process of re-organisation and change in land use, accompanied by expansion of the cultivated area, that made possible a greater output without making a correspondingly larger demand on the labour supply. Seen in this light the `agricultural revolution&#039; stretched over a number of centuries rather than decades.&quot; G.E Mingay, Enclosure and the small farmer in the age of the industrial revolution, Macmillan, 1968, p17.<br />\n<br />\n3 Howkins, Agrarian Histories and Agricultural Revolutions, p84<br />\n<br />\n4 &quot;In an enclosed village at the end of the eighteenth century the position of the agricultural labourer was very different. All his auxiliary resources were taken away from him, and he was now a wage earner and nothing more. Enclosure had robbed him of the strip that he tilled, of the cow that he kept on the village pasture, of the fuel that he picked up in the wood, and of the turf that he tore from the common. And while a social revolution had swept away his possessions, an industrial revolution had swept away his families earnings.&quot; J.L and Barbara Hammond, The village Labourer, Longman, 1978.<br />\n<br />\n5 G.E Mingay, Enclosure and the small farmer in the age of the Industrial Revolution, Macmillan, 1968, p19.<br />\n<br />\n6 Howkins, Agrarian histories agricultural revolutions, p82<br />\n<br />\n7 Mark Overton, Agricultural Revolution in England 1500-1850, http://www.bbc.co.uk/history/society-culture/industrialisation/agricultural-revolution-p..., 23/01/04.<br />\n<br />\n8 Ibid p1<br />\n<br />\n9 G.E Mingay, Parliamentary Enclosure in England, Longman, 1997, p149.<br />\n<br />\n10 Ibid, p149.<br />\n<br />\n11 &quot;Opposition to enclosure was not infrequent. It took various forms from open protests, marches and public meetings to illegal outbursts like the removal of the surveyors pegs, pulling down of fences and physical attacks on surveyors and commissioners.&quot; G.E. Mingay, Parliamentary Enclosure in England, p132.<br />\n<br />\n12 E J Hobsbawn and George Rude, Captain Swing, Lawrence and Wishart, 1969, p97.<br />\n<br />\n13 Howkins, Agrarian Histories and agricultural revolutions, p89.<br />\n<br />\n1"}