{"essay_id": "59752", "essay_title": "Introduction to Child Study.", "rate": "4 star(s)", "level": "GCSE", "subject": "Health and Social Care", "word_count": 678, "submitted": "15/03/2004", "marked_by_teacher": {"teacher_name": "Sam Morran", "date": "01/12/2012"}, "essay_url": "http://www.markedbyteachers.com/gcse/health-and-social-care/introduction-to-child-study.html", "description": "Introduction to Child Study<br />\n<br />\nThe child I will be studying is Mica. She was born on the 26th December 1999. She is now 3 years and 7 months old. Mica is of mixed race with lovely brown curly hair and beautiful brown eyes. She is a very lively and outgoing child. Mica can also be very shy with strangers dependent on their approach to her.<br />\n<br />\n Mica is rather tall for her at 108 1/2 cm or 42 1/2 inches tall and wears clothes aged 4-5. She gets the height from her father&#039;s side of the family. She also has a size 9 feet, which is large for her age. Mica is very happy, chatty child who can mix with most children, and attends the local nursery five days a week all day whilst her parents work. She has a wide imagination and often pretends to be a teacher using the skills her teachers use at nursery which she as noticed. Mica loves to play along in games with others and amuses herself when alone. She loves to play with her dolls and teddy bears but also likes watching television. Mica&#039;s favourite programme is Tweenies, she also likes to watch films, and her favourite is Monsters Inc. She often relays what is happening in the film like when the monster is talking she will say the words before him or when the little girl is about to scream she will prior to it happening.<br />\n<br />\n Mica lives in a two bed-roomed flat in West Bowling with her mother Favel aged 29 and her father Chris aged 33. Mica as her own bedroom with a standard single bed which used to have a safety guard on. Most of her toys are kept in her bedroom; she also has a television and video player in her room with a wide range of videos to watch. Mica has no siblings so that is why it is good that her mother put her into nursery from a young age to get used to the prospect of sharing with others of the same age. When she was one, she went along to a playgroup with her mother for a few hours a day at the venue of the nursery. Then at the age of two, she was put in nursery whilst both parents went out to work. She usually plays in her bedroom or in the living room, as it is quite a small flat. They are hoping to move into a house with garden for her to play in. Mica has her name down at the local primary school ready to start at the age of five. <br />\n<br />\n There is a local park for her to go to with an adult and her mother has a car so they go out places. In addition, there is a local shop and supermarket in the case anything is needed. Mica knows her full name and age but has not yet learnt her address all she knows is the number as it is on the door. <br />\n<br />\n Mica&#039;s physical development is quite advanced but not too much as she had no garden to play in on bikes etc so she as not learnt how to ride a bike. For Christmas, she is getting a two-wheeled scooter to learn to ride. Her emotional development is clear as she often shows signs of fear and excitement in different situations. She does not like to be left alone in a room especially with the door closed. Her intellectual development is good, she knows most differences and remembers names, places, and people. Mica also remembers where she saw someone or where someone works or lives. Her social development is gradually building because of the fact she is attending a nursery throughout the day with other children around her own age. Mica can also throw terrible mood swings and be very disobedient. She often gives her mother cheek when she is shouting at her and sometimes Mica hits her mother when she is being told off.<br />\n<br />\nTanya Ullah 11IF"}