{"essay_id": "75917", "essay_title": "Why is symbolism in the Catcher in the Rye so important?", "rate": "4 star(s)", "level": "AS and A Level", "subject": "English", "word_count": 1095, "submitted": "03/06/2005", "marked_by_teacher": {"teacher_name": "Karen Reader", "date": "11/05/2012"}, "essay_url": "http://www.markedbyteachers.com/as-and-a-level/english/why-is-symbolism-in-the-catcher-in-the-rye-so-important.html", "description": " Andre Malan<br />\n<br />\n(word Count 1064)<br />\n<br />\nWhy is symbolism in the Catcher in the Rye so important?<br />\n<br />\n Symbolism is an essential element in any literary work. This is especially true for J.D. Salinger&#039;s novel the Catcher in the Rye. Salinger&#039;s main character, Holden finds it difficult to communicate with the outside world and therefore with us, the reader. Salinger uses symbolism as a subtle way of communicating Holden&#039;s emotions and faults to us the reader, without compromising the consistency of his characters by forcing Holden to do so. Salinger also uses symbolism to relate events in the novel to society at the time and expose its faults to public ridicule and criticism. Finally Salinger uses symbolism to highlight the idea of Holden making a journey and to make the reader aware of when Holden&#039;s journey has reached an end.<br />\n<br />\n Holden hides his emotions from himself and from those around him. He says that his breaking of the car windows was &#039;just for the hell of it&#039; (Salinger 39), when it is patently obvious to the reader that this violent reaction was due to anger and pain caused by the death of his brother Allie. Salinger uses the symbol of Holden&#039;s hand that &#039;still hurts me once in a while&#039; (39) to show us that the death of Allie still causes Holden great emotional pain. He also uses the hand to show that The death of Allie has weakened Holden &#039;I can&#039;t make a real fist anymore - not a tight one&#039; and led him to mentally &#039;come undone&#039;. <br />\n<br />\n Symbolism is also used by Salinger to show the narrow mindedness and materialism of the American society in the 1950&#039;s. Society at that time was very conservative and denounced anyone who was different, as &#039;un-American&#039; or &#039;communist sympathisers&#039;. Salinger uses Holden&#039;s red hat (red is the colour of communism) to show this symbolically. Holden wears his cap with the peak &#039;way around the back - very corny&#039; (18), yet he thinks he looks &#039;good in it that way&#039; ( 18), this symbolises the fact that he wants to be different. He realizes though that he can&#039;t be different, as he knows the narrow minded society will shun him, therefore he frequently has to take off the cap that symbolises his divergence from social norms, so as not to &#039;look like a screwball or something&#039; (61). Salinger does this to show us not only that the society is immoral, but also to show us that it forces everyone to conform to its immorality.<br />\n<br />\n The Catcher in the Rye is essentially Holden&#039;s journey into adulthood. At first he does not accept adulthood at all. Salinger uses his love for small children and hatred for adults to symbolise this. Every adult he comes in contact with has serious flaws. Even Mr Antolini, the best person the adult world has to offer Holden, the only adult Holden will stay with and was &#039;about the best teacher I ever had&#039; (174), is seriously flawed. He is intelligent , friendly and hospitably yet he comes close to sexually molesting Holden. Children however are seen as perfect. Allie was not only &#039;the most intelligent member of the family&#039; (38), but he was &#039;also the nicest, in lots of ways&#039; (38). &#039;You never saw a little kid so pretty and smart in your whole life&#039; (67) as Phoebe. In Holden&#039;s eyes she is also perfect, despite her constant whining and &#039;snobbishness, Holden never gets annoyed by her. Holden also remembers Jane Gallagher as being perfect. Yet every opportunity has to call her &#039;he is just not in the mood&#039;. He can&#039;t bring himself to call her simply because she is older and might have been contaminated by the evils of adulthood. <br />\n<br />\n Holden realizes though when he visits the museum, that he can never return to his previous state of childhood. The museum never changes and symbolises Holden&#039;s need to stay in a permanent childlike state, it is &#039;the only nice, dry, cosy place in the world&#039;(120). Yet as Holden approaches thinking that the best thing in the museum is &#039;that everything always stayed right where it was&#039; (121), he realizes that he, would be different. That every time you went there, you changed and that it was impossible to go back to the way you were before. Once he grasps this concept he abandons his quest to stay a child and &#039;all of a sudden I wouldn&#039;t have gone inside for a million bucks&#039;(122).<br />\n<br />\nHis new quest is to keep other children from growing up as he has. We see this through his fascination with Robert Burns&#039; poem. He wants to be &#039;the catcher in the rye&#039;(173), he wants to catch the children and stop them from falling off &#039;the cliff&#039; of childhood innocence into the misery of adulthood. This is again represented in his fantasy of going off and living alone, with a deaf mute wife. Then when they have children they could &#039;hide them somewhere&#039; (199), and keep society from corrupting them. This fantasy is however shattered as well, by the &#039;Fuck you&#039; signs that he finds. Those words symbolise the total and utter loss of innocence. He knows that &#039;its hopeless anyway. If you had a million years to do it in, you couldn&#039;t rub out half the &quot;fuck you&quot; signs in the world. It&#039;s impossible&#039; (202). He knows that in the end, there is no way that he can keep the children innocent. <br />\n<br />\n Symbolism is a subtle way of communicating one&#039;s message. It requires intelligence and insight to deduce what the author is trying to say. Salinger does not want just any &#039;phoney&#039; to understand his character. He does not want those unintelligent, narrow minded and materialistic people that he criticizes so harshly to comprehend his message. His message is there for the &#039;brilliant and creative&#039; (189) people. Only those people will truly be able to realize that you cannot cage the innocence of childhood. Instead we must sit back and watch the children go round and round the carrousel and be happy in the knowledge that their purity is a glimmer of hope in our evil world.<br />\n<br />\nWorks cited: <br />\n<br />\nThe Catcher in the Rye, Salinger, J.D. Little, Brown and Company<br />\n<br />\n Boston MA, 1951<br />\n<br />\nUnknown, http://www.sparknotes.com/lit/catcher/themes.html<br />\n<br />\n Spark Notes, (c)1999-2003, Spark Notes LLC, 24 Oct. 2003<br />\n<br />\nMicrosoft Encarta, Encyclopedia 2001<br />\n<br />\n Microsoft Corporation, (c)1993-2000<br />\n<br />\nClass notes (thank you to the genius of Mrs Joanna Warby)"}