{"essay_id": "76087", "essay_title": "Discuss the way Sheila and Gerald's relationship evolves through the play. What hope do you think there is for their future happiness together?", "rate": "4 star(s)", "level": "GCSE", "subject": "English", "word_count": 1552, "submitted": "03/06/2005", "marked_by_teacher": {"teacher_name": "Stephen Evans", "date": "01/01/1970"}, "essay_url": "http://www.markedbyteachers.com/gcse/english/discuss-the-way-sheila-and-gerald-s-relationship-evolves-through-the-play-what-hope-do-you-think-there-is-for-their-future-happiness-together.html", "description": "An Inspector Calls<br />\n<br />\nBy J.B. Priestley<br />\n<br />\nDiscuss the way Sheila and Gerald&#039;s relationship evolves through the play. What hope do you think there is for their future happiness together?<br />\n<br />\n At the start of the play, Sheila and Gerald have known each other for about a year, and they are celebrating their engagement. Sheila is in her early twenties, and Gerald is about thirty. Gerald comes from a rich, powerful, well-respected family, and his father is Sir George Croft: a rich business owner. <br />\n<br />\n It appears as if Sheila&#039;s family encourages their relationship because Mr Birling and Sir Croft are business rivals, and Mr Birling thinks it would benefit his business to be linked with the Crofts. He thinks he would make money from it, and money is very important to him. He says &#039;Crofts and Birlings...working together for lower costs and higher prices.&#039; He also says &#039;You&#039;re just the kind of son-in-law I always wanted&#039; to Gerald. <br />\n<br />\n At the beginning of the play, Sheila and Gerald&#039;s relationship is unbalanced because Gerald sees himself as the dominant one, and he is controlling. Sheila is na\u00ef\u00bf\u00bdve, quite immature for her age, and impressionable. Gerald chose and bought the engagement ring for Sheila, without her having any say about it, and she just accepts that, and doesn&#039;t question Gerald. She says &#039;Is this the one you wanted me to have?&#039; which shows her willingness to be controlled. Also, when the Inspector mentions Milwards, she says &#039;We go there - in fact I was there this afternoon - for your benefit.&#039;<br />\n<br />\n Sheila appears to be affectionate and easy-going, but Eric suggests that she isn&#039;t always as she seems to be when he says &#039;She&#039;s got a nasty temper sometimes - but she&#039;s not bad really.&#039; <br />\n<br />\n The first doubt of their relationship is early on in the play, when Sheila says &#039;...all last summer when you never came near me, and I wondered what had happened to you.&#039; Although she says it half serious, half playfully, it is clear she thinks Gerald has been up to something, but she does nothing about it. This again shows her naivety about the relationship and shows that she allows herself to be controlled by Gerald. <br />\n<br />\n Even though Gerald dominates her, and Mr Birling pushes her relationship with Gerald, Sheila seems happy and unaware of it. <br />\n<br />\n The balance of their relationship starts to change when Sheila admits she has done something wrong and says to Gerald &#039;I expect you&#039;ve done things you&#039;re ashamed of too.&#039; At this point, Gerald doesn&#039;t deny he has done things he is ashamed of, which is ironic, because throughout the rest of the play, he denies everything, and tries to persuade everyone he doesn&#039;t come into the suicide business. <br />\n<br />\n By the end of Act One, Sheila is aware that Gerald has been up to something the previous summer, and because she has admitted she has done something wrong but he denies he has, Sheila gains some control of their relationship. She works out what the Inspector is doing, and says &#039;Why - you fool - he knows...and I hate to think how much he knows that we don&#039;t know yet. You&#039;ll see. You&#039;ll see.&#039; It also says &#039;She looks at him almost in triumph. He looks crushed.&#039; She feels triumphant because she has stood up to Gerald and gains control over him.<br />\n<br />\n Act Two is the act in which their relationship changes the most. Sheila seems less na\u00ef\u00bf\u00bdve and more aware of herself. She says &#039;But everybody knows about that horrible old Meggarty. A girl I know had to see him in the Town Hall one afternoon and only escaped with a torn blouse.&#039; In the beginning of the play, you wouldn&#039;t expect her to know about something like that. Mrs Birling is shocked also, because Sheila has had a secluded, protected life and she doesn&#039;t think Sheila would know about Alderman Meggarty. She is not na\u00ef\u00bf\u00bdve anymore. <br />\n<br />\n Gerald tries to make Sheila go out of the room to stop her hearing about his affair with Daisy Renton. He says &#039;I think Miss Birling ought to be excused from this questioning. She&#039;s nothing more to tell you.&#039; But Sheila needs to know about the affair, and says &#039;It can&#039;t be any worse for me than it has been. And it might be better.&#039; She is saying no to Gerald for the first time, and standing up to him. <br />\n<br />\n Their relationship is directly affected by the action of the drama. They find out things about each other and see sides of each other they had never known about before as a result of the Inspector&#039;s visit. Gerald says &#039;You&#039;ve been put through it - and now you want to see somebody else put through it.&#039; Sheila says &#039;So that&#039;s what you think I&#039;m really like. I&#039;m glad I realised it in time Gerald.&#039; <br />\n<br />\n We see some of Sheila&#039;s nasty side in Act Two, Gerald says &#039;I didn&#039;t feel about her as she did about me&#039;, and Sheila replies with sharp sarcasm &#039;Of course not. You were the wonderful Fairy Prince. You must have adored it Gerald.&#039; She is angry about Gerald&#039;s betrayal. <br />\n<br />\n Sheila is now in control of the relationship. She is the one asking all the questions, and Gerald asks for her permission to leave, come back, and asks if he may have a drink. She has the power to decide if the relationship will end or continue, and she gives him her engagement ring back. She says they aren&#039;t the same people they were when they sat down to dinner. She says &#039;Gerald, I think you&#039;d better take this with you&#039; and hands him the ring back. <br />\n<br />\n Mr Birling tries to persuade Sheila to ask for the ring back because he is worried he will lose money and business he was going to get from Sheila&#039;s relationship with Gerald. He says &#039;Look you&#039;d better ask Gerald for that ring you gave back to him hadn&#039;t you? Then you&#039;ll feel better.&#039; He tries to speak to Sheila assuming she is still na\u00ef\u00bf\u00bdve and speaks in a patronising tone to her when he says &#039;Then you&#039;ll feel better.&#039; Sheila has changed very much throughout the play, and is not impressionable and immature like she was at the beginning of the play, so she can make decisions for herself, and decides not to take the ring back straight away. <br />\n<br />\n Gerald then says to her &#039;Everything&#039;s all right now Sheila. What about this ring?&#039; But Sheila refuses to take the ring, and says she needs more time to think about it. <br />\n<br />\n Gerald recognises everything will not be back to normal because when Mrs Birling says &#039;I think we&#039;ve just about come to an end of this wretched business&#039;, Gerald says &#039;I don&#039;t think so.&#039; He then goes out for a walk to cool off and think about things, and when he returns, asks if Sheila will take the ring back. <br />\n<br />\n I think Gerald thinks their relationship is worth continuing, but Sheila doesn&#039;t. When she hears that the father of Eva Smith&#039;s baby wasn&#039;t Gerald&#039;s, she says &#039;Thank goodness for that! Though I don&#039;t know why I should care now,&#039; suggesting she is going to leave him. Also when Sheila says they aren&#039;t the same people they were when they sat down to dinner, she says &#039;You and I&#039; rather than &#039;We&#039;, referring to her and Gerald separately, indicating they are not in a relationship. <br />\n<br />\n However, Sheila also says &#039;We&#039;d have to start all over again - getting to know each other&#039; which could mean she wants to start over again with Gerald. I think she could be encouraged and persuaded by her parents to stay with Gerald because Mr Birling says she had better ask for the ring back. Mr Birling is very eager for them to stay together because it will benefit his business and he will make money out of it, and money is the most important thing to him; I think even more important than his daughter&#039;s happiness. <br />\n<br />\n I don&#039; t think they will ever be the same after finding out so much about each other. Sheila has realised what Gerald is like. Even in the opening of the play, there was no honesty or romance in their relationship, and Gerald lied to Sheila about the affair and about where he was in the summer. Their relationship wasn&#039;t very strong, and I don&#039;t think it can last after all that has happened. They may be questioned more, and find out more things they didn&#039;t know about each other when the second inspector comes. <br />\n<br />\n I think they will not get back together, even if the Birlings do try to persuade Sheila, because she has changed so much during the play, and can stand up to her family. Sheila emphasises that they shouldn&#039;t go on behaving like nothing happened, and they should learn from the experience, and I think she might leave Gerald because of what she has learnt about him and the things he has done."}