{"essay_id": "810456", "essay_title": "outline and evaluate feminist contributions to our understanding of gender", "rate": "4 star(s)", "level": "GCSE", "subject": "Sociology", "word_count": 1270, "submitted": "22/11/2007", "marked_by_teacher": {"teacher_name": "Lesley Clark", "date": "27/02/2012"}, "essay_url": "http://www.markedbyteachers.com/gcse/sociology/outline-and-evaluate-feminist-contributions-to-our-understanding-of-gender.html", "description": "E) Outline and evaluate Feminist contributions to our understanding of gender.<br />\n<br />\nBefore the rise of Feminism in the 1960&#039;s, the popular view in sociology was that the biological differences between men and women were the things that determined their role in life. Functionalists assumed that men were biologically suited to heavy work (instrumental roles) and as women bore children, they were therefore biologically suited to the role of mother and carer, the expressive role. In the late 1960&#039;s Liberal Feminist Ann Oakley argued the case and said that gender roles were not &#039;nature&#039; but were in fact nurture. She felt that gender roles were down to socialisation and even if there were biological tendencies, they could be overridden by cultural factors. She did several cross cultural studies; each one seemed to strengthen her case. For example, she found 14 cultures where women did the lumbering and 38 cultures where men and women shared cooking duties.<br />\n<br />\nSince the emergence of Feminism, there have been several different Feminist perspectives and although they do not all agree about the origins of gender issues, each one has added its own valuable contribution to the understanding of these issues and heightened women&#039;s, and men&#039;s awareness of the inequalities that exist. Feminists have challenged the relationship of men and women as one where women belong to one group and men belong to the other. <br />\n<br />\nWhilst 1st wave Feminism (1850-1930) gained women the right to vote, 2nd wave Feminism has also resulted in great improvements of the lives of 20/21st century women. It has heightened awareness of gender issues in areas like the family, the workplace, education, and the media to mention a few. Some of the successful Feminist campaigns resulted in things such as the 1975 sex discrimination act, the 1970 equal pay act and women&#039;s refuges.<br />\n<br />\nFeminists also introduced different methods in carrying out sociological research. Previously sociological research was very &#039;malestream&#039; and all research was done by male sociologists, on men and applied to society as a whole. No research had been done on the family, childbirth, household labour or money decisions which are all major parts of society.<br />\n<br />\nFeminists felt that the &#039;scientific&#039; methods used by men could not help understand society.<br />\n<br />\nIn the 1970&#039;s, Liberal Feminist, Ann Oakley introduced the unstructured interview as the technique to gain in depth &#039;real&#039; information about women and their experiences but this was criticised as it was said that Oakley got so personally involved with her participants that it could bias her results.<br />\n<br />\nThe following sections will analyse and evaluate Feminist explanations of gender inequalities:<br />\n<br />\nLiberal Feminism is a form of Feminism that argues that equality for men and women can be achieved through legal and social reform. They feel that men as a group need not be confronted. No one in particular was to blame for gender inequalities, it was just a by product of tradition. They say that gender role socialisation is to blame for producing and reproducing a sexual division of labour in which men are dominant and women subordinate.<br />\n<br />\nLiberal Feminists believed in &#039;self ownership&#039;, and felt that women should have control over their own bodies. Their campaigning resulted in improvements in fertility control. Betty Friedens N.O.W (national organisation of women) campaigners also got results for women. They had excellent media contacts and bombarded Washington with telegrams about sex discrimination, picketed the EEOC (equal opportunity employment commission) and filed complaints against the N.Y Times for its sex segregation job ads. This resulted in the US Sex Discrimination Act and the Equal Pay Act though the Sex Discrimination Act fell in 1982. The Liberal Feminist perspective was useful for highlighting inequalities at work and domestic labour but it doesn&#039;t explain why socialisation leads men to be dominant and women to be oppressed. It also overestimated the role of education, legislation and male resistance to giving up their power. It came under fire from black Feminists too who felt that different cultures and classes were not being taken into account. They felt that white women&#039;s experiences were far different to their own. For example, a white woman might be refused an abortion; black women were likely to be pressured into them.<br />\n<br />\nRadical Feminism is one of the most extreme perspectives of Feminism. They feel that the family is the &#039;cornerstone of patriarchy&#039; and this is reinforced by government, tradition, media and religion. They see society as patriarchal (men dominate and rule) and say that it is within the intimate relationship between men and women that inequalities originate. They took an in depth look into family life and unpicked what actually happened in the home. They felt women&#039;s minds had been colonised by patriarchal ideologies and that men used their &#039;power&#039; to dominate women. When this failed, they resorted to domestic violence to maintain their power over women. Radical Feminists drew attention to uncomfortable subjects like rape, domestic violence, child abuse and pornography which resulted in rape crisis lines and women&#039;s refuges but they were criticised for undermining the family and ignoring happy marriages. It was also criticised by Sylvia Walby who said Radical Feminism had a &#039;false universalism which cannot understand historical change or take sufficient account of divisions between women based on ethnicity and class&#039;. Black Feminists also felt that ethnicity was their major problem and that family and the home was their haven not their battle ground. Functionalists felt that it undermined family and would destroy the family unit.<br />\n<br />\nMarxist Feminists focus particularly on class and labour and the roles that women play in them. They feel that women&#039;s subordination in the labour market benefits capitalism and that the free domestic labour they supply benefits the economy. Women provide a healthy, cared for male workforce for employers for free and this suits the needs of capitalism. Margaret Benson (1972) said that the male wage pays for two people, which makes it a family wage and this is why men and women are paid differently. They state that women form a &#039;reserve army of labour&#039; that can be taken on in times of need and quickly disposed of when no longer needed but this theory does not explain horizontal job segregation, and also fails to explain how in the last recession women held on to their jobs, fails to explain how women now officially make up more than half of the current labour force, and if women are cheaper to employ, why aren&#039;t men staying at home while the women go out to work. Marxist Feminists say that if capitalism was abolished, gender inequality would disappear. Sylvia Walby says Marxist Feminism doesn&#039;t explain exploitation of women in non-capitalist societies, and they are criticised for overlooking patriarchy as being influential and for ignoring sexuality, violence and culture in the inequalities of women. Black Feminists also criticise it for ignoring race and ethnicity.<br />\n<br />\nThe most balanced view to date seems to be that of the Dual/Triple system Feminists who take a piece of all the other perspectives. They believe that capitalism, patriarchy and racism all influence women&#039;s lives. This is a useful attempt at producing a more sophisticated explanation of gender inequalities but Postmodernist Feminists like Michelle Barrat and Anne Phiillips (1992) argue that inequalities in society have now broken down and Catherine Hakim (1996 denies that there is discrimination against women at work. She states that women are les committed to employment tan men and that a woman&#039;s inferior place at work is down to her own choice to put her family before employment."}