{"essay_id": "824207", "essay_title": "aims and objectives of sainsburys and oxfam", "rate": "3 star(s)", "level": "GCSE", "subject": "Business Studies", "word_count": 1107, "submitted": "12/03/2008", "marked_by_teacher": {"teacher_name": "David Salter", "date": "01/12/2012"}, "essay_url": "http://www.markedbyteachers.com/gcse/business-studies/aims-and-objectives-of-sainsburys-and-oxfam.html", "description": " Introduction<br />\n<br />\nIn this report I will be writing about both Oxfam and Sainsbury&#039;s .I will also be writing about Sainsbury&#039;s aims and there business objectives. A business aim is what the business is aiming for and a business objective is how they are going to achieve there aims. Business objectives should always be SMART. This stands for Specific, Measurable, Achievable, Reliable and Time bound. <br />\n<br />\nSainsbury&#039;s<br />\n<br />\nSainsbury&#039;s is a plc (public limited company) all businesses that are public limited company are the largest type of business. Another example of a public limited company is ASDA. Businesses are split into three types of sectors primary, secondary and tertiary Sainsbury&#039;s is in the tertiary sector. The tertiary sector provides a service buy selling food and products. The tertiary sector buys goods from the secondary sector. <br />\n<br />\nOxfam<br />\n<br />\nOxfam&#039;s is a charity it is in the voluntary sector. Oxfam is also in the tertiary sector however; instead of just selling products, it also provides a service to other charities. It does this buy selling cloths at a very cheap price. Oxfam&#039;s purpose is not to make a profit. Its purpose is to earn money for charities so they can make the world a better place. This means that instead of keeping the money they earn for them selves they donate it to various charities. Additionally if Oxfam does not keep the money they earn they cannot afford to pay all of there workers, therefore some of the workers are voluntary. <br />\n<br />\n Findings<br />\n<br />\nBusiness aim: A business aim is a long-term goal for a business.<br />\n<br />\nObjectives: A business objective is a target, which a business can set for there company to help them achieve there overall aim for the business.<br />\n<br />\nSAINSBURYS<br />\n<br />\nSainsbury&#039;s aim:<br />\n<br />\n* To improve the performance of Sainsbury&#039;s.<br />\n<br />\n* To appeal to more customers <br />\n<br />\nTarget ones business objectives may be <br />\n<br />\n* Improve the customer service of Sainsbury&#039;s by putting the employees on a 2-day course of how to deal with customers politely and how to be helpful. Then at the end of the two days, test each employee on what they have leant on how to deal with customers.<br />\n<br />\n* They can improve the performance of Sainsbury&#039;s by asking what the customers think. They can do this by providing the customers with internet surveys. At the end of 2 weeks the can check the survey to see what they need to improve on. <br />\n<br />\nTarget two objectives may be<br />\n<br />\n* Improve availability of stock. This means that Sainsbury&#039;s need to check on a daily bases what products are going fast so they can order more.<br />\n<br />\n* To appeal to more customers Sainsbury&#039;s could also sell cloths and jewellery. They can do this by saving the profit they earn for 2 years and open a clothing section in one of the Sainsbury&#039;s stores. This can then be used for a 4-week trial run. After the four weeks, you can then check how much profit Sainsbury has made. If it is a success they can start opening clothing sections in all the Sainsbury&#039;s branches<br />\n<br />\nOxfam<br />\n<br />\nOxfam&#039;s aims:<br />\n<br />\n* To get rid of poverty<br />\n<br />\n* To increase the service offered by Oxfam<br />\n<br />\nTarget ones business objective might be<br />\n<br />\n* To get rid of poverty Oxfam can increase the money coming into the business. They can do this buy advertising on T.V every day so that more people now who there are and how they can help to get rid of poverty. This make people want to shop at Oxfam because they will now that all the profit that is made will go to people that are less fortunate than they are.<br />\n<br />\n* They can also get rid of poverty by having sales every month and lowering the cost of clothes within the Oxfam shop. This will make Oxfam seem more attractive to customers. So more people will purchase products at Oxfam, which will increase the money coming into Oxfam.<br />\n<br />\nTarget two objectives may be:<br />\n<br />\n* They could contact people and businesses on a regular basis. They could then encourage them to offer their help and support to those in need<br />\n<br />\n* Use one Oxfam branch to open up a section to Oxfam. Also, give the customer a chose of country in need to choose from. They could then donate their money to the country they chose. After one month of this, they could give out a customer questionnaire asking them what they think of this. If the response of this is good, They can open this up in all of the Oxfam branches.<br />\n<br />\n Conclusion <br />\n<br />\nIn this part of my report, I will be writing about why business aims and objectives are important for a business.<br />\n<br />\nA business aim is very important for a business because it gives it a long-term aim to achieve for the future. This can help the company improve their business because it tells them what they need to do to have successful business. If a business fails to achieve its business aim, it will also fail its business objective. It is important for a business to set objectives because the objectives tell them how they can achieve their aims. In addition, it also important for a business to have objectives because it breaks down the aims into simple steps. This makes it easier to achieve. <br />\n<br />\nIf Sainsbury&#039;s does not meet its business aims and objectives it will ultimately mean that sainsburys will not be able to improve there performance or appeal to more customers. In addition, Sainsbury&#039;s sales will decrease, which means that they will not be able to make as much of a profit. If Oxfam does not meet its business objectives this means that they will fail there business aims. This will mean that Oxfam will not be able to reduce poverty or increase the service offered. This is because they will not be able to make a surplus so they cannot donate money to people in need. Additionally this means that people who need those donations will suffer.<br />\n<br />\nOxfam and Sainsbury&#039;s are very different types of businesses this is because they have different types of ownership. Oxfam is voluntary organised and Sainsbury&#039;s is a PLC. Although they are very different both business are in the tertiary sector. Both Sainsbury&#039;s and Oxfam are very different this is because they want different things. Sainsbury&#039;s have shareholders that earn dividends. Sainsbury&#039;s main concern is to make a profit. On the other hand, Oxfam&#039;s is concerned with helping people. Unlike Sainsbury Oxfam earns surplus. They help people by donating the money they earn to less fortunate countries. <br />\n<br />\n??<br />\n<br />\n??<br />\n<br />\n??<br />\n<br />\n??<br />\n<br />\nBy Muna Aden"}