{"essay_id": "829024", "essay_title": "music folk music research", "rate": "3 star(s)", "level": "GCSE", "subject": "Music", "word_count": 622, "submitted": "21/04/2008", "marked_by_teacher": {"teacher_name": "Nathan Smith", "date": "08/01/2013"}, "essay_url": "http://www.markedbyteachers.com/gcse/music/music-folk-music-research.html", "description": "Folk music, in the most basic sense of the term, is music by and for the common people. The Tech Multimedia Music Dictionary defines it as &quot;music of the common people that has been passed on by memorization or repetition rather than by writing, and has deep roots in its own culture. It is still being passed on in this way today.<br />\n<br />\nThe folk music of Ireland (also known as Irish traditional music, Irish trad, Irish folk music, and other variants) is the generic term for music that has been created in various genres on the entire island of Ireland, North and South of the Border.<br />\n<br />\nIrish traditional music has survived more strongly against the forces of cinema, radio and the mass media than the indigenous folk music of most European countries. This was partly due to the fact that the country was not a battleground in either of the two world wars. Another significant factor was that the economy was largely agricultural, where oral tradition usually thrives. From the end of the second world war until the late fifties folk music was held in low regard. Following the success of The Clancy Brothers in the USA in 1959, Irish folk music became fashionable again. The lush sentimental syle of Delia Murphy was replaced by guitar-driven male groups such as The Dubliners. Irish showbands presented a mixture of pop music and folk dance tunes, though these died out during the seventies. The international success of The Chieftains and Enya has made Irish folk music a global brand.<br />\n<br />\nHistorically the old-time music of the USA grew out of the music of Ireland and Scotland, as a result of emigration. By the 1970s Irish traditional music was again influencing music in the USA and further afield to Australia and Europe. It has occasionally been fused with rock and roll, punk rock and other genres. The most successful artists include Thin Lizzy, The Corrs, The Chieftains, Enya, Clannad, Riverdance and Van Morrison. Many of these artists have elements of Irish folk music in their recordings.<br />\n<br />\no Fiddle <br />\n<br />\no Flute and whistle <br />\n<br />\no Uilleann pipes <br />\n<br />\no Harp <br />\n<br />\no Accordion and concertina <br />\n<br />\no Banjo <br />\n<br />\no Guitar <br />\n<br />\no Bouzouki <br />\n<br />\no Mandolin <br />\n<br />\no Bodhr\u00ef\u00bf\u00bdn <br />\n<br />\no Harmonica <br />\n<br />\nJazz is an original American musical art form which originated around the beginning of the 20th century in African American communities in the Southern United States from a confluence of African and European music traditions. The use of blue notes, call-and-response, improvisation, polyrhythms, syncopation, and the swung note of ragtime are characteristics traceable back to jazz&#039;s West African pedigree.[1] Jazz has also incorporated music from from 19th and 20th century American popular music based on European music traditions, from its early development until the present.[2] The word jazz, often erroneously thought to originate in the New Orleans area, actually began as a West Coast slang term of uncertain derivation and was first used to refer to music in Chicago in about 1915; for the origin and history, see Jazz (word).<br />\n<br />\nJazz has, from its early 20th century inception, spawned a variety of subgenres, from New Orleans Dixieland dating from the early 1910s, big band-style swing from the 1930s and 1940s, bebop from the mid-1940s, a variety of Latin-jazz fusions such as Afro-Cuban and Brazilian jazz from the 1950s and 1960s, jazz-rock fusion from the 1970s and later developments such as acid jazz.<br />\n<br />\na guitar with a violin in the back ground and a bell at the start.<br />\n<br />\nAnother violin is added a tune is played over the guitar<br />\n<br />\nFlutes are playerd over the top. In the back ground a drum is being it hit with a wire brush.<br />\n<br />\nViolins play over the top until the end with a deffrent tune."}