{"essay_id": "834457", "essay_title": "Less Obvious Symbols in Lord of the Flies", "rate": "4 star(s)", "level": "GCSE", "subject": "English", "word_count": 1184, "submitted": "13/07/2008", "marked_by_teacher": {"teacher_name": "Karen Reader", "date": "28/04/2012"}, "essay_url": "http://www.markedbyteachers.com/gcse/english/less-obvious-symbols-in-lord-of-the-flies.html", "description": "How does Golding use the less obvious symbols in &#039;Lord of the Flies&#039;?<br />\n<br />\n &#039;Lord of the Flies&#039; is an allegorical novel by William Golding in which he employs the scene of a deserted island and the cast of a group of English schoolboys to serve as a framework, through which he explores the themes of his book. The more obvious symbols in the book appear to be the conch shell, which symbolizes order and civilisation, and Piggy&#039;s glasses, which symbolize science, intelligence and clear-sightedness. However, there are some symbols that are less obvious but still play a key role in revealing the major themes in the novel. These less obvious symbols are the action and movement of the boys, the shelters and the use of light imagery. The action and movement of the boys tracks their energy and physical ability, and this leads onto understanding their ability to persuade and control others. The shelters are the basis for their civilisation. The light imagery is used not only to describe the way that the light seen, but is symbolic of the very central theme of civilisation versus savagery, or perhaps the more universal good versus evil.<br />\n<br />\n The movement and action of the boys, as aforementioned, is important in understanding how physically able the boys are, but it seems as though the more physically able boys gain the control and authority over the weaker and less physically able boys. It is as if the boys follow the conduct of Darwin&#039;s theory of evolution: Survival of the Fittest. At the start of the novel, we see very clearly just how able Ralph is physically: &#039;He jumped down...sliding over his skin.&#039; (page 15). Ralph&#039;s actions are very lively, as he jumps and leaps about, never sitting but standing; he is able to take advantage of his physical ability to blow the conch later on page 23. The blowing of the conch leads to Ralph becoming the leader of the schoolboys on the island, and this demonstrates how his physical ability enabled him to take control over the other boys. But Ralph becomes less energetic as the novel progresses, as if his energy, and power, is drained by Jack: &#039;He came now out of the coco-nut trees...sat down in the grass.&#039; (page 191). We see that Ralph is enervated and inert, and with his lack of energy is his lack of power and control over the other boys. Piggy, who is indeed one of the less physically able boys on the island, has very little energetic motion, and this can be seen clearly in the beginning of the novel: we are told that Piggy is a fat boy with asthma and these characteristics hinder his physical ability, and some few pages later in pages 18 and 19, when Ralph is gracefully and actively swimming in the sea, Piggy sits on the side and does not swim. We can see once more how a boy&#039;s physical ability affects his position of power on the island, as Piggy is later on mocked continuously by the other boys, and no-one ever listens to what he has to say at the assemblies and meetings of the boys. Jack is probably the best example of how physical ability is tied in with power and control, as although he is not made the leader at the beginning of the novel, his constant displays of agility and swiftness when hunting and killing pigs eventually lead to him becoming the chief of his newly formed tribe, and his absolute power allows him to do what he pleases: &#039;He was down like a sprinter&#039; (page 61). As we can see, he is very lively and energetic throughout the novel and this leads to his ruthless reign over the boys later on; &#039;&quot;He&#039;s going to beat Wilfred...I never heard him.&quot;&#039; (pages 196-197). Jack&#039;s energy makes him into a powerful chief who needs no reason for his actions. As we can see, the symbolism in the imagery of actions and movements is essential to discovering the vitality of each boy, and with that their power over the others.<br />\n<br />\n The shelters are the residence of the boys on the island and are imperative to the survival of the boys, and they represent civilisation, but the shelters are never truly complete. In chapter three, titled Huts on the Beach, we are brought to a scene where Ralph, irritated, is working with Simon to build the shelters. Ralph says: &#039;&quot;They&#039;re hopeless...or eating, or playing.&quot;&#039; (page 64) and it seems as though Golding is trying to put forward that civilisation is hard to build and that humans are innately lazy when put in front of hard work; the boys continue to wander off into the lagoon to bathe or down the beach to play in the sand. The shelters throughout the novel are weak and &#039;shaky&#039;, as mentioned on page 64, and this symbolizes how the civilisation and democracy on the island are also weak and shaky, and never fully built. Soon the shelters are destroyed, and all civilisation with it: &#039;Then the shelter collapsed with smothering finality,&#039; (page 206). As we can see, the state of the shelters tracks the state of civilisation on the island, never complete or firm.<br />\n<br />\n Golding&#039;s uses the imagery of light, and dark, to put across various meanings to the reader, but the two that seem to have the most effect are civilisation, or savagery, and good, or evil. It seems to be that when there is light or when it is daytime, good things happen, and bad things do not occur. This works in the same way for the night, as at night bad things happen, and good things do not. &#039;By the time Ralph finished...scattered light over the platform.&#039; (page 42). At the beginning of the second chapter, titled Fire on the Mountain, a scene is described where Ralph is calling an assembly, and we are told that light is being brought in from the afternoon sun, and scattered by a sudden breeze; the boys are in good, and civilised, spirits in a time of light and brightness. &#039;In the darkness of the early morning...over the rocks and fled.&#039; (pages 119-122). As we can see the twins fear that they have encountered the beast; a bad event which took place in darkness. As the novel continues, Golding uses less imagery of light, and more imagery of darkness, and so the novel and the boys descend into savagery and badness. <br />\n<br />\n As we can see, Golding uses the symbols of the motion of the boys, the shelters, and the imagery of light and dark to support the themes and concepts in his novel. The movement of the boys traces their energy and also their power over the other boys. The shelters are a model of the civilisation and democracy on the island. The light imagery used to bring out the idea of goodness and civilisation, and is the antithesis to the dark imagery that is used to produce the concept of badness and savagery.<br />\n<br />\n??<br />\n<br />\n??<br />\n<br />\n??<br />\n<br />\n??"}