{"essay_id": "838378", "essay_title": "Unit 2 Btec Sport - Health Saftey and Injury", "rate": "4 star(s)", "level": "GCSE", "subject": "Physical Education (Sport & Coaching)", "word_count": 1885, "submitted": "04/10/2008", "marked_by_teacher": {"teacher_name": "Lindsay Taverner", "date": "08/03/2012"}, "essay_url": "http://www.markedbyteachers.com/gcse/physical-education-sport-and-coaching/unit-2-btec-sport-health-saftey-and-injury.html", "description": "Unit 2<br />\n<br />\nHealth, Safety and Injury<br />\n<br />\nObjective:- <br />\n<br />\n* To recognise and understand different types of injuries<br />\n<br />\nTypes of injuries:-<br />\n<br />\n* Muscle strains - tears, pulls and ruptures<br />\n<br />\nThese are caused by vigorous stretching of a muscle or tendon. In is of regular occurrence in the hamstring and calf muscles when there is failure to warm up correctly before sport. The Achilles tendon of the calf can tear completely this causes sever pain.<br />\n<br />\nTear is where the muscle has been torn, Pull is where the muscle has been stretched and a Rupture is where the muscle completely breaks.<br />\n<br />\nWe will know when we have pulled torn or strained because there will severe pain and there will be difficulty when trying to use the muscle. There may also be swelling and later on bruising.<br />\n<br />\n* Fractured Bones (broken) <br />\n<br />\nA fracture is wear the bone cracks or completely snaps. Breaking bones is painful due to the amount of blood vessels and nerves in the bones. Fractures can be categorized in two ways. A Simple Fracture - This is just where the bone cracks. A Compound Fracture - This is where the bone sticks out of the skin. There is often tenderness around the bone making it hard to use and it will most certainly swell causing it to look deformed.<br />\n<br />\n* Joint dislocation<br />\n<br />\nDislocation is where the bone is pulled out of its original joint. It is caused by stressing the bone, commonly by violent twisting. It usually happens at all major joints such as - Shoulder, finger, thumb, elbow and ankles. The bone will be surrounded by swelling and covered in bruises and will be tender to touch. <br />\n<br />\n* Sprained Ligaments (over stretched ligaments)<br />\n<br />\nA sprain happens when a ligament or joint get overstretched and torn. Sprains occur when twisting your foot while running or other similar accidents. The sprain should be treated as a fracture if the ligament is torn because it is a lot more severe. The area of damage while be very sore and will hurt to move it or use it<br />\n<br />\n* Tendonitis - <br />\n<br />\nTendonitis is caused by overuse of the tendons, frequently in the lower arm in the lower arm; they then become inflamed and sore/painful. This is common with sports such as tennis and golf where the tendon in the elbow is under constant use. The elbow will be very sore and it becomes almost impossible to use without difficulty. Swelling will be visible surrounding the injured tendon.<br />\n<br />\n* Concussion<br />\n<br />\nConcussion is the result of injuring your brain from taking a lot of impact to the head such as being head butted or banging your head on a hard surface, these cause the brain to rattle around the skull. Concussion is often related with unconsciousness which often follows a serious head injury. In most cases the patient will become dizzy or drowsy and become confused. In major cases there may even be memory loss.<br />\n<br />\n* Graze, Cuts, Burns and Bruises<br />\n<br />\nThese are caused by falling or scraping in a sporting event. They are usually painful but not very threatening and classed as minor. However some cuts can be very deep and would require urgent attention. Bruises will be painful but will not cause any permanent or long term damage. We will be able to recognise bruises by seeing discolouration of the skin and tenderness in that area.<br />\n<br />\n* Spinal Injury<br />\n<br />\nThis is an injury to the spinal column. The spinal column contains nerves and ligaments and plays a major role in our body so when damaged by impact or strain it can be potentially dangerous to move without causing further permanent damage such as paralysis. This occurs after incidents such as car crashes and falls. You will be able to tell if u have damaged your spinal cord because it will be difficult to move and will cause a lot of pain.<br />\n<br />\nObjective:-<br />\n<br />\n* To recognise illnesses/conditions that can affect sports performance<br />\n<br />\n* To discover the causes of injury<br />\n<br />\nTypes of Illnesses:-<br />\n<br />\n* Viral Infections/Diseases<br />\n<br />\nChest Infections, Colds, Flu, Sickness etc.<br />\n<br />\nPeople suffering from viral infections will often have a high temperature, be suffering from pains in the muscles making them feel weak. If someone has a viral infection such as a cold they will probably suffer with a blocked nose, fever, sore throat and frequent coughing. Viral infections cannot be cured using antibiotics, however there are products available to help relive the symptoms.<br />\n<br />\n* Asthma<br />\n<br />\nThis makes a persons airways constrict making breathing difficult. Constriction is normally triggered by certain events such as allergies and temperature change. People having and &#039;asthma attack&#039; will suffer with symptoms such as a tight chest, also they may start wheezing and be short of breath. This can be relived temporarily by using steroid sprays, one to open the airways when they feel they need it and one that should be taken daily to avoid having attacks later in the day. <br />\n<br />\n* Hypothermia<br />\n<br />\nThis is where the body&#039;s temperature drops below the normal temperature (around 36 degrees Celsius). The symptoms are usually tiredness, slurred speech and loss of coordination. In some extremities the colour and feeling can be lost in the hands and feet as the blood is being diverted away to keep the brain and heart working properly. People will generally feel better when they return to a warm environment as this will encourage the body to return to normal. Hypothermia is common with people such as mountain climber who are often exposed to cold environments for long periods of time.<br />\n<br />\n* Hyperthermia<br />\n<br />\nThis is caused by exposure to high temperatures, such as being in the sun/high temperatures for long periods of time. The results of hyperthermia are that the person will be left exhausted. Headaches, tiredness and thirst are also associated. To relive these symptoms the person should drink lots of fluids, while exercising and when recovering. If the person becomes to hot they could potentially become unconscious then they would require the need of being put on a drip.<br />\n<br />\n* Hypoglycaemia<br />\n<br />\nHypoglycaemia is caused by having low levels of glucose in the blood so enough isn&#039;t reaching the vita places e.g. the brain. It is commonly associated with people who have type 1 diabetes. Not enough food, too much exercise, consuming too much alcohol and having too much insulin in the blood all contribute to causing hypoglycaemia. The symptoms of hypoglycaemia are confusion, shaking, paleness, hunger and in some extreme cases, unconsciousness. Eating food rich in carbohydrates can reverse these effects quite quickly <br />\n<br />\nThe Main Causes of Injury<br />\n<br />\nInternally Caused<br />\n<br />\n* Overuse Injuries<br />\n<br />\n* Sudden Injuries<br />\n<br />\nExternally Caused<br />\n<br />\n* Impact Injuries<br />\n<br />\n* Foul Play Injuries<br />\n<br />\n* Equipment Injuries<br />\n<br />\n* Accidental Injuries<br />\n<br />\nInternally Caused Injuries - Direct result of the performer, no other person or factor is involved<br />\n<br />\nOveruse Injuries (Tennis/Golfers Elbow, Shin Splints etc.)<br />\n<br />\nThese are caused by over training and over competing.<br />\n<br />\nSudden Injuries<br />\n<br />\nThese tend to be caused instantly because of over stretching, twisting and turning. They are commonly acknowledged with tiredness and fatigue and normally occur late on in a match. Also doing something too difficult can result in a sudden injury.<br />\n<br />\nExternally Caused Injuries - Caused by someone or something other than yourself<br />\n<br />\nImpact Injury<br />\n<br />\nThis is and injury from being hit or hitting something. These are often the result of things like:-<br />\n<br />\n* An Opponent<br />\n<br />\n* Equipment<br />\n<br />\n* Playing Surface<br />\n<br />\n* Playing Conditions<br />\n<br />\nFoul Play Injuries<br />\n<br />\nThese are normally the result of another player breaking the rules and regulations of the game. They may be unaware of the rules or may be doing it intentionally to harm.<br />\n<br />\nAccidental Injuries<br />\n<br />\nDifferent activities have different levels and risk and higher elements of danger. For example Footballers are less likely to gain an injury than someone playing rugby due to it being more physical.<br />\n<br />\nEquipment Injuries<br />\n<br />\nOld or unchecked/faulty equipment can result in these injuries. Equipment must be frequently maintained to avoid these occurring. These can be as simple as blisters from overuse or in the most extreme cases, even death.<br />\n<br />\nPrevention of Injuries<br />\n<br />\n* Warm up; loosen muscles for prevention of pulling muscles.<br />\n<br />\n* Wear the correct equipment (shin pads), wear them correctly to ensure safeness.<br />\n<br />\n* Know and follow the rules of the game to be able to play fair, include using officials to keep the activity under control, this way players are less likely to get injured<br />\n<br />\n* Check all equipment is safe and in good condition to ensure faulty equipment can&#039;t injure you.<br />\n<br />\n* Don&#039;t over compete (not doing too much exorcise) <br />\n<br />\n* Weather conditions- make sure the conditions are safe (not slippery, stormy etc.)<br />\n<br />\n1. Preparation<br />\n<br />\nBefore playing or participating in any sport it is vital that you train to your age and you personal fitness. Also a good knowledge and understanding of the sport you will be participating in will also reduce the amount of injuries, a good respect for the rules and regulations of the game will reduce the injuries. A warm up and warm down is essential to help reduce the amount of injuries in the game. Consider having long hair, long nails, jewellery and also the types of clothing you wear could also give you an injury.<br />\n<br />\n2. Participation<br />\n<br />\nBy according to the rules could prevent an injury, by using reckless tackles and reckless play can injure you and the opposing player. Officials have got to be consistent and fair in their decisions for the game to be fair and this could prevent someone from being injured, players must accept these decisions given by the officials. <br />\n<br />\n3. Equipment<br />\n<br />\nFor the sport which you are participating in you need to be using the specialist equipment for that specific sport and has to be in good condition, such as shin pads for football, these have to be worn. All equipment has to be in top condition because if this equipment isn&#039;t safe and fails you could be seriously injured such as rock climbing etc.<br />\n<br />\n4. Environment <br />\n<br />\nThe area which the sport is being taken on has to be checked over for litter and unsafe objects. It has to be safe and appropriate. Also you have to check the weather conditions as this could lead the sport being potentially dangerous such as storms and windy weather.<br />\n<br />\nRisk Assessment<br />\n<br />\n1. You are about to conduct a badminton coaching session in the sports all.<br />\n<br />\n* Make sure that none of the equipment is faulty. E.g. rackets have sufficient grip, nets secured correctly.<br />\n<br />\n* Make sure that there is no wet floor<br />\n<br />\n* Make sure there is no obstructions in the way of the courts<br />\n<br />\n2. You are taking a year 7 group onto the field for football.<br />\n<br />\n* Make sure that everyone is wearing the correct protective equipment. (e.g. shin pads)<br />\n<br />\n* Make sure that there are no obstacles on the pitch or area where football will be played<br />\n<br />\n* Make sure the weather conditions are suitable for playing<br />\n<br />\n* Make sure that the pitch is suitable to play on by making sure its not icy or waterlogged<br />\n<br />\nPotential risk of playing-<br />\n<br />\n1. Badminton<br />\n<br />\n* Fire<br />\n<br />\n* Falls<br />\n<br />\n* Foul play<br />\n<br />\n* Asthma attack<br />\n<br />\n* Hyperthermia<br />\n<br />\n* Slips<br />\n<br />\n* Lack of communication that could result in injury<br />\n<br />\n* Sensible behaviour<br />\n<br />\n* Know how to set up safe equipment<br />\n<br />\n2. Football<br />\n<br />\n* Falls <br />\n<br />\n* Foul play<br />\n<br />\n* Asthma attack<br />\n<br />\n* Hyperthermia<br />\n<br />\n* Spinal Injury<br />\n<br />\n* Broken bones<br />\n<br />\n* Concussion<br />\n<br />\n* Weather conditions<br />\n<br />\n* Lack of communication that could result in injury<br />\n<br />\n* Sensible behaviour<br />\n<br />\n* Potholes<br />\n<br />\n* All spare equipment is out of the way<br />\n<br />\n* Posts are secured"}