{"essay_id": "841500", "essay_title": "los jovenes de hoy en dia y los jovenes de antes", "rate": "3 star(s)", "level": "AS and A Level", "subject": "Modern Foreign Languages", "word_count": 916, "submitted": "03/11/2008", "marked_by_teacher": {"teacher_name": "Amanda Salaou", "date": "01/03/2013"}, "essay_url": "http://www.markedbyteachers.com/as-and-a-level/modern-foreign-languages/los-jovenes-de-hoy-en-dia-y-los-jovenes-de-antes.html", "description": "Los j\u00ef\u00bf\u00bdvenes de hoy en d\u00ef\u00bf\u00bda y los j\u00ef\u00bf\u00bdvenes de antes<br />\n<br />\n Ha habido muchos cambios a la sociedad en los \u00ef\u00bf\u00bdltimos a\u00ef\u00bf\u00bdos; las ideas viegas y conservadoras has sustituido con los pareceres m\u00ef\u00bf\u00bds liberals - siempre no para major. La gente creen que los j\u00ef\u00bf\u00bdvenes de hoy en d\u00ef\u00bf\u00bda se consideran ser m\u00ef\u00bf\u00bds superficial y carecer de responsibilidad. Mientras que en los a\u00ef\u00bf\u00bdos sesenta y setenta parec\u00ef\u00bf\u00bd que l\u00ef\u00bf\u00bds jovenes tenaban opini\u00ef\u00bf\u00bdnes muy fuertes y creaban que agitaci\u00ef\u00bf\u00bdn pol\u00ef\u00bf\u00bdtico era essencial, m\u00ef\u00bf\u00bds que la moda est\u00ef\u00bf\u00bd definiendo sus camarillas y estan causando los j\u00ef\u00bf\u00bdvenes de hoy perder sus identitdades.<br />\n<br />\n Los j\u00ef\u00bf\u00bdvenes de hoy en d\u00ef\u00bf\u00bda - como la generaci\u00ef\u00bf\u00bdn anterior se dicen - tienen una v\u00ef\u00bf\u00bda m\u00ef\u00bf\u00bds f\u00ef\u00bf\u00bdcil que sus abuelos y incluso sus padres; ahora los adoloscentes no tienen resposibilidades como importantes, as\u00ef\u00bf\u00bd que quiz\u00ef\u00bf\u00bds es el aburrimiento que est\u00ef\u00bf\u00bd se conduciendo empezar los malos h\u00ef\u00bf\u00bdbitos que han se hacen tan banal en los a\u00ef\u00bf\u00bdos recientes.<br />\n<br />\nRecientemente, los gobiernos han intentido educar mejor los miembros de sus poblaci\u00ef\u00bf\u00bdn sobre los peligrosos de el consumo de drogas. No obstante, el impacto de esto es cuestionable; no es ins\u00ef\u00bf\u00bdlito por los adoloscentes tan joven de trece a\u00ef\u00bf\u00bdos empezar fumar la marihuana, but hoy en d\u00ef\u00bf\u00bda rara vez termina ah\u00ef\u00bf\u00bd. En Espa\u00ef\u00bf\u00bda, durante el regimen de Franco, hab\u00ef\u00bf\u00bda una intolerencia total de el consumo de drogas de nada tipo; despu\u00ef\u00bf\u00bds de el fallecimiento de el dictador, los reci\u00ef\u00bf\u00bdn democr\u00ef\u00bf\u00bdtico espa\u00ef\u00bf\u00bdoles favorecaban creencias pol\u00ef\u00bf\u00bdticas muchos m\u00ef\u00bf\u00bds liberals y hasta anarquistas. De el primero de el pa\u00ef\u00bf\u00bds moderna europeo despenalizar el marihuana - el consume personal y el cultivo en casa hizo legal, pero comprar y vender el marihuana o el hach\u00ef\u00bf\u00bds permanece un delito criminal - es apenas sorprendente que el n\u00ef\u00bf\u00bdmero de j\u00ef\u00bf\u00bdvenes consumir el cannabis es dos veces m\u00ef\u00bf\u00bds comparado con hace una d\u00ef\u00bf\u00bdcada; y ahora seg\u00ef\u00bf\u00bdn a una encuesta reciente, treinta y seis por ciento han fumado marihuana en el a\u00ef\u00bf\u00bdo pasado. En la media en que el utilizaci\u00ef\u00bf\u00bdn de la coca\u00ef\u00bf\u00bdna est\u00ef\u00bf\u00bd, Espa\u00ef\u00bf\u00bda tiene el m\u00ef\u00bf\u00bds grande n\u00ef\u00bf\u00bdmero de cocain\u00ef\u00bf\u00bdmanos de Europa, y estad\u00ef\u00bf\u00bdsticas de el gobierno revelan que el consumo de coca\u00ef\u00bf\u00bdna entre el poblaci\u00ef\u00bf\u00bdn de Espa\u00ef\u00bf\u00bda ha doblado en los \u00ef\u00bf\u00bdltimos diez a\u00ef\u00bf\u00bdos. Junto con la creaci\u00ef\u00bf\u00bdn de drogas dise\u00ef\u00bf\u00bdadas - como el \u00ef\u00bf\u00bdxtasis o metanfetamina - que ha modificido en los laboratorios, el disponibilidad, la variedad y la fuerza de los drogas que son disponible han subido. Aunque, el consumo p\u00ef\u00bf\u00bdblico de drogas era tan popular en los a\u00ef\u00bf\u00bdos ochenta ahora est\u00ef\u00bf\u00bd mal visto. Recientemente, los gobiernos han intentido educar mejor los miembros de sus poblaci\u00ef\u00bf\u00bdn sobre los peligrosos de el consumo de drogas. No obstante, el impacto de esto es cuestionable; no es ins\u00ef\u00bf\u00bdlito por los adoloscentes tan joven de trece a\u00ef\u00bf\u00bdos empezar fumar la marihuana, but hoy en d\u00ef\u00bf\u00bda rara vez termina ah\u00ef\u00bf\u00bd. Junto con la creaci\u00ef\u00bf\u00bdn de drogas dise\u00ef\u00bf\u00bdadas - como el \u00ef\u00bf\u00bdxtasis o metanfetamina - que ha modificido en los laboratorios, el disponibilidad, la variedad y la fuerza de los drogas que son disponible han subido. Sin embargo, los drogas ilegales no son la s\u00ef\u00bf\u00bdlo problema que est\u00ef\u00bf\u00bd afectando nuestro sociedad m\u00ef\u00bf\u00bds hoy en d\u00ef\u00bf\u00bda; espera que casi todos los j\u00ef\u00bf\u00bdvenes pasar\u00ef\u00bf\u00bdn sus fines de semana emborracharse. En Espa\u00ef\u00bf\u00bda los &quot;botell\u00ef\u00bf\u00bdnes&quot; son muy comm\u00ef\u00bf\u00bdn y en unos sitios se deconstrolan. En el pasado l\u00ef\u00bf\u00bds jovenes se emborrachaban pero no en tan exceso - aunque en unas d\u00ef\u00bf\u00bdcadas la marihuana fui el droga de elecci\u00ef\u00bf\u00bdn. <br />\n<br />\n No es solo las opinions de el consumidor de drogas que han relajando desde que le generci\u00ef\u00bf\u00bdn antes fueran j\u00ef\u00bf\u00bdven; las vistas sobre el sexo, especialmente en Europa continental. J\u00ef\u00bf\u00bdvenes de hoy son m\u00ef\u00bf\u00bds cultos y m\u00ef\u00bf\u00bds \u00ef\u00bf\u00bdnfasis pone en la salud sexual; hoy en d\u00ef\u00bf\u00bda es una tema mucho m\u00ef\u00bf\u00bds abierto, incluso los padres con sus hijos. En a\u00ef\u00bf\u00bdos anteriores fui de espera por la gente se casa bastante j\u00ef\u00bf\u00bdven - diecinueve fui un edad admissible - y el divorcio ni fui legal en Espa\u00ef\u00bf\u00bda hasta 1981. Hoy, casarse anticipado no considera ser muy prudente; tantos casamientos termina con un divorcio turbio y tener un novio serio hace mucho tiempo es aceptable, no hay mucho punto por los j\u00ef\u00bf\u00bdvenes asignar tan pronto. En la \u00ef\u00bf\u00bdpoca de los padres de estos j\u00ef\u00bf\u00bdvenes, era el sexo m\u00ef\u00bf\u00bds que el matrimonio que simbolozaba verdadero dedicaci\u00ef\u00bf\u00bdn a una relaci\u00ef\u00bf\u00bdn (por supuesto est\u00ef\u00bf\u00bd excluyendo los algo m\u00ef\u00bf\u00bds pareceres liberales sobre &quot;amor libre&quot; en los setentas), aunque conseguir un divorcio era tan dif\u00ef\u00bf\u00bdcil. El divorcio legaliz\u00ef\u00bf\u00bd en Espa\u00ef\u00bf\u00bda solo en junio de 1981; bajo Franco el pa\u00ef\u00bf\u00bds era profundamente cat\u00ef\u00bf\u00bdlico y conservador, no obstante para 1975, cuando el dictador muri\u00ef\u00bf\u00bd, setenta y uno por ciento de espa\u00ef\u00bf\u00bdoles se dijo que hay en favor de el divorcio. <br />\n<br />\n Pero, no es todo mal hoy en d\u00ef\u00bf\u00bda. Debido a la facilidad mayor de viajar, la juventud son de mucho mundo y as\u00ef\u00bf\u00bd que son menos prejuiciado para con otras culturas. Igualdad entre los g\u00ef\u00bf\u00bdneros ha mejorado tambi\u00ef\u00bf\u00bdn; las mujeres han empancipado, y ahora tienen la capacidad votar y se educan en colegios etcetera; sus derechos y los derechos de hombres son lo mismo. Tambi\u00ef\u00bf\u00bdn, claro, hay los inventos de mucha technolog\u00ef\u00bf\u00bda; los m\u00ef\u00bf\u00bdviles, los ordenadores y naturalmente Internet, \u00ef\u00bf\u00bddonde los j\u00ef\u00bf\u00bdvenes est\u00ef\u00bf\u00bdn estando sin estos artilugios? En el pasado, la gente no ten\u00ef\u00bf\u00bdan tan lujos por la vida cotidiano, eran mucho m\u00ef\u00bf\u00bds independiente mientras que la juventud de hoy en d\u00ef\u00bf\u00bda dependan tanto de la technolog\u00ef\u00bf\u00bda y sus padres, pero con los estilos de vida tan excesivo, \u00ef\u00bf\u00bdc\u00ef\u00bf\u00bdmo sobrevivir\u00ef\u00bf\u00bdn sus edad adulta?"}