{"essay_id": "847331", "essay_title": "The strength of Much Ado About Nothing lies in its balance of contrasting elements", "rate": "4 star(s)", "level": "AS and A Level", "subject": "English", "word_count": 1786, "submitted": "26/12/2008", "marked_by_teacher": {"teacher_name": "Val Shore", "date": "27/03/2012"}, "essay_url": "http://www.markedbyteachers.com/as-and-a-level/english/the-strength-of-much-ado-about-nothing-lies-in-its-balance-of-contrasting-elements.html", "description": "The strength of Much Ado about Nothing lies in its balance of contrasting elements. <br />\n<br />\nDo you agree?<br />\n<br />\nMuch Ado about Nothing is a romantic comedy which depicts a story of love, tragedy and mistaken identity. The story is told with a typical comic edge which incorporates witty wordplay with simple slapstick situations; however it also has contrasting elements of potential tragedy which completely contradict the otherwise romantic stance of the story. The balance of these contrasting elements certainly improves the overall effect of the play, adding viewing value in the form of interest and enjoyment. However, does the strength of the play lie in the balance of contrasting elements or the principal comic romanticism?<br />\n<br />\nIn the sense of Comic Romanticism, Shakespeare takes the same route with Much Ado About Nothing as many modern comedy directors, using the same age old conventions to amuse the audience. However it is in the complex and articulate language he uses to invent and conduct the comic interplay, complex courtships and overall predictability of the story line that makes Much Ado About Nothing so successful in the terms of a romantic comedy. <br />\n<br />\n One of the main conventions of romantic comedy is the possibility for potential tragedy. Shakespeare achieves this to a very successful level, incorporating changing levels of tension and still managing to take a comic route. The potential tragedy first occurs in the play with a classic case of mistaken identity. Claudio and Don Pedro are misled by the villain of the play, Don John, into believing that Claudio&#039;s betrothed is having an affair with Borachio (admittedly Claudio&#039;s sheer gullibility does help this cause). This potential tragedy truly unfolds at the wedding scene, with Claudio exposing Hero&#039;s &#039;adultery&#039; to the whole congregation and plunging the whole story into turmoil. However, one of the strengths of comic romanticism lies in the predictability of the story, and in Much Ado About Nothing this convention allows audiences to enjoy the touch of tragedy, knowing the story will end in high spirits.<br />\n<br />\n A further convention of Comic romanticism is creating a &#039;shallow&#039; story which is enjoyable to watch, with no additional factors, other than the potential tragedy affecting the characters in a negative way. Shakespeare achieves this in Much Ado About Nothing by creating characters whose position in life is extremely comfortable and generally very satisfying for the audience to watch. For example, characters of a noble birth are very apparent in Much Ado&#039;, with Don Pedro, Prince of Arragon, Count Claudio and Signor Benedick featuring heavily in the story line. Further more, the overall class of the characters is high, the majority being educated, well spoken, refined and self confident. These upper-class characters are set against the backdrop of a utopian, idealistic Mediterranean paradise in the court of Messina, the household of Leonato which, attended by servants, musicians and gentle woman, further accentuates the characters high position. The main meaning of what would be associated with the word &#039;shallow&#039; also features in the play. Shakespeare portrays the characters as attractive, which would be very apparent in the casting of the play and make the characters more enjoyable to watch. The refined intelligence of the characters, although admittedly not in the case of Claudio and Hero, also has this satisfying effect. Shakespeare has used this convention to full effect.<br />\n<br />\n The traditional wedding convention has been used heavily by Shakespeare in Much Ado about nothing. All romantic comedies include the suggestion of a wedding. The wedding is a way of dispelling all potential tragedy and assuring the audience that the characters will live happily ever after. However, Shakespeare, in Much Ado&#039;, has twisted this convention. The first wedding scene actually becomes the setting for the escalation of the plays&#039; potential tragedy, and is the point that the story is &#039;plunged into turmoil&#039;. However, the predictability of comic romanticism leads to the characters&#039; enlightenment of mistaken identities, lies and villains, and in the end the traditional wedding prevails.<br />\n<br />\n The final convention of a romantic comedy is the concept of &#039;overhearing&#039;. This convention is designed to keep the story moving and develop the plot line. In Much Ado about Nothing, the concept is used firstly to set up a union of love between Beatrice and Benedick. Don Pedro, Leonato, Claudio and Hero conspire to have Beatrice and Benedick overhear conversations about one another. Hero and Ursula converse that Benedick is madly in love with Beatrice, knowing she is eavesdropping on the conversation. Don Pedro, Leonato and Claudio consequently have the same conversation saying that Beatrice is madly in love with Benedick, with Benedick listening in the background. Here Shakespeare uses overhearing for comic and romantic purposes. The concept is also used by Don John and Borachio in order to mislead Claudio and Don Pedro and cause a series of tragic events. Claudio and Don Pedro &#039;accidentally&#039; overhear a romantic conversation between Borachio and Margaret disguised as Hero and swear to slander Hero at the wedding for revenge. Here Shakespeare uses the convention as a platform for potential tragedy. Finally the concept is used to uncover the series of lies devised by Don John and Borachio and dispel the potential tragedy. Having carried out their plot to convince Claudio of Heros&#039; adultery and stop their marriage from taking place, Borachio converses with Conrade, telling him about their done deed. This is overheard by the Watch, who consequently arrest the villains and reveal the plot. Shakespeare uses the convention as a basis for the storys plot line.<br />\n<br />\nMuch Ado About Nothing contains a series of contrasting dramatic elements which surprise the reader throughout the play. There are the raw elements of romance and tragedy, the superficial elements of slap stick and sophisticated witty comedy and the pure, unconditional romance of Beatrice and Benedick<br />\n<br />\n Romance, however pure and unconditional it sometimes appears, is very closely linked to the element of tragedy. The typical romance in Much Ado&#039; is between Claudio and Hero, whose relationship is the basis for the plays potential tragedy. However this relation has none of the depth of the relationship between Desdemona and Othello, in Shakespeare&#039;s tragedy Othello, so is no way near as effective and prevents Much Ado About nothing from containing the true tragic element. <br />\n<br />\n The romance of the two characters is on a very superficial level, and is a relationship based purely on first impressions and looks &#039;When you went onward on this ended action, I looked upon her with a soldier&#039;s eye, that liked, but had a rougher task in hand than to drive liking to the name of love. But now I am returned, and that war-thoughts have left their places vacant, in their rooms come thronging soft and delicate desires, all prompting me how fair young Hero is, saying I liked her ere I went to war&#039;. However, when the relationship between Claudio and Hero is shattered, the play adopts a certain depth which results in the revelation of the characters true feelings and the somewhat superficial stance being abandoned. The relationship of Benedick and Beatrice in particular is affected by the raw feeling of tragedy and Beatrice&#039;s want for revenge.<br />\n<br />\n The slapstick comedy appears on a very superficial level in Much Ado about nothing. It is used as relief from the darker, serious elements. The mixture of Dogberry&#039;s malapropisms &#039;Is our whole dissembly appeared?&#039;, the facile comedy and the easy interpretation of the scenes results in an enjoyable element from which the audience can gain carefree humor. The wide interpretation of the slapstick scenes also means the director can included elements of physical humor, which is hard to accommodate in Much Ado about nothing. <br />\n<br />\n Contrasting the slapstick comedy, is the element of sophisticated witty comedy. Shakespeare uses the plays witty comedy as a tool to help the audience understand the characters relationships, especially in the case of Beatrice and Benedick, their argument in Act 1 Scene 1 &#039;What, my dear lady disdain! Are you yet living?&#039; resulting in the audience immediately realizing they are acquainted and have an easy and factious relationship. The witty comedy also effectively masks the characters true feelings from each other as well as making them apparent to the audience and also incorporates the element of relief, though on a deeper level than the slapstick. There is also an element of what George Orwell would have called sheer egoism in the witty comedy Shakespeare has devised. The quick witted and articulate comedy is so well planned and interacts so well he must have been aware that he was writing, not only for the lower class audience, but also for the intelligentsia of his age.<br />\n<br />\n The final contrasting element of the play is the relationship between Beatrice and Benedick. There relationship is completely contrasting from the raw element of tragedy and romance and superficial comedy. It incorporates an element of purity and unconditional mutual attraction. The relationship between Beatrice and Benedick is quite unlike Claudio and Hero&#039;s, a relationship based on purely physical attraction. The audience watches the relationship develop though out the course of the play, giving Shakespeare the chance to demonstrate the extent of their feelings toward each other. At the beginning of the play the audience sees that they are acquainted and there are some suggestions of a previous fling. We find the two characters are on bad terms and take every chance to insult and criticize each other; however this soon changes after a typical case of overhearing finds both Beatrice and Benedick madly in love with each other, although they find they can not admit this to anyone but themselves. The potential tragedy of the play takes their relationship to a new level and is the part of the play where Beatrice and Benedick profess their true feelings to one another. We then see it is a type of unconditional love in which each is willing to die for the other. At the end of the play this love is revealed to all and marriage prevails. <br />\n<br />\n Seeing their feelings change and grow throughout Much Ado about nothing assures the audience of the authenticity of the relationship and of their true, unconditional love. It is an element which doesn&#039;t incorporate any lies or betrayal, but simply the humane feelings of love. This is what makes the engaging and developing relationship between Beatrice and Benedick the purest dramatic element of the play.<br />\n<br />\nThe strength of Much Ado about nothing lies in Shakespeare&#039;s strength in creating characters that convince and enchant, rather than in the strength of the stereo-typical conventions of a romantic comedy. The romantic comedy conventions are predictable and add nothing especially memorable to the overall play. Beatrice and Benedick do.<br />\n<br />\n??<br />\n<br />\n??<br />\n<br />\n??<br />\n<br />\n??<br />\n<br />\nSophie Hicks"}