{"essay_id": "848551", "essay_title": "Factors that influence communication and interactions with relation to health and social care", "rate": "4 star(s)", "level": "AS and A Level", "subject": "Healthcare", "word_count": 1162, "submitted": "09/01/2009", "marked_by_teacher": {"teacher_name": "Michelle Turrell", "date": "01/03/2013"}, "essay_url": "http://www.markedbyteachers.com/as-and-a-level/healthcare/factors-that-influence-communication-and-interactions-with-relation-to-health-and-social-care.html", "description": "Jordan Palmer 23/10/08<br />\n<br />\n Unit 1 - P3 Factors that may influence communication and interpersonal reaction <br />\n<br />\nType of Communication There are different types of communication which can be used: spoken, written, sign/symbol, one to one, ICT, non verbal.<br />\n<br />\nEnvironment <br />\n<br />\n A big factor of how the environment can influence communication is how comfortable the participants are. The more comfortable someone is in an environment the better a sender and receiver of messages they will be. Someone will be comfortable in an environment if they have a close bond to other participants or there is a nice, easy atmosphere between participants. For example at a sexual health clinic both the service user and the professional will know that the service user is here to share something very private and sensitive with someone they have no bond with, this will make the service user uneasy and nervous so they may stutter their words when describing symptoms as they are uneasy about what the reaction of the professional will be. <br />\n<br />\n Another factor about the environment that will influence communication is lighting. The environment that communication is taking place in needs to be well lit but not so bright it stuns the eyes. This is particularly important in a deaf school where the students need to be situated where the lighting provides good enough visibility to lip read or understand the signer&#039;s signs. <br />\n<br />\n The amount of noise in a communication environment is also important. Sometimes an area will be too noisy for someone to be able to hear and take in the messages being sent to them. This is particularly important in a deaf school as some of the students will have only a slight hearing impairment and may wear a hearing aid. Hearing aids make everything appear a lot louder to the ear, but if there are too many noises happening around people communicating with a deaf person there will be too many different noises for the deaf student to obtain the information they need therefore they will become confused and maybe stressed at all the noise. <br />\n<br />\nAbility/Disability<br />\n<br />\n If someone has a physical disability it is often the change in body language that has to occur to influence the communication. For example at school if a student is in a wheel chair the person trying to communicate with them will lower themselves down to the disabled person&#039;s level. This will encourage the wheel chair user to engage in communication as they will not feel belittled or threatened by the &#039;higher up&#039; person trying to communicate. <br />\n<br />\n When wanting to communicate with someone with a cognitive disability it influences the communication as it means the person who is attempting to communicate has to think a lot more about the content and complexity of the communication. For example in a care home there may be residents with dementure or altzhymers, to communicate with these people you have to make the communication short and sharp as you have to consider due to their illness how much input the resident can take in and possibly remember or know how to respond to. <br />\n<br />\n Sensory disabilities play a large part in influencing communication too, a sensory disability is anything that affects the senses. For example in a deaf school to communicate with a student you wouldn&#039;t talk to them because they can&#039;t hear you. You would have to find another way to communicate.<br />\n<br />\nCulture<br />\n<br />\n Culture influences communication as people are different in so many different areas, their; background, religion, ethnic class, gender, age. All of these areas contain restriction on communication whether it is the type of the communication or the content. For example in a case being dealt with by social services a Muslim woman would not be able to talk to a male professional as in her religion the only male she is to have contact with is her husband. Another example is at a hospital a Muslim woman would not be able to be treated by a man as it is unacceptable for any woman of her religion to be touched by any other man than her husband or male family members. <br />\n<br />\nValues and Beliefs<br />\n<br />\n People in there minds add up certain characteristics of people into a stereotype. This can be good or bad. For example in a care home a resident may have decided that anyone with tattoos, piercing and a crew cut hair style is a punk and doing the job to take advantage of vulnerable people, therefore if she gets a new carer that fits all of these characteristics she will immediately request a new carer as she does not like the look of this carer. Yet he could be the best carer ever it is simply the fact the resident has stereotyped this man so could be losing a great opportunity of communication with him.<br />\n<br />\n If someone has prejudice views they will not communicate with people that she applies this prejudice to. For example in a hospital a service user may say I don&#039;t want that surgeon to operate on me because he is black, this is prejudice and means there is a loss of communication between these two people. <br />\n<br />\n Attitudes<br />\n<br />\n People&#039;s attitudes always influence whether and what they communicate with people. For example if someone had a bad attitude against wanting to quit smoking and meeting new people they would choose not to attend a support group so therefore they lose out on valuable information and practising of communication skills. <br />\n<br />\nContent<br />\n<br />\nSometimes the content of communication someone wants to communicate can be complex, sensitive and difficult. This influences the communication as the sender has to think more carefully about the best and most effective way to communicate the message. For example in a hospital if a service user died in theatre the nurse would have to tell the family waiting outside, they would not just go out and say so and so is dead as that is insensitive. They would think carefully about the most appropriate way to tell the family, they would probably end up with the idea of going into the room, sitting the family down, lowering to their level and maybe comforting them by placing a hand on their hand or shoulder and quietly and slowly saying that unfortunately so and so passed away in theatre. It is a sensitive way of delivering a complex and difficult communication. <br />\n<br />\nEmotion/Personality <br />\n<br />\n Someone&#039;s self esteem can influence communication because for example in an adoption home a child may have low self esteem so they think no one wants to communicate with them, therefore making them unapproachable to others as they will give the impression they are not open to communication. <br />\n<br />\n If someone is unstable they may scare people as they think that if they try and communicate with the person they will be on a completely different wavelength and the communication would just be awkward so people don&#039;t bother to try and communicate. "}