{"essay_id": "852146", "essay_title": "Why did British agriculture decline after 1870?", "rate": "4 star(s)", "level": "University Degree", "subject": "Historical and Philosophical studies", "word_count": 2243, "submitted": "10/02/2009", "marked_by_teacher": {"teacher_name": "Rachel Smith", "date": "24/12/2012"}, "essay_url": "http://www.markedbyteachers.com/university-degree/historical-and-philosophical-studies/why-did-british-agriculture-decline-after-1870.html", "description": "Why did British agriculture decline after 1870?<br />\n<br />\nDuring the twenty years preceding 1870 British agriculture experienced a period of prosperity and growth. The main system of farming used at this time was that of mixed farming which drew on the continuous methodological advances that had been made in both livestock and crop farming as far back as the seventeenth century. In this system livestock and grain crops were produced and sold whilst the silage crops, which could not be sold for cash, were consumed by the livestock. Thus producing greater supplies of manure which would, in turn, sustain greater yields of crops that could be sold as well as providing more fodder for the cattle and other livestock, such as sheep or horses, to graze on. In order to be successful a farm of this nature had to fulfil three main objectives: Firstly produce a sufficient quantity so as to be able to pay a rent to the landowner, secondly yield enough to return a profit to the farmer himself and thirdly maintain, and in some cases increase, the richness of the soil.1 A self-sufficient farm of this nature had a limited maximum output which could only be exceeded through the purchasing of fertiliser and feed from an outside source. Such an approach would only be taken if the increased productivity would justify this higher expenditure. For this to be the case the inputs required had to be cheap and their applications produce a remarkable rise in yield as well as the prices for produce remaining high. In the first half of the nineteenth century there are indications that this was the case: Limits on an intensification of British agriculture were no longer present.2 British agriculture was undoubtedly in a strong position by 1870 yet in the two decades which followed this a marked decline in agriculture can be seen. This decline is characterised by both the proportion of the employed population whose jobs lay in the farming sector and the prices of produce falling. With a fall in prices this intensive method of farming ceased to be profitable and problems began to arise for this &quot;remarkably efficient, technically advanced and highly productive system of mixed farming, the product of more than two centuries of experiment and innovation&quot;.3<br />\n<br />\n One reason sighted for this decline in agriculture is the extremely adverse conditions experienced by Britain in the latter 1870s. This period of extreme weather lasted roughly six years and its effects were particularly significant as they were felt in both elements of the mixed farming method. The fields were leached of precious nutrients and became unworkable whilst disease killed off large numbers of livestock. Sheep numbers fell from 18.4 million in June 1878 to 14.9 million in 1882.4 The cruel seasons resulting disease and a drop in yields undoubtedly made life extremely demanding for the British farmer but the unfavourable weather was not a direct cause of the decline of agriculture. This bad weather did however have a lasting effect on British agriculture. The farmers were largely obsessed by the idea that the weather was causing their financial hardship right up until the mid 1880s. It is this misperception that was in fact a contributing factor to the decline of agriculture rather than the actual weather itself.5 A preoccupation with the weather combined with the belief that they would return to prosperity once the period of foul weather was over prevented the farmers from making fundamental changes to the way in which they operated their business. The act of blaming the weather for the period of dearth delayed farmers from examining how they might improve their farms to such an extent that by the time they realised that changes were indeed necessary many were no longer financially able to do so as their economic position had become slowly weaker during the period of bad harvest. The bad weather obscured the agricultural industry&#039;s view over what was really going on. In this more subtle way the weather can indeed be said to be a cause of the decline of farming.<br />\n<br />\n The repeal of the Corn Laws in 1846 brought about fears that the British market would be subjected to endless supplies of cheap foreign grain. This too has been put forward as a factor contributing to degeneration of British farming. The foreign farmers, whilst falling victim of higher labour costs, enjoyed cheaper land rental than their British counterparts. As well as this the land was more often than not extremely fertile, as it had not yet had crops grown on it. These are two key reasons why foreign produce could be sold at a price far less than that of home grown goods. But if the Corn Laws were repealed in 1846 why were the effects of this cheaper foreign produce not felt immediately? There are two main reasons why farming in Britain remained prosperous for another twenty-five years after the repeal. <br />\n<br />\n Firstly, there were a number of conflicts going on in the world that served to protect the British market from the influx of foreign produce. The Crimean War, from 1854-6, and the American Civil War, 1861-4, prevented the import of grain from the two countries that were becoming the largest producers of grain in the world at this time. Furthermore, the Franco-Prussian War 1870-1 ensured that demand from France remained high, consequently the price of grain in Britain stayed elevated.6 Even once these encounters had ceased the British market remained protected by the vast distance over which any produce would have to travel. This is the second reason why British agriculture remained profitable despite being open to foreign competition. However, developments in technology were taking place that would bring this land closer to the British markets. The advent of the steam ship had a considerable role to play in this. In 1882 it cost 1p per lb to ship mutton from New Zealand to Britain whereas by 1889 this had fallen to 0.2p. Likewise it to move a quarter of wheat from Chicago to Liverpool cost 80p in the late 1860s but only 20p by the turn of the century. This fall accounts for half the fall in wheat prices in Britain during this period.7 In the same way that the bad weather had prevented the farmers from realising early enough that something needed to be done the combination of distance and conflict, rather than protecting the British agriculture as it would seem, actually caused it to decline once the full effects could be felt.<br />\n<br />\n These factors served to shield British agriculture from the full impact of foreign competition. One solution to the problem of cheap imports goods was to specialise produce. Luxury foods such as high-grade beef, lamb, butter eggs and bacon all continued to rise in price. These products continued to command a high price as they could not be shipped in from abroad and the British goods were of a higher standard than anything imported from abroad. Furthermore, the increasing disposable income available to the population of Britain, due to the industrialisation it was experiencing at this time, meant that demand for such high-end foodstuffs was also increasing. However, for the reasons cited above many farmers were not aware that such change was needed until it was too late. Many Landowners were unwilling to allow a movement away from procedures that had raised fertility, profits and rents in previous decades.8 Indeed many refused to permit such changes until their tenants were bankrupt or had ended their lease on the land. Only then were the landowners forced to allow changes and, as well as this, they were forced to accept lower rents as they were unable to find tenants at the high rents that the landlords had previously enjoyed. This unwillingness to be flexible and a failure to recognise that a new era was dawning for British agriculture undeniably lead to its decline.<br />\n<br />\n This new era was one in which Britain relied heavily on foreign imports for its basic food supplies. In the case of wheat over half of Britain&#039;s requirements were imported. This was down to the certainty of Britain&#039;s political and naval power which allowed a dependence on foreign produce to be taken for granted and helped create the conditions suitable for the decline in agriculture. One of the strong indicators of this is the fact that by the late 1890s agriculture accounted for six per cent of the gross national product when forty years earlier this figure had been twenty per cent. Likewise in 1851 over one-fifth of the population were employed in the agricultural sector but by 1901 this had fallen to one-tenth.9 The Gangs Act of 1867 and the Education Acts after 1870 had further detrimental effects on British agriculture. By restricting the employment of children and removing them from the fields and placing them in classrooms the demand for labour was increased even more. Furthermore, adult workers demanded higher wages than children thus the wages, already high due to urban migration, were even higher. This placed further strain on the already struggling farmers. <br />\n<br />\n This decreasing share in Britain&#039;s workforce shows clearly that Britain&#039;s economy was changing. It was moving away from a rural agricultural society towards an urban manufacturing one. Expanding towns along with a vacation of the countryside are characteristic of this change. In this new era it was industry, in particular the export of manufactured goods, rather than a strong agriculture, as had been the case a hundred years earlier, that was the foundation of Britain&#039;s wealth. A reliance on low cost imports to sufficiently feed the urban population was necessary for this change to take place. The diminishing importance of agriculture in Britain&#039;s economy is a feature of how advanced it was. It was able to focus its workforce on the production of expensive industrial goods, something which no other nation had yet achieved. The fact that a nation could be fed almost exclusively by imports from abroad was a novel concept and one that allowed Britain&#039;s economy to move forwards. <br />\n<br />\n In conclusion, there were a number of factors which can be argued as individual causes of the decline of British agriculture after 1870. What ultimately caused this decline was the combination of global circumstances protecting British markets long after legislation had opened them up and the British economy moving away from a system based on agriculture. It is important to remember that agriculture did not decline in all sectors. The export of livestock was one which thrived in the new economy: Cattle exports increased tenfold between 1875 and 1895.10 It was important that the British farmers could recognise, and take advantage of, a shift in the demands for agricultural produce both in domestic and foreign markets. This change was away from the comparatively cheap cereal crops towards the more expensive livestock. The decline of agriculture came because they were initially unable to see this change take place and by the time they had were mostly in a position from which they were unable to do anything about it. The era of mixed self sufficient farming was over, the fact that so many farmers stuck by this method long after it had become obsolete is why agriculture can be seen declining. As far as they were aware there was no reason not too; this method of farming had turned over huge profits in the preceding period. As the British markets were not yet flooded with cheap foreign imports it seemed as if this would continue. It is unfortunate that the period directly leading up to the actual opening of British markets, some 30 years after the repeal of the Corn Laws, was one of hardship. This was caused by bad harvests and a diminishing livestock population and meant that the agricultural industry did not have sufficient capital to invest in the changes it needed to make in order to continue its status as the most advanced agricultural industry in the world. Due to the changes that were going on in the rest of the economy it did suffer badly because of this and the British economy continued to go from strength to strength.<br />\n<br />\n2025 Words<br />\n<br />\nBibliography<br />\n<br />\nChambers, J.D., and Mingay, G.E., The Agricultural Revolution 1750-1800, (London, <br />\n<br />\n 1966)<br />\n<br />\nMingay, G.E., The Agricultural Revolution: Changes in Agriculture 1650-1880, <br />\n<br />\n (London, 1977)<br />\n<br />\nOrwin, C.S. and Whetham, E.H., History of British Agriculture 1846-1914, (London, <br />\n<br />\n 1964)<br />\n<br />\nPerren, R., Agriculture in Depression, (Cambridge, 1995)<br />\n<br />\nPerry, P.J., British Farming in the Great Depression 1870-1914, (Newton Abbot, <br />\n<br />\n 1974)<br />\n<br />\n1 J.D. Chambers and G.E. Mingay, The Agricultural Revolution 1750-1800, (London, 1966), pp. 133-4<br />\n<br />\n2 Richard Perren, Agriculture in Depression, (Cambridge, 1995), p. 1.<br />\n<br />\n3 G.E. Mingay, The Agricultural Revolution: Changes in Agriculture 1650-1880, (London, 1977), p. 68.<br />\n<br />\n4 C,S. Orwin and E.H. Whetham, History of British Agriculture 1846-1914, (London, 1964), p. 244.<br />\n<br />\n5 P.J. Perry, British Farming in the Great Depression 1870-1914, (Newton Abbot, 1974), p. 59.<br />\n<br />\n6 Perren, Agriculture in the great depression, p. 3.<br />\n<br />\n7 Perry, British Farming in the Great Depression, p. 51.<br />\n<br />\n8 Orwin and Whetham, History of British Agriculture, p.248.<br />\n<br />\n9 Perry, British Farming in the Great Depression, p. 14.<br />\n<br />\n10 Orwin and Whetham, History of British Agriculture, p. 270<br />\n<br />\nFreddie Lower Britain as an Economic Superpower<br />\n<br />\n11.3.2008 Gareth Turner<br />\n<br />\n1"}