{"essay_id": "853127", "essay_title": "Biology Data Analysis-Does heart rate effect reaction time?", "rate": "3 star(s)", "level": "GCSE", "subject": "Science", "word_count": 1694, "submitted": "18/02/2009", "marked_by_teacher": {"teacher_name": "Louise Star", "date": "08/01/2013"}, "essay_url": "http://www.markedbyteachers.com/gcse/science/biology-data-analysis-does-heart-rate-effect-reaction-time.html", "description": "I plan to do an experiment to try and to discover if there is any link or correlation between heart rate and reaction time.<br />\n<br />\nReaction time is the ability to respond quickly to a stimulus. It important in many sports and day to day activities, though it is not often measured. Simple reaction time is the time taken between a stimulus and movement e.g., sprint start.<br />\n<br />\n(http://www.topendsports.com/testing/reactime.htm)<br />\n<br />\nHeart rate is basically how many times our heart beats in a minute. There are two main measurements of heart rate; resting and active. Resting heart rate is measured when a person is at rest and no physical activity has been undertaken. Active is the opposite. When our hearts contracts, it pumps blood around the body. The faster the heart rate, usually the faster we are breathing meaning that there will be more oxygen and less carbon dioxide in the blood due to the faster gas exchange in the capillaries. The harder the work, the higher our heart beat is due to our muscles needing more oxygen. Pulse is another way for heart rate and is measured in BPM (Beats per Minute). <br />\n<br />\nAge<br />\n<br />\nNormal heart rate<br />\n<br />\n(beats per minute)[1]<br />\n<br />\nNewborn<br />\n<br />\n130<br />\n<br />\nOlder Child<br />\n<br />\n90-110<br />\n<br />\nAdult<br />\n<br />\n60-80<br />\n<br />\nAthletes need good reaction times to gain a faster start in their races.<br />\n<br />\nI predict that if we have a faster pulse rate, the better our reaction times will be. If you think, when your heart is working faster, you have more blood flowing around your body...including voulentary muscles, there would also be more oxegen. A faster heart rate also produces aderenaline. <br />\n<br />\nThe Experiment<br />\n<br />\nIn this experiment, 8 girls were tested and 4 boys, 12 people in total. Lesson time was used to carry out this experiment. And we had the classroom and any equiptment in the classroom.<br />\n<br />\nFirstly we recorded our test buddy&#039;s reaction times when they had a resting heart rate. So we asked them to measure their heart rate over a period of 15 seconds and the multiply it by 4 to get their resting heart rate. We held the top of the ruler between thumb and forefinger (which are about an inch apart). The ruler is then released and the test buddy&#039;s aim is to catch the ruler as quickly as possible. This test was repeated three times.<br />\n<br />\nOur test buddy was then asked to complete as many star jumps as they could in a minute. Again, heart rate was measured, this time it was faster. The reaction test was repeated again, three times.<br />\n<br />\nBelow are the results:<br />\n<br />\nResting Heart Rate<br />\n<br />\nFaster Pulse Rate<br />\n<br />\nName<br />\n<br />\nPulse<br />\n<br />\nReaction Time<br />\n<br />\nSlow<br />\n<br />\nAverage<br />\n<br />\nPulse<br />\n<br />\nReaction Time<br />\n<br />\nFast<br />\n<br />\nAverage<br />\n<br />\nRyan<br />\n<br />\n76<br />\n<br />\n14<br />\n<br />\n18<br />\n<br />\n17<br />\n<br />\n16.33<br />\n<br />\n140<br />\n<br />\n18<br />\n<br />\n9<br />\n<br />\n10<br />\n<br />\n12.33<br />\n<br />\nAlex<br />\n<br />\n73<br />\n<br />\n23<br />\n<br />\n18<br />\n<br />\n15<br />\n<br />\n18.67<br />\n<br />\n116<br />\n<br />\n8<br />\n<br />\n10<br />\n<br />\n9.5<br />\n<br />\n9.17<br />\n<br />\nJack<br />\n<br />\n60<br />\n<br />\n11<br />\n<br />\n19<br />\n<br />\n6<br />\n<br />\n12.00<br />\n<br />\n140<br />\n<br />\n13<br />\n<br />\n12<br />\n<br />\n9.5<br />\n<br />\n11.50<br />\n<br />\nAnna<br />\n<br />\n64<br />\n<br />\n6<br />\n<br />\n10<br />\n<br />\n16<br />\n<br />\n10.67<br />\n<br />\n148<br />\n<br />\n12<br />\n<br />\n19<br />\n<br />\n15<br />\n<br />\n15.33<br />\n<br />\nSarah<br />\n<br />\n86<br />\n<br />\n23<br />\n<br />\n17<br />\n<br />\n21<br />\n<br />\n20.33<br />\n<br />\n108<br />\n<br />\n9<br />\n<br />\n13<br />\n<br />\n15<br />\n<br />\n12.33<br />\n<br />\nSamantha<br />\n<br />\n80<br />\n<br />\n22<br />\n<br />\n20<br />\n<br />\n15<br />\n<br />\n19.00<br />\n<br />\n120<br />\n<br />\n20<br />\n<br />\n26<br />\n<br />\n15<br />\n<br />\n20.33<br />\n<br />\nKate<br />\n<br />\n84<br />\n<br />\n15<br />\n<br />\n19<br />\n<br />\n17<br />\n<br />\n17.00<br />\n<br />\n172<br />\n<br />\n15<br />\n<br />\n10<br />\n<br />\n16<br />\n<br />\n13.67<br />\n<br />\nJess <br />\n<br />\n70<br />\n<br />\n9<br />\n<br />\n14<br />\n<br />\n9<br />\n<br />\n10.67<br />\n<br />\n140<br />\n<br />\n16<br />\n<br />\n16<br />\n<br />\n9<br />\n<br />\n13.67<br />\n<br />\nHannah<br />\n<br />\n124<br />\n<br />\n17<br />\n<br />\n15<br />\n<br />\n30<br />\n<br />\n20.67<br />\n<br />\n176<br />\n<br />\n30<br />\n<br />\n13<br />\n<br />\n17<br />\n<br />\n20.00<br />\n<br />\nTom<br />\n<br />\n64<br />\n<br />\n13<br />\n<br />\n10<br />\n<br />\n14<br />\n<br />\n12.33<br />\n<br />\n132<br />\n<br />\n9<br />\n<br />\n6<br />\n<br />\n8<br />\n<br />\n7.67<br />\n<br />\nAutumn<br />\n<br />\n80<br />\n<br />\n21<br />\n<br />\n12<br />\n<br />\n24<br />\n<br />\n19.00<br />\n<br />\n120<br />\n<br />\n19<br />\n<br />\n18<br />\n<br />\n9<br />\n<br />\n15.33<br />\n<br />\nPipa<br />\n<br />\n48<br />\n<br />\n10<br />\n<br />\n17<br />\n<br />\n9<br />\n<br />\n12.00<br />\n<br />\n128<br />\n<br />\n12<br />\n<br />\n7<br />\n<br />\n4<br />\n<br />\n7.67<br />\n<br />\nAnalysis.<br />\n<br />\nThis graph shows the relation of our reaction time when we had a resting heart rate and an active heart rate. The black bars indicate that the reaction times were worse when we had a resting heart rate. The white bars indicate that the reaction times were better when we had a resting heart rate. I predicted that the higher your heart rate, the more alert you are going to be therefore resulting in quicker reaction times. 9 out of 12 (3/4) of my results follow my hypothesis. Trial no.2 appears to have better their reaction time the most. Their results back my data greatly. <br />\n<br />\n Differences in heart rate<br />\n<br />\nIncreased heart rate<br />\n<br />\n64<br />\n<br />\n43<br />\n<br />\n80<br />\n<br />\n84<br />\n<br />\n22<br />\n<br />\n40<br />\n<br />\n88<br />\n<br />\n70<br />\n<br />\n52<br />\n<br />\n68<br />\n<br />\n40<br />\n<br />\n80<br />\n<br />\nThe average resting heart rate is 60-80 BPM; the data that I&#039;ve collected match this figure. Heart rate is effected dependant on various different factors including age, weight and fitness. From my data, there are two large outliers; number 9 and number 12. <br />\n<br />\nTrends<br />\n<br />\nLooking at my data, most of the reaction times decreased as heart rate increased. As explained before, I think this is due to the fact that there is more blood being pumped around the body making you more aware, and also more adrenaline. <br />\n<br />\nMaximum heart rate for those who took part in the experiment would be, 205-206 (220-age, which is 14 or 15). Our target heart rate is 60-80% of our maximum, which would be from 113bpm-163bpm (205*.6 or .8). All trials other than number 7 and number 9 are working between their target heart rates. Number 7 and 9 are working at over 80%.<br />\n<br />\nEvaluation.<br />\n<br />\nSafety<br />\n<br />\nWhen carrying out our experiment, there weren&#039;t many safety aspects to consider. However, we asked out test buddies to carry out the star jumps in a corner away from others in the class.<br />\n<br />\nLimitations<br />\n<br />\nOne limitation of the experiment was the type of exercise we were able to carry out, which was basic star jumps; no of those tested will have actually reached their maximum heart rate. The only place we had to carry out the experiment was the classroom; we only had three lessons also to do this. We also lacked equipment, such as reaction rulers. <br />\n<br />\nTechnique<br />\n<br />\nOur technique was the best we could do. The experiment we did isn&#039;t accurate enough to determine how heart rate affects reaction times. If we&#039;d have had more time I think we could have planned a much better experiment but due to the lack of time and equipment.<br />\n<br />\nHow I would improve the data<br />\n<br />\nIf I had the time, I would have carried out the same experiment when the test buddy&#039;s heart rate was at their resting again to see if my results were reliable. I would also have dropped the ruler 20+ times to make a better average. Doing a different type of exercise such as a game of football or netball or a run of some kind, which would have got a figure closer to the maximum heart rate. I would too use a reaction ruler to get actual readings. I could also try different reaction tests; exercise may improve some reaction times...such as touch, sight or hearing and maybe not others such as sound or smell.<br />\n<br />\nResting Heart Rate<br />\n<br />\nFaster Pulse Rate<br />\n<br />\nName<br />\n<br />\nPulse<br />\n<br />\nReaction Time<br />\n<br />\nSlow<br />\n<br />\nAverage<br />\n<br />\nPulse<br />\n<br />\nReaction Time<br />\n<br />\nFast<br />\n<br />\nAverage<br />\n<br />\nRyan<br />\n<br />\n76<br />\n<br />\n14<br />\n<br />\n18<br />\n<br />\n17<br />\n<br />\n16.33<br />\n<br />\n140<br />\n<br />\n18<br />\n<br />\n9<br />\n<br />\n10<br />\n<br />\n12.33<br />\n<br />\nAlex<br />\n<br />\n73<br />\n<br />\n23<br />\n<br />\n18<br />\n<br />\n15<br />\n<br />\n18.67<br />\n<br />\n116<br />\n<br />\n8<br />\n<br />\n10<br />\n<br />\n9.5<br />\n<br />\n9.17<br />\n<br />\nJack<br />\n<br />\n60<br />\n<br />\n11<br />\n<br />\n19<br />\n<br />\n6<br />\n<br />\n12.00<br />\n<br />\n140<br />\n<br />\n13<br />\n<br />\n12<br />\n<br />\n9.5<br />\n<br />\n11.50<br />\n<br />\nAnna<br />\n<br />\n64<br />\n<br />\n6<br />\n<br />\n10<br />\n<br />\n16<br />\n<br />\n10.67<br />\n<br />\n148<br />\n<br />\n12<br />\n<br />\n19<br />\n<br />\n15<br />\n<br />\n15.33<br />\n<br />\nSarah<br />\n<br />\n86<br />\n<br />\n23<br />\n<br />\n17<br />\n<br />\n21<br />\n<br />\n20.33<br />\n<br />\n108<br />\n<br />\n9<br />\n<br />\n13<br />\n<br />\n15<br />\n<br />\n12.33<br />\n<br />\nSamantha<br />\n<br />\n80<br />\n<br />\n22<br />\n<br />\n20<br />\n<br />\n15<br />\n<br />\n19.00<br />\n<br />\n120<br />\n<br />\n20<br />\n<br />\n26<br />\n<br />\n15<br />\n<br />\n20.33<br />\n<br />\nKate<br />\n<br />\n84<br />\n<br />\n15<br />\n<br />\n19<br />\n<br />\n17<br />\n<br />\n17.00<br />\n<br />\n172<br />\n<br />\n15<br />\n<br />\n10<br />\n<br />\n16<br />\n<br />\n13.67<br />\n<br />\nJess <br />\n<br />\n70<br />\n<br />\n9<br />\n<br />\n14<br />\n<br />\n9<br />\n<br />\n10.67<br />\n<br />\n140<br />\n<br />\n16<br />\n<br />\n16<br />\n<br />\n9<br />\n<br />\n13.67<br />\n<br />\nHannah<br />\n<br />\n124<br />\n<br />\n17<br />\n<br />\n15<br />\n<br />\n30<br />\n<br />\n20.67<br />\n<br />\n176<br />\n<br />\n30<br />\n<br />\n13<br />\n<br />\n17<br />\n<br />\n20.00<br />\n<br />\nTom<br />\n<br />\n64<br />\n<br />\n13<br />\n<br />\n10<br />\n<br />\n14<br />\n<br />\n12.33<br />\n<br />\n132<br />\n<br />\n9<br />\n<br />\n6<br />\n<br />\n8<br />\n<br />\n7.67<br />\n<br />\nAutumn<br />\n<br />\n80<br />\n<br />\n21<br />\n<br />\n12<br />\n<br />\n24<br />\n<br />\n19.00<br />\n<br />\n120<br />\n<br />\n19<br />\n<br />\n18<br />\n<br />\n9<br />\n<br />\n15.33<br />\n<br />\nPipa<br />\n<br />\n48<br />\n<br />\n10<br />\n<br />\n17<br />\n<br />\n9<br />\n<br />\n12.00<br />\n<br />\n128<br />\n<br />\n12<br />\n<br />\n7<br />\n<br />\n4<br />\n<br />\n7.67<br />\n<br />\nOutliers<br />\n<br />\nThe figures highlighted in red are those which seem to be outliers. Hannah&#039;s heart rate seems to be seriously off. The experiment was carried out just as everyone else. Possibly she may have been doing some kind of activity before carrying out our experiment. I have also highlighted Hannah&#039;s results as they are not consistent. Autumns result isn&#039;t too consistent either. Doing more catches would have been an advantage as I would have been able to see a much clearer improvement and consistent results.<br />\n<br />\nFair Test?<br />\n<br />\nTaking the limitation into consideration, I think the test was as fair as we could have made it. The exercise and heart rate was timed on the same watch. The same metal 30cm ruler was dropped. The time between when the exercise was done, heart rate measured and ruler dropped may not have been the same. Also to make it extremely fair, we should have aimed to get everyone&#039;s heart rate to the same percentage of their resting. Some people may have been exercising and may not been at their actual resting heart rate. Also, the heart rates should have been to the same or similar percentage of their maximum potential. <br />\n<br />\nReliability<br />\n<br />\nI think that my experiment was reliable because, I was the one who was running the experiment. The data may not be accurate or true; however if I repeated this experiment, I would expect to find similar results.<br />\n<br />\nCan I rely on my data to back my conclusion?<br />\n<br />\nI don&#039;t think that my data could be use to prove anything major. We couldn&#039;t actually measure the reaction times. The data I have collected doesn&#039;t show anything scientific, for example, the reaction times collected are just were just the measurement on the ruler (in cm). Also I don&#039;t think that there were enough trials or enough test buddies either. Also, with only 3 trials to get an average reaction time won&#039;t really prove anything. On normal online reaction tests, there normally are about 5 trials. However, I can say that there is some kind of correlation between the two."}