{"essay_id": "854258", "essay_title": "Analyse the poem \"Daddy\" by Sylvia Plath", "rate": "4 star(s)", "level": "AS and A Level", "subject": "English", "word_count": 1943, "submitted": "25/02/2009", "marked_by_teacher": {"teacher_name": "Val Shore", "date": "15/03/2012"}, "essay_url": "http://www.markedbyteachers.com/as-and-a-level/english/analyse-the-poem-daddy-by-sylvia-plath.html", "description": "Analyse the poem &quot;Daddy&quot; by Sylvia Plath<br />\n<br />\nThe title &quot;Daddy&quot; evokes images of nurturing fathers, willing to do anything for their children; it suggests innocence and protection. Plath could be using this in a number of different ways. It may be ironic - she uses this word to describe her father because he should have been a model for her, and he was the precise opposite of her ideals. It also suggests a longing for her father to have been this model. It may relate to the feminist issues at the time Plath wrote &quot;Daddy&quot; - fathers were all believed to be a perfect model for society, and women and daughters who were victims of them were mostly ignored.<br />\n<br />\nThe repetition of &quot;you do not do&quot; gives the persona an assertive edge; she is standing up to her father. It also makes her sound a little immature, as though she has to express herself in this way. Indeed, the syntax throughout the poem is stilted, with little complicated vocabulary, giving the persona a childlike quality. Plath writes that she &quot;lived like a foot&quot; in the &quot;shoe&quot; of her father. It implies that her father, as the &quot;shoe&quot;, surrounded her. It could suggest that she could not escape him, and she &quot;wore&quot; him - he was a burden to her. She also writes that in her father&#039;s presence, she is &quot;barely daring to breath&quot; - she is terrified of him. This ties in with the shoe point made earlier - her father seems a tyrant, overbearing and forceful.<br />\n<br />\nThe poet describes herself as &quot;poor and white&quot;. At the time of the poem&#039;s writing (1962) the Civil Rights movement was starting to gain momentum. &quot;Poor and white&quot; may be an allusion to the &quot;white trash&quot; of the time. The elitist white people would have nothing to do with them, as they were socially unacceptable, and the black people wouldn&#039;t accept them because they were white (of course, this replies in reverse.) By describing herself this way, Plath suggests that she is unaccepted by much of society because of her father.<br />\n<br />\nThe first two lines of the second stanza seem confusing at first glance. &quot;Daddy, I have had to kill you&quot; refers to Plath&#039;s desire to sever her relationship to her father. However, before she was able to do this, her father died, suggesting she never told him her feelings towards him, and was only able to free herself of him (&quot;killing&quot; him in her mind) once he had actually passed away. The &quot;ghastly statue&quot; description refers to one of Plath&#039;s other poems about her father, &quot;The Colossus&quot;, where she thinks of him as a statue she pieces together. The &quot;ghastly&quot; description suggests she now regrets piecing him together - keeping him alive and supporting him. In &quot;Daddy&quot;, the &quot;head&quot; of the statue &quot;pours bean green over blue&quot;, in Plath&#039;s description of the statue in the sea. Bean green is a dirty green colour, suggesting the statue (her father) taints the purity of the blue sea it is travelling through (wherever her father travelled, he tainted the purity of it for her.)<br />\n<br />\nPlath describes the Polish town as &quot;scraped flat&quot;. The word &quot;scraped&quot;, with the long &quot;a&quot; sound, sounds drawn out and mournful. This, coupled with the harsh &quot;cr&quot; and the plosive &quot;p&quot;, makes the town&#039;s troubles sound never-ending and strained.<br />\n<br />\nPlath sounds, in the fifth stanza, as though she desperately wants to discover her father&#039;s &quot;roots&quot; and therefore her own. This suggests several things about the poet&#039;s wishes. On the one hand, she wishes to uproot herself from her father - she wants to cut herself off from her family tree and be free of him. On the other hand, she sounds as though she has a desire to find out where she came from - she has a fascination with her father and his background. She wants to discover more about him - she is almost obsessed with him.<br />\n<br />\nThe repetition of &quot;ich&quot; in six indicates that to Plath, the German language is completely foreign. It suggests that she is choking on the language she is trying to speak. It should also be noted that, in Nazism, the German language wasn&#039;t fluid. By describing herself as a Jew (and implying that her father is a Nazi figure, in particular Hitler) Plath uses the Holocaust as a metaphor for the relationship between her and her father. This metaphor appears to be a hyperbole to some - Plath over-exaggerates the cracked relationship with her father, and could even be viewed as offensive. However, she may also use this metaphor to show the scale of her emotional pain - the physical pain of the Jewish people equates to her emotional pain through living with her father. It also gives an indication of how scared she was of him.<br />\n<br />\nPlath describes the &quot;clear beer of Vienna&quot; as &quot;not very pure or true.&quot; Adolf Hitler himself was of Austrian heritage (having been born in the Austro-Hungarian empire). This metaphor suggests that, although the beer of Vienna may seem &quot;clear&quot; to outsiders or supporters of Hitler (and therefore, using her Holocaust metaphor, her father), to those in the know, such as she, it is tainted. Vienna could also be a reference to Adolf Eichmann, whose office was based there. He was the official in charge of forcibly deporting and expelling Jews from Austria.<br />\n<br />\nPlath attributes her father with his &quot;Luftwaffe&quot;, &quot;neat mustache&quot;, and &quot;Aryan eye&quot;. All these were features of Hitler as well - it was the idea of a &quot;perfect Nazi&quot;. By describing her father in this way, she cements her metaphor of the Holocaust. She also describes him as &quot;panzer-man&quot;. This repeated description, which seems like a childish nickname, refers to a type of tank - it suggests that Plath feels her father flattens and destroys everything in his path.<br />\n<br />\nPlath starts the ninth stanza with the line &quot;not God but a swastika.&quot; During the Holocaust, many people gave up on their religion after facing terrible trials. They believed that their God had deserted them - why else would He not have saved them? Plath uses this metaphor to possibly describe the fear she felt of her father; God wasn&#039;t saving her from him; she lost her faith and faced a future with a dictator (the &quot;swastika&quot;.) She also claims that &quot;every woman adores a Fascist.&quot; In the time she wrote the poem, many women were beginning to feel oppressed and discriminated against - this statement seems sarcastic and mocking of men&#039;s beliefs. At the time, women were expected to love their husbands regardless of their attitudes or whether they were violent; they weren&#039;t supposed to go against them, as they had to be model wives and obey their husbands. In this way, Plath has allied herself with every woman who has been tormented by men.<br />\n<br />\nThe poet describes her father with a &quot;cleft in [his] chin instead of [his] foot.&quot; This is a reference to Joseph Goebbels, the leader of the propaganda in the Nazi party, who was born with club (&quot;cleft&quot;) foot. She later says her father is &quot;no less a devil for that&quot;, suggesting that although there were obvious physical differences between her father and Goebbels, they shared the same sense of tyranny and were equally frightening.<br />\n<br />\nPlath writes that her father &quot;bit [her] pretty red heart in two.&quot; We can compare this with the description of her father&#039;s &quot;fat black heart&quot; near the end of the poem. Plath&#039;s heart seems beguiling and feminine, almost seductive, whereas her father&#039;s heart appears gross and repulsive in comparison.<br />\n<br />\nThe poet refers to a &quot;model&quot; of her father which she makes, which she says &quot;I do, I do&quot; to. This suggests that she married a model of her father later in life - even though she almost despises her father, she still has an obsession with him, and even falls in love with a man exactly like him. Later in the poem, she describes him as a &quot;vampire&quot;, suggesting that she realises her mistake of marrying a man so like her father - her husband oppresses her in much the same way, and drains her by &quot;drinking her blood&quot; (or the life out of her.)<br />\n<br />\nPlath writes that &quot;if I&#039;ve killed one man, I&#039;ve killed two.&quot; This suggests that she wants to purge herself of both men in her life, as they are the same to her in their attitude and appearance. It also suggests that all men are the same - they are all tyrants if they are left to their own devices. This is a pointed statement to men reading the poem in the 60s.<br />\n<br />\nPlath describes the villagers &quot;dancing and stamping&quot; on her dead father. It suggests that a revolution against him has been reached, and that surrounding friends or family have finally realised the scale of the emotional pain her father put her through. They now despise him for it, and are more open too - perhaps they also faced some of this tyranny and can only now admit to it once he is dead (&quot;They always knew it was you.&quot;)<br />\n<br />\nIn the last line, Plath writes &quot;Daddy, Daddy, you bastard, I&#039;m through.&quot; This juxtaposes two very different ideals together - the innocence and childishness of &quot;Daddy&quot; against the uncontrollable anger of the expletive &quot;you bastard&quot;. It suggests that the mind of the poet is in conflict against the childish longing to love her &quot;daddy&quot; and the injustice she feels against her through what he has put her through. Finally, she makes a decision, and tells her father &quot;I&#039;m through&quot; - she has &quot;killed&quot; her love for him in her mind and wants nothing more to do with him.<br />\n<br />\nIt is very hard, in this poem, to avoid the many links with Plath&#039;s own life - this poem is semi-autobiographical in that events in the poet&#039;s life are written about here. For example, Plath attempted to commit suicide at twenty, citing her reasons as to join her father in death (&quot;At twenty I tried to die/And get back, back, back to you.&quot;) Even considering the feeling of hatred we get from much of this poem, the phrase still shows that Plath still felt a childish longing to be with her father, and she portrays this in this poem. There is also a reference to her marriage to Ted Hughes - she writes that she married a &quot;man in black&quot;, and it was well known that Ted Hughes always dressed head to toe in black.<br />\n<br />\nThere are many poems about fathers and parents in literature. For example, Seamus Heaney&#039;s &quot;Follower&quot; describes the role reversal between him and his father in age. If we compare this to Sylvia Plath&#039;s poem, we see a slight similarity towards their attitudes to their fathers, but a chasm between their emotions. Heaney views his father as someone who pesters him in his age - &quot;he will not go away&quot; - whereas Plath appears more troubled by the memory of her father not leaving her (see &quot;Daddy, I have had to kill you.&quot;) <br />\n<br />\nAlthough many poems describe anger towards their fathers, Plath&#039;s poem appears, to me, to be the most vindictive, and yet the most confused, of them all - her Holocaust metaphor coupled with the innocence of &quot;Daddy&quot; makes her seem confused about her attitude towards her father. Only when the end of the poem has been reached do we see her overcome her demons and refuse to associate with her father any longer."}