{"essay_id": "854808", "essay_title": "The effects of concentration on reaction rates", "rate": "3 star(s)", "level": "GCSE", "subject": "Science", "word_count": 2300, "submitted": "01/03/2009", "marked_by_teacher": {"teacher_name": "Cornelia Bruce", "date": "18/03/2013"}, "essay_url": "http://www.markedbyteachers.com/gcse/science/the-effects-of-concentration-on-reaction-rates.html", "description": "John Saunders (11R)<br />\n<br />\nThe effects of concentration on the rate of reaction <br />\n<br />\nbetween magnesium (Mg) and Hydrochloric acid (HCl).<br />\n<br />\nIntroduction:<br />\n<br />\nIn this experiment, I am going to find out what happens when different concentrations of hydrochloric acid are mixed with the same amounts of magnesium.<br />\n<br />\nThe probable outcome of this is that the reaction will be more vigorous to start with, meaning the reaction would end up being completed faster, if the concentration was to be higher than normal. This would happen because there would be more atoms of hydrogen and chlorine in a higher concentrated solution, to react with the magnesium.<br />\n<br />\nAs you can see, the circles that represent the hydrogen and chlorine atoms of the hydrochloric acid find it a lot harder to fit inside the right-hand rectangle, that is the same area as the left rectangle (the rectangles representing the solution of acid). This means that the right-hand rectangle is more concentrated, as the hydrogen and chlorine atoms take up more space.<br />\n<br />\nIf a piece of magnesium were to be placed in the rectangles, then the more vigorous (and faster) reaction would take place in the right-hand rectangle. This is because the magnesium would be confined to the (smaller) area where there aren&#039;t hydrogen or chlorine atoms, so the collision rate is likely to be higher.<br />\n<br />\nPrediction:<br />\n<br />\nI predict that the higher the concentration of HCl, the faster the reaction will take place. As I said in the introduction, the atoms will find it easier to react (collide) with the magnesium, as there would be more atoms to react with it.<br />\n<br />\nI think that the graph I will draw from these results will show proportionalities between the concentrations of the acid, and the time taken to react. However, the table wont show proportionalities, because it won&#039;t take into account the different differences between each concentration. For example, 0.1M, 0.2M, and 0.5M (which are some of the concentrations I will use) don&#039;t have the same difference between each other. My graph will take the different differences into account, as you will see later.<br />\n<br />\nMethod:<br />\n<br />\nThis is the equipment I will use in the experiment<br />\n<br />\n* 6 x 3cm magnesium strips.<br />\n<br />\n* 6 x 10ml of hydrochloric acid - each having a concentration of 0.1M, 0.2M, 0.5M, 1M, 2M or 4M.<br />\n<br />\n* 10ml measuring cylinder to measure amounts of acid used.<br />\n<br />\n* 6 test tubes.<br />\n<br />\n* Test tube rack.<br />\n<br />\n* Stopwatch.<br />\n<br />\n* Ruler to measure size of strips.<br />\n<br />\n* Scissors to cut strips.<br />\n<br />\n* Sticky labels to label each test tube.<br />\n<br />\nI am going to make this a fair test, so that each amount won&#039;t turn out different than it should do, because for example, less magnesium wouldn&#039;t take longer to react with the HCl. I am going to use the same amount of acid (10mls) and the same amount of magnesium (3cm strips) to achieve this. I will do this by measuring precise amounts of acids with a measuring cylinder, and a ruler to measure the strips. In fact, the only thing that I want to be different for each reaction is the concentration of the acid (with all six being between different concentrations between 0.1M and 4M, as I mentioned in the list above).<br />\n<br />\nI am going to fill the 6 test tubes with the 10mls of hydrochloric acid, which will be measured with the measuring cylinder. I will then drop the magnesium strips into them. I will time the reactions for however long it will take the magnesium to disappear (i.e. when the reaction has finished).<br />\n<br />\nI am also going to do more than one test, to make sure that I don&#039;t do any of the tests wrong. If I were to only do one test, then any anomalous results will look more inaccurate, than they would do if I were to do two tests. This is because if one test had been done wrong and I didn&#039;t know about it, and the other test had been done correctly, then the average result would reduce the deficit of the anomalous test by half. The only problem with this would be if I did all my tests wrong - because then my averages wouldn&#039;t make a difference on the deficit of the results.<br />\n<br />\nI will try to do two tests, in the two lessons allocated for the practical side of the experiment. In each lesson, I will run three reactions at once, twice. I will do this by running the 0.1M, 0.2M and 0.5M reactions first, and then once those have stopped reacting, I will set up the 1M, 2M and 4M reactions up. If my prediction is correct, then this would be the way to do it to be less time-consuming, as not a lot of time would be spent on the reactions involving the 0.1M, 0.2M and 0.5M acid.<br />\n<br />\nThe only problem I see with this method is the time factor. I&#039;m expecting some of these reactions to run for a long time with the weaker (less concentrated) acids, meaning that I would have to keep watching the reactions for the long period. If I was to look or walk away from the reaction and find that the magnesium had finished reacting, then my results would be flawed - and I probably wouldn&#039;t know by how much. This would be an unlikely scenario, though, as I would have no reason to be away from the reactions for long periods at a time (perhaps one or two minutes at the absolute most).<br />\n<br />\nResults:<br />\n<br />\nConcentration (moles)<br />\n<br />\n1st test<br />\n<br />\n2nd test<br />\n<br />\nAverage time<br />\n<br />\n(Mins: secs)<br />\n<br />\nTime (Mins: secs)<br />\n<br />\nTime (Mins: secs)<br />\n<br />\n0.1 M<br />\n<br />\n41: 56<br />\n<br />\n41: 10<br />\n<br />\n41:33<br />\n<br />\n0.2 M<br />\n<br />\n35: 57<br />\n<br />\n36: 26<br />\n<br />\n36:11*<br />\n<br />\n0.5 M<br />\n<br />\n21:02<br />\n<br />\n22:25<br />\n<br />\n21:43*<br />\n<br />\n1 M<br />\n<br />\n7: 05<br />\n<br />\n7: 25<br />\n<br />\n7:15<br />\n<br />\n2 M<br />\n<br />\n2: 57<br />\n<br />\n2: 45<br />\n<br />\n2:52<br />\n<br />\n4 M<br />\n<br />\n0: 36<br />\n<br />\n0: 49<br />\n<br />\n0: 42*<br />\n<br />\n*Rounded down to nearest second<br />\n<br />\nA graph of these results is on the next page<br />\n<br />\nAlthough these results do show trends to a certain extent (e.g. times descend), I can&#039;t analyse the results like this. This is because the different concentrations vary too much, meaning that the differences between each concentration and the preceding one are different depending upon which result you look at (e.g. <br />\n<br />\n0.2M - 0.1M = 0.1M; but 4M - 2M = 2M difference). This is why I have set the &#039;x&#039; axis on my graph 9the concentration), to reflect this, by using a scale, whereby every 10 little squares represents 0.5M.<br />\n<br />\nAnalysis:<br />\n<br />\nThese results show trends, but not in the way I expected them to. The results were pretty accurate, I felt, because apart from one minute at the maximum, the results for each test and its repeat were nearly the same.<br />\n<br />\nThe plot of results on both graphs representing the two tests and the average results all have the same trends, only these results weren&#039;t proportional unlike I predicted them to be. There are basically two proportional lines, involving the points 0.1, 0.2 and 0.5 mole concentrations, and the 1, 2 and 4 mole concentrations. For some strange reason, somewhere between 0.5 and 1 mole concentration, the line&#039;s sharp gradient declines, so it looks as if the reactions doesn&#039;t have the same speed in contrast to the concentration of HCl it&#039;s in.<br />\n<br />\nBecause of this decline being shown in the table, I wasn&#039;t sure whether I had done the experiment correctly. I thought after the first test that the results would turn out to be completely different to show proportionality, but indeed they didn&#039;t. The fact that the two tests were so alike suggested to me that the tests must have been correct, and my prediction as wrong, because it would be unlikely I would make the same mistake twice over a space of three days (the number of days between the lessons), not the mention the time I had used for planning the experiment carefully.<br />\n<br />\nI think that there is a specific concentration, in which the HCl will overpower the amount of magnesium (although this concentration would vary supposing the 3cm I used wasn&#039;t the amount used). This would be because, in simple terms, there would now be more molecules of hydrogen and chlorine than the number of atoms in the magnesium strip. This in turn would mean that not all the molecules of HCl would need to react (collide) with the magnesium, to the extent that all the magnesium would react, and there would therefore be a high chance that all the atoms would react with the acid molecules in a much quicker time. However, this theory may not be correct.<br />\n<br />\nAs far as my individual reaction times are concerned, there were two anomalous results, for the 0.5M and 1M reactions. Perhaps this ties in with my theory in the last paragraph, whereby there is a limit around about 0.5M and 1M acids, where there would be a similar number of Mg and Cl atoms in the solutions to react, therefore making the results for these concentrations (and concentrations between 0.5 and 1M) more unreliable.<br />\n<br />\nSo, I would conclude that the reaction rates get quicker as the concentration of the aqueous solution (in this case HCl) gets higher.<br />\n<br />\nI could back this conclusion up by doing two things. Firstly, I could use my average time graph (graph 1) to work out what time any concentration would take to complete its reaction. This is especially because of the fact that all my results I tested followed a trend. What I can do is to look where any concentration level is in line with the line of best fit, and then I could take this point on the line of best fit and look to see where that point lines up with the time taken. An example is on the next page:<br />\n<br />\nHere you can see that the point indicated as the intersecting point is where the concentration levels and time taken axis&#039; meet on the line of best fit. This is exactly how I could prove my conclusion correct, by taking any concentration, and then test the concentration in the same way as in my method to see if the time taken follows this pattern. If it does, then I could easily prove my conclusion to be correct.<br />\n<br />\nEvaluation:<br />\n<br />\nThe times would have been very unlikely to be the same, particularly under the conditions of the fact that we had a strict time limit of two lessons, including getting the equipment out and clearing it up again. Overall, this was a very tight deadline to meet, and I eventually realised I needed to try and run my first and second tests simultaneously in the second lesson, as I was nearly out of time. This rush could easily have affected my final results in several ways, all because of the rush I was in to get all my results.<br />\n<br />\nThe magnesium floating in the HCl may have been a problem too. I don&#039;t think it would have affected the results much, but because it was floating, not all of the magnesium was in the acid at the same time throughout the reaction, and therefore this may have meant the reaction took longer as it couldn&#039;t react with all of the magnesium straight away.<br />\n<br />\nI could have got over this by poking the Mg down, but that may have affected the results as well. If I were to use a substance that would react with the HCl in ANY way (even if it would be unnoticeable to the naked eye), then the reaction rates would have probably slowed down, because some of the HCl would have reacted with the other substance, leaving less of it to react with the Mg. The other (more obvious) point is that I would have found it hard to poke three pieces of Mg in different test tubes down at once.<br />\n<br />\nThe other way which I could have solved this, would be to make the density of the Mg larger, so that the Mg would sink naturally to the bottom of the test tube. This could have been done either by redoing the tests with more magnesium (a longer strip), or by using less HCl. I would have done this, but the tight time limit meant that I couldn&#039;t redo all the tests that I have already done in time, before realising this.<br />\n<br />\nAnother way my results could have been affected is that because the 0.1 reading took a long time to complete, meaning that I may not have noticed that the reaction had finished straight away. I don&#039;t think this happened, though, so I&#039;m not too worried about this.<br />\n<br />\nFinally, and this occurred in my second test which could indeed explain my ringed faulty result, I admit, time got the better of me and so I didn&#039;t wash out my measuring cylinder out after measuring each concentration of acid. I may have measured smaller concentrations first and these concentrations could have mixed with the one I was using then to not give the mole that I said I was using for this test.<br />\n<br />\nTo get over this problem, I could either have rinsed out the cylinder before measuring each concentration, or even by sharing cylinders with other people, of which each cylinder would only be used for one concentration.<br />\n<br />\nOverall, despite these problems, I don&#039;t think I will have made a bad attempt at the experiment, because the results were similar both times and they did follow a trend on my two graphs.<br />\n<br />\n1"}