{"essay_id": "856185", "essay_title": "Hardy's use of Pathetic Fallacy", "rate": "3 star(s)", "level": "AS and A Level", "subject": "English", "word_count": 998, "submitted": "10/03/2009", "marked_by_teacher": {"teacher_name": "Val Shore", "date": "23/02/2012"}, "essay_url": "http://www.markedbyteachers.com/as-and-a-level/english/hardy-s-use-of-pathetic-fallacy.html", "description": "&quot;In Hardy&#039;s hands, setting is more than mere location - it is a tool for developing both characters and themes.&quot;<br />\n<br />\n Evidence that Hardy chooses his locations for reasons far beyond geographical significance is apparent throughout Tess of the D&#039;Urbervilles.<br />\n<br />\n In Chapter 20 in particular, the natural environment seems to act as a metaphor for Tess&#039; character. The chapter begins &quot;The season developed and matured.&quot; This gives the impression that the surroundings have, at the very least, womanly qualities, and it seems sensible, therefore to apply this to Tess in light of Hardy&#039;s defence of her purity and womanhood. Much of this chapter centres on description and nature, and Tess herself is effortlessly woven into both of these. Hardy uses the metaphor of a river to describe Tess and Angel&#039;s early experiences of one another:<br />\n<br />\n &quot;All the while they were converging, under an irresistible law, as surely as two streams in one vale.&quot; As Tess has already mean shown as a very natural being in previous parts of the novel, this implies that she is drawing Angel towards her in a way that causes him to become more &#039;of nature&#039; as well. Hardy alludes to the idea that this is the beginning of something, commenting on the couple&#039;s forth coming relationship before it has begun:<br />\n<br />\n &quot;The grey half-tones of daybreak are not the grey half-tones of the day&#039;s close, though their degree of shade may be the same.&quot; This seems to capture the feeling of warmth and contentment at the beginning of a love affair. This reappears as a sentiment later in the novel, in the fact that although before Tess&#039; death the couple are brought closer together and feel passion for each other once again, the never seem to recapture the love that they felt when they started out together; as if their courtship and marriage are the passing of just one day, in which Chapter 20 signifies the early morning. This also reiterates Hardy&#039;s message of fate; that Tess&#039; death is as inevitable as the setting of the sun.<br />\n<br />\n Angel&#039;s reification of Tess, later in the chapter, strengthens the idea of Tess being at one with nature: &quot;He called her Artemis, Demeter&quot;. Demeter is the Greek goddess of nature, &#039;the bringer of seasons&#039; and the preserver of marriage and sacred law.<br />\n<br />\n Chapter 47 is very different from this, it describes the &quot;threshing of the last wheat rick at Flint-comb Ash Farm&quot;. There is a strong sense of negativity and hopelessness within this chapter, an effective use of pathetic fallacy illustrating Tess&#039; situation in this part of her life. The chapter also serves to demonstrate one of Hardy&#039;s themes, his disapproval of the mechanisation of the agricultural industry.<br />\n<br />\n Firstly, the negativity of the scene is overwhelming. &quot;The dawn of the March morning is singularly inexpressive, and there is nothing to show where the eastern horizon lies.&quot; This ties together with the repetitive nature of the work, creating a wholly depressing scene. &quot;It was the ceaselessness of the work which tried her severely, and began to make her wish she had ever come to Flintcomb-Ash.&quot; And &quot;For Tess there was no respite; for, as the drum never stopped, the man who fed it could not stop, and she... could not stop either.&quot;<br />\n<br />\n Hardy draws strong comparisons between the threshing machine and the devil, calling it &quot;the red tyrant the women had come to serve&quot;.<br />\n<br />\n However it is not always the machinery itself that Hardy resents, there is also a lengthy description of the engineer who operates the thresher within Chapter 47. He is described as being &quot;in the agricultural world, but not of it.&quot; And &quot;hardly perceiving the scenes around him, and caring for them not at all.&quot; This comes across as almost an offence when compared with Hardy&#039;s other characters, as well as Hardy himself, who relish the landscape of Wessex and are extremely thankful for and protective of it. Hardy also mentions brief dialogues between this man and the others, in which he calls the workers &quot;autochthonous idlers&quot; this makes it clear that the workers are specifically of that area, and have not moved from it, highlighting the fact that the engineer is not &quot;native&quot;, and implying that his very presence mars the purity of the landscape, similarly to the way in which Tess&#039; past spoils her own purity.<br />\n<br />\n Another chapter that I feel demonstrates Hardy&#039;s use of pathetic fallacy is Chapter 58. In this section of the novel, Angel and Tess are on the run from the law after Tess murders Alec. The tone of the chapter is largely fatalistic; there is a sense of the inevitability of Tess&#039; capture, even before it happens.<br />\n<br />\n &quot;All around was open loneliness and black solitude, over which a stiff breeze blew.&quot; There is almost an air of horror when they reach Stonehenge, as if it were foreshadowing the nature of Tess&#039; forthcoming death.<br />\n<br />\n Even Tess acknowledges the irony of her presence with the druid temple: &quot;you used to say at Talbothays that I was a heathen. So now I am home.&quot; This seems as if some intervention has caused Tess to happen upon the place that many people would believe (especially within the historically context of the novel) is fitting for her.<br />\n<br />\n While Tess sleeps, Angel contemplates the location: &quot;The band of silver paleness along the east horizon made even the distant parts of the Great Plain seem dark and near&quot;.<br />\n<br />\n The threatening disposition of the environment creates a sense of foreboding directly before Angel learns Tess&#039; fate. This setting bears little resemblance to the biblical locations previously in the novel, such as the Garden of Eden, Heaven or Hell, there is a distinct feeling that there is some kind of presence here. Is Hardy painting the image of a limbo-type place for Tess, as she is no longer pure enough for Heaven, but he cannot bear to condemn her to hell?<br />\n<br />\n??<br />\n<br />\n??<br />\n<br />\n??<br />\n<br />\n??<br />\n<br />\nSophie Miller English Literature Block 5"}