{"essay_id": "861753", "essay_title": "Compare the two chapters which describe the creation of Frankenstein(TM)s monster.", "rate": "4 star(s)", "level": "GCSE", "subject": "English", "word_count": 2181, "submitted": "14/04/2009", "marked_by_teacher": {"teacher_name": "Katie Dixon", "date": "29/04/2012"}, "essay_url": "http://www.markedbyteachers.com/gcse/english/compare-the-two-chapters-which-describe-the-creation-of-frankenstein-a-tm-s-monster.html", "description": "Compare the two chapters which describe the creation of Frankenstein&#039;s monster.<br />\n<br />\nWhy does Mary Shelley give us both points of view?<br />\n<br />\n Mary Shelley began writing Frankenstein; or the Modern Prometheus in the year of 1816 during the early phase of the industrial revolution. The anecdote of scientific discovery was first emancipated to the public in 1818. After thorough reading of the gothic novel I will pen an essay analysing the similarities and differences of two chapters (5 and 11) which describe the creation of the monster. My essay will include a conclusion as to why Shelley gives her readers both points of view.<br />\n<br />\n The novels subtitle &#039;The Modern Prometheus&#039; is a reference to Greek mythology. Prometheus in one version was the titan who created mankind (which Victor attempts to do in Shelley&#039;s novel). In another version Prometheus was viciously punished by Zeus for providing man with fire. Prometheus was fastened to a rock where his liver would be continually devoured by a predatory bird. Both could be related to Shelley&#039;s novel and throughout my essay I will prove this.<br />\n<br />\n Mary Wollstonecraft Shelley was born in 1797 in the tow of Somers, in Great Britain. Her mother Mary Wollstonecraft (author and feminist) unfortunately died as the result of Mary&#039;s birth. Her father and resented stepmother cared for her. In the year 1813 Mary Shelley&#039;s luck changed; she met a poet by the name of Percy Bysshe Shelley. Three years later in the year of 1816 they travelled to Geneva where Percy and Mary and two friends conjured an idea to pen a ghost story. Mary&#039;s Frankenstein was the only one to ever be published! Mary&#039;s final years with her husband were filled with pure disaster. Mary&#039;s half sister died along with two of her own children. Only Mary&#039;s son Percy survived out of all of her children. Her husband Percy died in 1822. All of these tragedies in Shelley&#039;s life could be related to her novel in the respect that her family&#039;s deaths could be related to Victors for example their siblings and mothers. <br />\n<br />\n Within Shelley&#039;s text there is a substantial amount of social and historical context: mostly linked to scientific discovery. In the early nineteenth century, there was a lot of scientific discovery taking place; this links direct to Shelley&#039;s novel. Another is the hanging of Justine Moritz. Prior to her hanging there was no investigation; unlike today where it would take months maybe even years for a final verdict to be made. People in society believed that if they disagreed with the government, they would be the ones to suffer.<br />\n<br />\n Shelley&#039;s protagonist is Victor Frankenstein a professor: not the monster many people believe Frankenstein to be. Victor is a scientist trying desperately to fulfil his ambition of recreating life. The monster, although believed to be evil is actually just a creature longing to be loved. He portrays this desperation of companionship by asking his creator (Victor) to create him a &#039;female friend&#039;, he also shows his love for others by helping the DeLacey family who are very disadvantaged. The monster is not born evil; he learnt to be from the people who turned their backs on him when he was most in need. The monster was left alone in the cruel world to fend for himself against the prejudice world that surrounded him.<br />\n<br />\n There are a variety of ways in which the story can be interpreted. It is as if Shelley has tried to allow the reader to see her intentions from a variety of perspectives. One could be that from a psychological point of view. Frankenstein could be referred to as a psychological tale as people in those days continued to push themselves into achieving their ambitions: against the run of reality. Captain Walton could be used as the character that does this. He fights hard to achieve his ambition of finding the passage to the North Pole; aware that no other being had been able to achieve this. Walton&#039;s story could be compared to John Ross&#039; attempt to discover the North West passage in 1818. This was his first attempt and it ended in him having to abort his ambition due to him hallucinating. However he tried again, but this time the consequences were a lot worse: this ended in him becoming captivated in the ice for four years. His ambition had troubled consequences just like Frankensteins. Both Ross&#039; attempt and the books publish date were both in the year of 1818: could it be that society in those days had ambitions substantially farfetched to those which could be achieved.<br />\n<br />\nAnother interpretation could be a social tale of a failed parent child relationship. The parent being Victor and the child the monster. As soon as Victor creates his &#039;son&#039; he immediately rejects him: portraying the themes of prejudice and rejection. Victor fails to fulfil his role as guardian to the monster; denying the monster of his needs. It is as if Shelley is trying to put across her own personal experiences: as though she felt that she had failed her children whom sadly passed away soon after birth.<br />\n<br />\n Shelley&#039;s structure of Frankenstein is very different to that of a &#039;normal&#039; novel. Shelley uses layering extremely effectively beginning near the end of the story where Victor&#039;s death is imminent. I believe she does this to add a sense of the reader unravelling a mysterious myth. Shelley uses three narrators in her novel. There is Captain Walton: who begins and ends the story. Frankenstein along with the monster each tells their version of events. I think this interests Shelley&#039;s readers; with narrating the novel this way the readers most interested in the emotional truth rather than the facts. <br />\n<br />\n Shelley begins and ends her novel with Captain Walton to frame his text, with an objective voice; which the reader is able to relate to. Shelley tries to portray Walton&#039;s actions throughout his narrative as the &#039;right&#039; within the story. He realises the danger in his ambition and the extreme consequences desire and obsession could result in; using Victor&#039;s ambition as an example. Shelley tries to show how people should learn from others mistakes. It is clear to see the changes in the objectives intentions because he has seen the outcome of Victor&#039;s ambition; therefore he abandons his own in hope he does not meet a tragic end like Victor. <br />\n<br />\n Frankenstein can be referred to as a Gothic novel. Gothic novels have a strong plot of supernatural occurrences often there to evoke terror to the reader. The main protagonist usually has an egocentrical nature. <br />\n<br />\n Within Frankenstein isolation of the two main characters is portrayed by nature. The glacial Alps and the frosty arctic do this.<br />\n<br />\n Shelley uses recent discoveries of her time to create her novel. She uses the new discovery of electricity (which its concepts lead to the galvanisation process which was said to be the key to instigating life) it is this that animates the monster.<br />\n<br />\n Chapter 5 is the chapter where Frankenstein describes the night on which his creation first drew breath. The chapter then moves to Victor meeting his good friend Henry Clerval, who sees the poor state Victor is in: Henry nurses Victor through his downfall. There are a lot of themes which run parallel in this chapter two of them being prejudice and regret. Both themes are portrayed by Victor Frankenstein in conjunction to his creation.<br />\n<br />\n Victor is sickened by the &#039;lifeless thing&#039; which he had created. He describes the monsters features as &#039;beautiful&#039; however immediately after he contradicts himself realising he could not be more wrong. It is as if Shelley is implying that he has overcome his obsession: with fear which now filled his body. Frankenstein portrays his fear by fleeing from the &#039;yellow skinned&#039; &#039;catastrophe&#039; twice. One flee occurs as the being first draws breath, Victor is in denial of his &#039;son&#039; and does not wish to take responsibility for him. His fear is due to his prejudice thoughts; he believed that because his creation looked &#039;evil&#039; he thought the monster would automatically be like that on the inside. Frankensteins second exit of his creation occurred that very same night. Victor awoke and &#039;beheld the wretch&#039; and then &#039;escaped and rushed downstairs&#039;: this shows Victors fear and regret towards the monster. Shelley&#039;s use of language in chapter 5 is very effective. Shelley creates a setting that is gloomy and miserable. She does this by using phrases such as &#039;morning dismal and wet&#039; and &#039;black and comfortless sky&#039; to emphasise what could be argued as a hidden message. It is as is if Shelley is portraying Victor&#039;s emotion in her setting the scene. It could be argued that Shelley wishes to show the correlation between the two.<br />\n<br />\n Chapter 11 consists of many important events for the monster. It consists of him discovering his senses, being onslaughted by villagers and him coming into contact with his first feeling of happiness(when he sees the DeLacey family). When he first discovers his senses <br />\n<br />\n&#039;I saw, felt, heard and smelt&#039; it is as if Shelley wishes for the reader to sympathise with him as if he were a baby, beginning to understand the capability and functions of different parts of himself.<br />\n<br />\n Also there is the brutal attack in which the monster is badly injured.<br />\n<br />\n&#039;Some attacked me, until, grievously bruised by stones and many other kinds of missile weapons&#039;<br />\n<br />\nThis particular part of the novel portrays the theme of prejudice. As soon as the villagers see the monster they automatically assume him to be a danger to them. It could be argued that Shelley is trying to unearth the hidden truth behind prejudice in the world. It is as if she is trying to portray a strong opinion of &#039;don&#039;t judge a book by its cover&#039;. In Shelley&#039;s case &#039;don&#039;t judge the monster by his looks&#039;.<br />\n<br />\n The monster in this chapter learns that love is all he longs for. He learns of this from watching the DeLacey family<br />\n<br />\n&#039;Did not put a stop to the pleasure I experienced in watching my human neighbours&#039; It is also as if from this statement that he does not class himself as human, as though it is &#039;him&#039; and &#039;them&#039; instead of &#039;us&#039;.<br />\n<br />\n In comparison to chapter 5 they both pose correlation to the weather and emotion. In chapter 5 Victor is feeling dismal and gloomy caused by his disappointment. Shelley in correlation to this uses phrases such as &#039;the rain pattered dismally&#039; and &#039;comfortless sky&#039; to show the link between the two. Shelley uses this throughout chapter 11 also. The monster is feeling alone, cold and frightened. The fact that he describes how &#039;darkness&#039; came over him with the &#039;bright moon&#039; being his only companion also refers to this. Another similarity in the chapters is the use of the word &#039;wretch&#039;. Victor uses this particular name to describe his creation &#039;I beheld the wretch- the miserable monster&#039;. The monster also uses this to describe himself. I was a poor, helpless, miserable wretch&#039; it is as if Shelley is trying to imply how two characters whom appear so different can think the same thing. <br />\n<br />\n It could be argued that Shelley&#039;s novel is like a science experiment: not just a tale of science. The monster could be the oil and Frankenstein the water. The two although similar do not mix. It is not until the emulsifier is added (Walton) that the two&#039;s repelling ways begin to stop, and both sides (of the story) can be mixed. It is as if the oil and water portray good and evil although no-body knows which the evil was: was it Victor&#039;s ambition or the prejudice which forced the monster into his actions.<br />\n<br />\n Mary Shelley enables the readers the chance to hear both points of view in order for them to have a clear understanding of the story. Without both sides the novel would obviously be biased with an inevitable outcome, no tension, and absolutely no emotional relations for the reader to empathise with. The novel entices the reader because of its argument enabling the reader to conjure their own conclusion whilst learning new facts which may change what they think. It is a good way to involve the readers&#039; imagination.<br />\n<br />\n In conclusion to my essay I have found that Shelley&#039;s choice of structure, plot and narrative are very good choices and are extremely effective when it comes to the reader empathising with individual characters.<br />\n<br />\n Within Shelley&#039;s novel she uses effective vocabulary to entice the reader and provide them with messages relevant to life as a whole. One extremely effective message is that from Victor.<br />\n<br />\n&#039;Learn from my miseries and do not seek to increase your own&#039; it is as if Shelley wishes for the reader to relate to him. Shelley wants her readers to do exactly what she penned about Victor. &#039;Obsession gets you nowhere its desire for love that&#039;s strongest&#039;<br />\n<br />\nHayley Anstee "}