{"essay_id": "868100", "essay_title": "Psychology the factors of Smoking", "rate": "4 star(s)", "level": "AS and A Level", "subject": "Psychology", "word_count": 1139, "submitted": "05/06/2009", "marked_by_teacher": {"teacher_name": "Stepahie Porras", "date": "26/03/2013"}, "essay_url": "http://www.markedbyteachers.com/as-and-a-level/psychology/psychology-the-factors-of-smoking.html", "description": " Psychology Assignment 1<br />\n<br />\nDescribe &amp; discuss how each psychological perspective explains smoking using empirical evidence to support your answer.<br />\n<br />\nIntroduction<br />\n<br />\nThis assignment is to explain the effects of smoking in each of the five different perspectives. Psychodynamic, Behaviourist, Humanistic, Cognitive and Biological perspective.<br />\n<br />\nPsychodynamic Perspective<br />\n<br />\nThe oral stage is the first of Freud&#039;s psychosexual stages, in which it explains the infant&#039;s development during the first year of their life, during which the infant focuses on satisfying hunger orally. Sigmund Freud believed that during this stage of development the person can become either fixated/relative in the oral stage of development, the mouth is the focus of the libido. In which an infant&#039;s sexual pleasure and comfort centres on sucking, chewing, biting and accepting things into the mouth during this psychodynamic stage. Infants are naturally and adapted in the oral stage from birth, but if the mother weaned too early or too late; this may fail to be resolved later in life. This can then lead to oral fixation; these people such as smokers may then constantly &quot;hunger&quot; for activities involving the mouth (Sigmund Freud gross).<br />\n<br />\nThe psychodynamic explanation for smoking is when a child has been over indulged in the oral stage they tend to be oral fixated in this particular stage which can dominate them as adults later in life in the form of smoking, (wanting to pleasure the mouth with a cigarette). This theory can be supported by evidence to back this up but it still does not explain why some people who are oral fixated do not smoke when they are in adulthood this can be seen as a limitation of the psychodynamic perspective. <br />\n<br />\nBehaviourist Perspective<br />\n<br />\nAn individual can learn behaviour by observing others for example a child watching their parents smoke can learn this behaviour by becoming a smoker themselves, this is known as social learning theory (Bandura 1965)<br />\n<br />\nIndividuals are often reinforced for modelling the behaviour of others Bandura suggested (1965) that the environment also reinforces modeling. This happens in several possible ways: The individual is reinforced by the model. For example a student who smokes to fit in with a certain group of students has a strong likelihood of being accepted and thus reinforced by that group this is seen as positive reinforcement. An opposite effect is an individual gets laughed at for smoking in a group of students and stops smoking this is punishment.<br />\n<br />\nStrengths of this theory are that it makes sense that an individual can copy the behaviour of others by positive reinforcement to fit in to the social circle it is a highly testable theory and can be easy set up (Bandura 1956). A limitation of smoking in this behaviour is that some individuals will grow up and find smoking and its behaviour repulsive, this could have been caused by a parent dying or getting very ill. So they will find any smoking behaviour disgusting.<br />\n<br />\nCognitive approach<br />\n<br />\nThe Cognitive Approach in psychology is a very up-to-date and modern approach to human behaviour in psychology. It focuses on how we think, with the belief that these thought processes affect the way in which we behave throughout our day to day life.<br />\n<br />\nWe as individuals our minds work just like computers encoding information and storing information, we then process the information as an output for example.<br />\n<br />\nInformation processing approach <br />\n<br />\nSo in this instance the individual decides to smoke for social reason, which could be either to fit into the group and be accepted or look cool or it could be both. This however is all made up in the mind and cognitive psychologists believe our thoughts influence our behaviour, this is received by perception. A group of people will see the same stimulus (Smoking); however each person&#039;s response to the stimulus is different. <br />\n<br />\nOther reason why people choose to smoke is due to the fact that they think after having a cigarette they think they will feel better and more positive.<br />\n<br />\nLimitation is that it is subjective its hard to measure thoughts it can not be measured. Another limitation is that behaviourists argued that &#039;attention&#039; was unobservable. And that people can not be compared to computers this is Mechanistic <br />\n<br />\nBiological approach<br />\n<br />\nSmokers find their body craves nicotine and they find in hard to give up because it so addictive. Their biological needs make them need too smoke for example when you are stressed or anxious you body feels that if you smoke you will feel better. It is also found that their addiction to the nicotine will also change them psychologically for the worse, they will commit crimes to pay for cigarettes and then neglect their social roles (Hemmersley 1999).<br />\n<br />\nDarwin&#039;s theory (1859) &quot;On the origin of species by means of natural selection.&quot; And the importance of natural selection can be hindered when an individual smokes because the process of natural selection has failed because you might find the individual attractive but if they smoke you won&#039;t select them to be your mate. So smoking can make an individual more attractive if you are a smoker and unattractive if you don&#039;t smoke.<br />\n<br />\nStrength of this approach is that it&#039;s very scientific and it can be proven .that smokers smoke because their body craves the drive that nicotine has on how they feel, they become addicted to the drug (Hammersley 1999). Addicts are compelled by a physiological need to continue taking the drug, experience physical and psychological symptoms when trying to stop. A limitation in this approach does not leave room for the cognitive process. This approach is seen as being deterministic behaviour is determined by our biology its also falsifiable and objective <br />\n<br />\nHumanistic approach<br />\n<br />\nThey believe that an individual&#039;s behaviour is connected to their inner feelings and self image. So smokers smoke to feel good and are part of their self actualisation process. This is their unique desire to achieve their highest potential as individuals from Abraham Maslow&#039;s (1908 - 1970) hierarchy of needs.<br />\n<br />\nSo being accepted as a smoker is an unconditional positive regard and a conditional positive regard is where if you start to smoke you then and only then be accepted for who you are both of these regards will assist the individual in self worth and in happiness and help them on the journey to self actualisation.<br />\n<br />\nStrength of this approach is that it is all based on an individual&#039;s free will and we are unique and individual. A limitation is that not smoking is not in everyone&#039;s list of hierarchy of needs and won&#039;t lead them to self-actualisation (Maslow 1954). This approach is too subjective and lacks scientific research to support its ideas.<br />\n<br />\nReferences<br />\n<br />\nBooks used<br />\n<br />\nGross.R, (2005), Psychology The science of mind and behaviour, Fifth Edition, Green Gate Publishing, Hodder Arnold, London "}