{"essay_id": "870361", "essay_title": "French - A Past Holiday", "rate": "5 star(s)", "level": "GCSE", "subject": "Modern Foreign Languages", "word_count": 580, "submitted": "05/07/2009", "marked_by_teacher": {"teacher_name": "Sarah Benson", "date": "04/04/2013"}, "essay_url": "http://www.markedbyteachers.com/gcse/modern-foreign-languages/french-a-past-holiday.html", "description": "Les Vacances Derni\u00ef\u00bf\u00bdres<br />\n<br />\nQuand j&#039;\u00ef\u00bf\u00bdtais petit, j&#039;allais au bord de la mer chaque ann\u00ef\u00bf\u00bde avec ma famille. En outre, quelquefois nous visitions des villes aussi. Je ne l&#039;ai jamais aim\u00ef\u00bf\u00bd et je pr\u00ef\u00bf\u00bdf\u00ef\u00bf\u00bdrais jouer \u00ef\u00bf\u00bd la plage ou nager dans la mer. Maintenant, parce que je suis plus ag\u00ef\u00bf\u00bd, je vais aussi en vacances avec mes amis. Les grandes vacances derni\u00ef\u00bf\u00bdres, avant que j&#039;allasse en vacances avec ma famille, je suis all\u00ef\u00bf\u00bd au nord du pays de Galles pour une semaine pour faire du camping avec mes amis. J&#039;aurais pr\u00ef\u00bf\u00bdf\u00ef\u00bf\u00bdr\u00ef\u00bf\u00bd aller pour deux semaines, mais il n&#039;y avait pas assez de temps. J&#039;adore le camping et je le fais souvent. <br />\n<br />\nMes amis et moi, nous sommes all\u00ef\u00bf\u00bds au pays de Galles en autobus. Le voyage, c&#039;\u00ef\u00bf\u00bdtait nul car il nous a fallu cinq heures pour arriver l\u00ef\u00bf\u00bd-bas \u00ef\u00bf\u00bd cause des travaux. En voyagant, nous avons jou\u00ef\u00bf\u00bd aux cartes pour passer le temps. Quand nous sommes arriv\u00ef\u00bf\u00bds, tout le monde \u00ef\u00bf\u00bdtait fatigu\u00ef\u00bf\u00bd. <br />\n<br />\nPendant la semaine, il faisait chaud et il y avait du soleil tous les jours. C&#039;\u00ef\u00bf\u00bdtait heureusement parce que nous dormions sous la tente. Mes amis et moi, nous nagions et nous nous bronzions \u00ef\u00bf\u00bd la plage. Les soirs, nous avons provoqu\u00ef\u00bf\u00bd un feu pour cuisiner. Apr\u00ef\u00bf\u00bds que nous ayions mang\u00ef\u00bf\u00bd, nous avons jou\u00ef\u00bf\u00bd aux jeux. Un jour, apr\u00ef\u00bf\u00bds avoir rendu visite au ch\u00ef\u00bf\u00bdteau de &quot;Criccieth&quot;, nous avons fait du surf et fait du b\u00ef\u00bf\u00bdteau. C&#039;\u00ef\u00bf\u00bdtait la premi\u00ef\u00bf\u00bdre fois de ma vie et je ne l&#039;ai pas fait specialement bien mais, n\u00ef\u00bf\u00bdanmoins, je trouve que c&#039;\u00ef\u00bf\u00bdtait chouette. Je voudrais l&#039;essayer encore une fois. Le soir, avant de nous coucher, nous avons appris un peu de gallois. Personne n&#039;\u00ef\u00bf\u00bdtait tr\u00ef\u00bf\u00bds bien car c&#039;est difficile. <br />\n<br />\nTandis que j&#039;\u00ef\u00bf\u00bdtais au pays du Galles, ma soeur \u00ef\u00bf\u00bdtait en vacances avec mes parents. Ils sont rest\u00ef\u00bf\u00bds dans une maison de campagne pr\u00ef\u00bf\u00bds de &quot;Stratford&quot; pour une semaine. Ils y sont all\u00ef\u00bf\u00bds en voiture. Quant \u00ef\u00bf\u00bd ma soeur, \u00ef\u00bf\u00bd son avis le voyage c&#039;\u00ef\u00bf\u00bdtait affreux car elle avait mal au coeur. Pendant la semaine, ma soeur et mes parents faisaient du v\u00ef\u00bf\u00bdlo tous les jours mais, \u00ef\u00bf\u00bd la fin de la semaine, malheureusement, ils ont eu mal aux derri\u00ef\u00bf\u00bdres! Apr\u00ef\u00bf\u00bds avoir visit\u00ef\u00bf\u00bd le ch\u00ef\u00bf\u00bdteau de &quot;Warwick&quot;, ils ont rendu visite \u00ef\u00bf\u00bd &quot;Stratford&quot; pour aller au th\u00ef\u00bf\u00bd\u00ef\u00bf\u00bdtre o\u00ef\u00bf\u00bd on a vu &quot;Twelfth Night&quot;. Selon mon p\u00ef\u00bf\u00bdre, il croit que c&#039;\u00ef\u00bf\u00bdtait vraiment tr\u00ef\u00bf\u00bds chouette!<br />\n<br />\nJe me suis bien amus\u00ef\u00bf\u00bd l&#039;\u00ef\u00bf\u00bdt\u00ef\u00bf\u00bd dernier et je ne peux pas attendre pour les vacances procha\u00ef\u00bf\u00bdnes quand j&#039;ai l&#039;intention d&#039;aller \u00ef\u00bf\u00bd beacoup d&#039;endroits. J&#039;esp\u00ef\u00bf\u00bdre aller en France avec ma famille o\u00ef\u00bf\u00bd on pourrait voyager en b\u00ef\u00bf\u00bdteau sur le Canal du Midi. Nous pourrions manger la cuisine fran\u00ef\u00bf\u00bdaise et voir les attractions. Bien que mes parents voulussent le faire avant, ma soeur et moi, nous \u00ef\u00bf\u00bdtions trop petits.<br />\n<br />\nJe vais aller aussi au &quot;Centerparcs&quot; parce que quand nous l&#039;avons visit\u00ef\u00bf\u00bd avant, la piscine \u00ef\u00bf\u00bdtait tr\u00ef\u00bf\u00bds super et moi et ma soeur, nous nous sommes tr\u00ef\u00bf\u00bds bien amus\u00ef\u00bf\u00bds. Quant \u00ef\u00bf\u00bd mes parents, ils ont \u00ef\u00bf\u00bdt\u00ef\u00bf\u00bd la m\u00ef\u00bf\u00bdme, ils ont aim\u00ef\u00bf\u00bd la piscine et aussi, jouer au badminton et au tennis.<br />\n<br />\nSi je gagnais \u00ef\u00bf\u00bd la lotterie, j&#039;irais en vacances avec ma famille \u00ef\u00bf\u00bd quelque part exotique. Cependant, je donnerais aussi quelque argent \u00ef\u00bf\u00bd mes parents, mes grand-parents et ma soeur. Enfin, j&#039;acheterais une maison et une voiture."}