{"essay_id": "873919", "essay_title": "Pro-Natalist China's population policy", "rate": "4 star(s)", "level": "International Baccalaureate", "subject": "Geography", "word_count": 1419, "submitted": "16/09/2009", "marked_by_teacher": {"teacher_name": "Eleanor Wilson", "date": "01/12/2012"}, "essay_url": "http://www.markedbyteachers.com/international-baccalaureate/geography/pro-natalist-china-s-population-policy-2.html", "description": "Introduction:<br />\n<br />\nChina has the largest world population, and with most of its cities densely populated. It has a policy which is most recognizable globally, as it is the most rigid compared to any other countries, this policy admits only one child per couple, and due to this fact it is named as &quot;One Child Policy.&quot; s<br />\n<br />\nBackground information on the Population:<br />\n<br />\nWhat was the problem?<br />\n<br />\nDue to the high fertility rate, numerous disasters such as pressure on resources (water, food, medical care, and housing) and a virus such as SARS will not spread as fast if the population in China declines. <br />\n<br />\nCauses of High Fertility rate:<br />\n<br />\nBefore 1949, before the communists came into power, china was at stage 1 of demographic transition model, and had between 5-8 children per family. By the time, birth rate, death rate, infant mortality rate were all relatively high, and with a low life expectancy. This shows that the population was increasing at an extremely slow rate. Consequently, large families were encouraged, as the government followed a pro-natalistic population policy. <br />\n<br />\n10 years later in 1960, there was a dramatic increase in population with approximately 100 million people more; this determined a change in demographic transition model from first to second stage. In addition, as a result, there were improvements made in some medical services. <br />\n<br />\nDue to the death of Mao in 1976, the government decided to advocate voluntary population control to reduce the enormous birth rate. As China began to advice about limiting family sizes and informing the need of birth control, there was a decrease in population in the following years. <br />\n<br />\nWhat was introduced? <br />\n<br />\n&#039;One Child Policy&#039; was then introduced by 1980. This policy provided benefits for couples which had only one child, therefore requires sterilization for couples with two children, and abortion for pregnant women who have no authorities. <br />\n<br />\nPolicy Goals:<br />\n<br />\nMain goal: <br />\n<br />\nThe main goal of the policy is to reduce the number of children that is being born per woman. This is due to the reason that, Chinese population is growing and in a few years time the population will be so high that there could be a severe shortage in food which could lead to starvation<br />\n<br />\nEvident from Chinese government, the statistic shows that by 1980&#039;s, birth control abortion, and sterilization were averaged in more than 30 million per year. This large number illustrates the fact that, if there was no policy established, the real population would have increased by 30 million per year, resulting a problem of overcrowded cities and social problems. <br />\n<br />\nMethods to achieve the goals:<br />\n<br />\nThere are numerous methods used by the policy to insure that the population is controlled. Firstly the methods are divided in punishments and benefits given to the couple and child. <br />\n<br />\nPunishment: <br />\n<br />\nThe punishments: <br />\n<br />\nDifferent punishments are given vary from rural and urban areas. Penalties for rural couples include loss of government land grants, food, loans and farming supplies. For workers in urban areas, the punishments are a fine on a percentage of their income, usually between 20% and 50% of annual salary. <br />\n<br />\nBenefits:<br />\n<br />\nThe advantages of following the policy is that ,incentives will be given by the government include additional health care subsidies, priority health care, priority housing allocation, priority in educational provision, extra land for private farming and extra food rations. <br />\n<br />\nIn addition, every worker which applies the One Child Policy receives a financial bonus. Nevertheless, If parents have a second child whether accidentally or in purpose, all the privileges that have been given are taken out. <br />\n<br />\nExceptions considered by the government:<br />\n<br />\nSome exceptions are applied to Families living in rural areas, which may have two children since these children will be part of the farming work force.<br />\n<br />\nAlso, another exception was applied in 1995 to couples which are single child, if any couple has this characteristic they may have a second child. <br />\n<br />\nThe Chinese government also take into account that, If the first child who is born is unable to work because of mental or physical problems, the couple is able to have a second child. Moreover, In the rural areas, couples with real difficulties economically may have a second child as well. <br />\n<br />\nEvaluating The policy:<br />\n<br />\nAchievement in Goals:<br />\n<br />\nThe results of the policy have been successful. The rate of birth rate has plummeted from 6 to 1.8. And the Risk of epidemics, slums, overwhelmed social services and strain on the ecosystem has been avoided.<br />\n<br />\nNegative consequences:<br />\n<br />\nThere also have been consequences in the policy. In 1983, family planning work teams carried out 21 million sterilizations, 18 IUD insertions, and 14 million abortions. There were concerns about children who were born and grew up without brothers or sisters, where becoming spoiled and selfish, since they never experienced the chance of having brothers or sisters and share different things with them. On the other hand, the concepts of &quot;uncle&quot;, &quot;aunt&quot;, &quot;cousins&quot; had disappeared along with &quot;sister&quot; and &quot;brother&quot;. Also, due to the fact that only one child is allowed, in rural areas many baby girls are killed, as the reason that boys tend to be a better worker in farms. Furthermore, one child policy which has reduced the infant fertility dramatically caused the problem of high older dependent population.<br />\n<br />\n* Demographic structure: Dependency ratio: The negative effect of one child policy will be that there are not enough children to support the ageing population. Moreover, there will be a large rise in health care costs because of a lower percentage of the working-age population. The percentage of elderly people in China is predicted to triple from 8% to 24%, between 2006 and 2050. (Shown from the sources below) Also, one child is now expected to provide for 6 adults as the population for children starts declining. <br />\n<br />\nPopulation Pyramids, China: 2000 and 2050<br />\n<br />\n2000<br />\n<br />\n2050<br />\n<br />\nSource: World Population Prospects: The 2004 Revision (2005)<br />\n<br />\nPercentage of Older Adults (Age 65+) in China, 1950-2050<br />\n<br />\nSource: World Population Prospects: The 2004 Revision (2005).<br />\n<br />\n* Gender Selection:<br />\n<br />\nThis table shows the Infant mortality in China by sex.<br />\n<br />\nYear<br />\n<br />\n1973-75<br />\n<br />\n1981<br />\n<br />\n1987<br />\n<br />\n1990<br />\n<br />\n2000<br />\n<br />\nBoys<br />\n<br />\nGirls<br />\n<br />\nBoth sexes<br />\n<br />\n48.9<br />\n<br />\n42.8<br />\n<br />\n-<br />\n<br />\n38.7<br />\n<br />\n36.7<br />\n<br />\n37.7<br />\n<br />\n39.9<br />\n<br />\n40.8<br />\n<br />\n40.3<br />\n<br />\n25.5<br />\n<br />\n29.4<br />\n<br />\n27.3<br />\n<br />\n26.5<br />\n<br />\n38.9<br />\n<br />\n32.2<br />\n<br />\nRatio G/B<br />\n<br />\n0.88<br />\n<br />\n0.95<br />\n<br />\n1.02<br />\n<br />\n1.15<br />\n<br />\n1.46<br />\n<br />\nThe graph exhibits that, more boys than girls are being born, after the one child policy has been established. This shows that, if the female to male ratio does not change, then by 2040, there will be 30 million men at the age of marriage unable to find wives. As a consequence, social problems could have been brought up. In order to solve this problem, a proper social security system should be implied, to make couples in rural areas feel they do not need to rely everyone on their sons when they get old.<br />\n<br />\n* Civil Rights:<br />\n<br />\nChina&#039;s one child policy is considered immoral and ineffective by many people. Women are the ones who are mainly affected by this Policy, especially with young female who wants to have 2 children, but cannot afford it. Many lower classes females in China have no choice, and become pregnant by accident, and the consequences of this is to have abortion with unwillingness. On ther other hand, some women will go and hide to have their child away from the Chinese government, and this is when matters start to become serious. <br />\n<br />\nMoreover, Basic Human rights are violated, and atrocities such as forced abortion, female infanticide, abandonment, sex-selective abortions and forced sterilization occur. On a moral aspect of the situation, it shows that these things are morally and brutally wrong. Therefore, despite the fact that it is causing immorality, the need to reducing the population is inevitable.<br />\n<br />\nPositive Consequences:<br />\n<br />\nDespite the fact this policies has created many issues, there are some benefits from this Policy. Children in urban areas are benefiting from the one child policy; with no sibling competition they have a better education, a greater amount of attention. The parents have very high expectation for their children and therefore encouraging them to excel in school and in extracurricular activities. But this increased pressure on the children has caused some to commit suicide.<br />\n<br />\nChildren in rural areas benefit as well, the policy has permitted children to go to school and receive a good education. The fertility rate has helped reduce the population size, therefore avoiding or reducing certain sever problems, epidemics, slums, overwhelmed social services and strain on the ecosystem.<br />\n<br />\n??<br />\n<br />\n??<br />\n<br />\n??<br />\n<br />\n??"}