{"essay_id": "877485", "essay_title": "For my Travel and Tourism coursework I have chosen Marbella as my European destination", "rate": "4 star(s)", "level": "AS and A Level", "subject": "Geography", "word_count": 2710, "submitted": "28/10/2009", "marked_by_teacher": {"teacher_name": "Katie Price", "date": "05/04/2013"}, "essay_url": "http://www.markedbyteachers.com/as-and-a-level/geography/for-my-travel-and-tourism-coursework-i-have-chosen-marbella-as-my-european-destination.html", "description": "AO1 - Marbella<br />\n<br />\nRonda is a beautiful town that lies within the Serran\u00ef\u00bf\u00bda de Ronda mountain range 48km away from Marbella at an altitude of 739 meters. The town is split into two different sections by a 100 meter deep gorge called El Tajo and is joined by the Puente Nuevo (which stands for New Bridge). The bridge was built in 1751 and took a total of 42 years to build; this is a key tourist attraction that brings many tourists to Ronda year in year out. Iglesia Mayor de la Encarnacion is a historical church in Marbella that was originally built in 1505, however most of the building was raised in 1712 and is now claimed to be the city&#039;s most important church which makes it popular for tourist visits. Alcazaba Wall (Marbella town&#039;s castle) and the 16th century town hall in the centre of town are two of Marbella&#039;s nicest buildings; these are opened up for visits and excursions and therefore help to attract more tourists to the area. Constitution Park, La Alameda Park and Arroyo de la Represa are three of Marbella&#039;s main local parks. Constitution Park which was once a garden of private residence is now used for concerts and plays throughout the summer whereas the Alameda Park and Arroyo de la Represa park are mainly used by the old Spanish locals and tourists to relax and talk in the quiet tropical gardens. <br />\n<br />\nFor my Travel and Tourism coursework I have chosen Marbella as my European destination because I have been to the region several times with friends and family and because it is one of the most popular European Mediterranean destinations that I am interested in.<br />\n<br />\n Marbella is situated in the Costa del Sol, the Costa del Sol stretches from Almeria to Tarifa. The Costa del Sol is a densely populated coast of Andaluc\u00ef\u00bf\u00bda. It stretches along just over 150 kilometers of Malaga province and is one of Spain&#039;s most popular tourist destinations. All year round, people favor its row of fine, sandy beaches and calm Mediterranean waters. The area&#039;s mild climate is a major factor in enjoying the beaches and a wide variety of outdoor and water activities year round. The Costa del Sol&#039;s main resorts are; Benalmadena, Fuengirola Torremolinos, and Marbella. They are the most popular because they have miles of beautiful fine sand beaches and splendid weather. The Costa del Sol caters to young and old, locals and tourists, offering an exciting selection of entertainment and relaxation options. <br />\n<br />\nCosta del Sol is the most developed part of the coast. Many towns have been developed and recently have modernized their boardwalks. The large towns in the Costa del Sol are now becoming more built up and modernized. Most towns are in no shortage of tourist amenities, resorts and high-rise hotels. There nightlife is lively and colorful, with a string of bars and restaurants. Other attractions include zoos and water parks, casinos, bullfights and amusement parks.<br />\n<br />\nThe coast is often nicknamed &quot;The Costa del Golf,&quot; for it boasts one of the highest representations of first class golf courses. To entertain families and children, there are theme parks, including water parks; safari parks, go karting, and many beautifully landscaped public gardens. The younger generation is typically crowding in the areas of the Costa del Sol for its night time attractions like Marbella&#039;s Puerto Banus. These places are very trendy and hip, and of course, knowing the youth&#039;s preference for late night fun, these bars and clubs don&#039;t get up and alive until near midnight, and stay open until the early hours of the morning.<br />\n<br />\nCosta del Sol&#039;s history dates back to the Phoenicians. Since then the coast has been inhabited by Greeks, Romans and Moors, all of whom have influenced the coast and left their mark on the local area and is evident in Costa del Sol&#039;s culture and architecture.<br />\n<br />\nLocation<br />\n<br />\nMarbella is a Mediterranean coastal resort within the Costa del Sol region of Spain. Spain is the 5th largest country in Europe and is in the south-west corner of the continent where it neighbours Portugal and France. Costa del Sol, the region where Marbella is located runs along the southern coast of Spain near to the international borders of Morocco in Northern Africa. Marbella is surrounded by the Mediterranean Sea however just down the coast in a south west direction is Gibraltar where it is the meeting point of the Mediterranean Sea and the Atlantic Ocean. The resort is split into 4 main areas which are: Marbella Town, Puerto Banus, San Pedro de Alcantara and Estepona with Marbella town being the main central area. <br />\n<br />\nMap of Europe<br />\n<br />\nSource: http://www.nationsonline.org/maps/countries_europe_map.jpg<br />\n<br />\nMap of Spain<br />\n<br />\nSource: www.worldatlas.com<br />\n<br />\nMaps of Resort (Source: www.spain-holiday.com)<br />\n<br />\nThe resort is often popular with many Spaniards and people from abroad because of its ideal location with being near to cities. It is only 52km from the city of Malaga and Malaga International airport (5th largest city in Spain), 186km from Granada, 243km from Cordoba, 209km from Cadiz and 268km from Seville of which are all major Spanish cities and is 601km from Madrid, the capital of Spain.<br />\n<br />\nOther destinations that are closer to Marbella that may have an impact on the number of tourists are: <br />\n<br />\n* Torremolinos (43km North East along the coast) - One of the most famous resorts within Costa del Sol region and the Mediterranean<br />\n<br />\n* Benalmadena (36km North East along the coast) - A popular tourist resort <br />\n<br />\n* Puerto Banus (7km West) - Known for its rich lifestyle and harbour this is an area within Marbella that attracts many more tourists to the resort <br />\n<br />\n* Gibraltar (58km South West) - Famous for its history and landscape it is a popular destination for tourist excursions<br />\n<br />\n* Fuengirola (20km East) - Huge tourist resort that covers 10km of coastline <br />\n<br />\nMarbella is 1406m south of London in England. The location of Marbella has a huge impact on the number of tourists there because of it being so near and having easy access to some of the major cities in Spain such as Malaga where there is an international airport. As well as being near to some of the major cities it is also within very easy reach of some of the most popular Mediterranean resorts in southern Spain and Europe itself, for example Puerto Banus and Torremolinos. The region received a total of 8.5 million visitors back in 2005 of which 40% were Spanish and 31% British. <br />\n<br />\nThis excellent location that Marbella is situated in is one of the main reasons as to why it appeals to so many Spaniards all over the country and tourists from abroad and therefore has grown to become one of the most popular Mediterranean resorts in Europe.<br />\n<br />\nLandscape<br />\n<br />\nThe landscape across the region of Costa del Sol is very extreme and varied ranging from sandy beaches and sea to snowy mountains and deep valleys. This wide variety of landscapes is one of the greatest attractions of the coastline and helps to persuade millions of people to visit the region every year. Marbella is situated between the sea and the Sierra Blanca coastal mountain range that rises up directly behind the resort and therefore affects its flatness dramatically. The mountains climb to 300 metres above sea level and provide spectacular views of the 23km coastline and the resort itself where tourists are able to escape the busy atmosphere and experience the tranquil environment. There are many harbours within the region that Marbella is based in because of the high tourism demand for cruises and yachts. Marbella&#039;s Puerto Banus harbour has became Europe&#039;s playground for the rich and famous over the years with its big yachts and fancy cars and as a result has gained a reputation that makes it one of the most famous harbours in Europe. Marbella town has its own marina which has 337 moorings whereas Puerto Banus&#039;s marina just along the coast has a whopping 915 moorings and therefore helps to create a very wild nightlife with a range of casinos, pubs and clubs. Other destinations that have thriving harbours along the coastline are: Estepona, Fuengirola, Benalmadena, Malaga and Torremolinos. The rivers and streams within and surrounding Marbella are mainly short in distance, run into the Mediterranean Sea or have been grounded by land, however out of the existing ones the most important ones are Guadalmina, Gaidaiza and Verde y Real. Concepcion reservoir, Pantano Nuevo and Viejo y Medranas are some of the dams within the area, these provide some spectacular views and therefore attract many sight seeing tourists. <br />\n<br />\nMarbella Marina and Seafront<br />\n<br />\nThe old town of Marbella is enclosed by a 9th Century Arab fortress and is very historical with buildings dating back to the 16th Century. The old town is further away from the coast towards the bottom Sierra Blanca mountain range. The streets are very narrow and are lined with the old white traditional Spanish buildings and their balconies with flowers on. At the heart of the town in the centre is Plaza de los Naranjos (Orange Square) which is referred to as this because it has a lot of tropical plants and trees including orange trees. It consists of both modern and traditional international restaurants which are popular with the locals as well as the tourists. The main resort of Marbella where all of the more modern buildings (mainly hotels and apartment blocks) have been built is situated in between the coast and the old town of Marbella. The majority of these new buildings as well as the old buildings in the town are white because it reflects the sun better and therefore keeps it cooler for the residents. Marbella&#039;s beaches are obviously one of the key landscape tourist attractions where it provides tourists with a place to swim, sunbath, play and have a go on the water sports. Marbella has a total of 27km of coastline that is distributed into 24 different beaches. The Paseo Maritimo promenade follows the coastline of Marbella town for over 6km all the way to Puerto Banus and is the longest waterfront in Marbella. It is mainly built up with caf\u00ef\u00bf\u00bd&#039;s, restaurants and apartment buildings and provides the local residents and tourists with a great walk and a place to people watch. <br />\n<br />\nPhoto of Marbella&#039;s main seafront and Sierra Blanca Mountain range<br />\n<br />\nSource: www.selfcateringhols.com<br />\n<br />\nPhoto of an ordinary Marbella town street<br />\n<br />\nSource: www.marbellainfo.com<br />\n<br />\nRonda is a beautiful town that lies within the Serran\u00ef\u00bf\u00bda de Ronda mountain range 48km away from Marbella at an altitude of 739 meters. The town is split into two different sections by a 100 meter deep gorge called El Tajo and is joined by the Puente Nuevo (which stands for New Bridge). The bridge was built in 1751 and took a total of 42 years to build; this is a key tourist attraction that brings many tourists to Ronda year in year out. Iglesia Mayor de la Encarnacion is a historical church in Marbella that was originally built in 1505, however most of the building was raised in 1712 and is now claimed to be the city&#039;s most important church which makes it popular for tourist visits. Alcazaba Wall (Marbella town&#039;s castle) and the 16th century town hall in the centre of town are two of Marbella&#039;s nicest buildings; these are opened up for visits and excursions and therefore help to attract more tourists to the area. Constitution Park, La Alameda Park and Arroyo de la Represa are three of Marbella&#039;s main local parks. Constitution Park which was once a garden of private residence is now used for concerts and plays throughout the summer whereas the Alameda Park and Arroyo de la Represa park are mainly used by the old Spanish locals and tourists to relax and talk in the quiet tropical gardens. <br />\n<br />\nThroughout the whole of the Costa del Sol region there are different coastal mountain ranges that provide good areas for things such as natural parks, natural reserves and natural monuments that attract tourists. Most of the vegetation throughout the landscape is very dry due to the high humidity however some of the natural parks are looked after and well watered. There are a total of 23 protected areas within the region; a good example of a protected area is the Montes de Malaga Natural Park situated 14km north of Malaga city with altitudes ranging from 91 to 1031 meters above sea level and a total area of 4996 hectares (49960000 square meters). The beauty of the landscape and the services that are provided for the tourists by the Natural Park (e.g. picnic areas, parking spaces and toilet facilities) work together to attract many different kinds of tourists. The different kinds of plant species that can be seen at the park are: Pine, Lentiscus, Carob tree, Scarlet Oak, Madrona, Olive, Cork Oak, Stone Pine, Monterrey Pine, chestnut, black poplar, wild olive, ash, willow and strawberry. As well as these different plant species there is also a wide variety of animal species, these include: Genet, badger, fox, skunk, long-tailed newts, eagle, sparrow hawk, goshawk, wood pigeon, red-legged partridge, dove, thrush, jay, cuckoo, tit, bunting, nightingale and kestrel.<br />\n<br />\nPhoto of Montes de Malaga Natural Park <br />\n<br />\nSource: www.sol.com<br />\n<br />\nSource: www.spain.free-animations.co.uk/spain_6.html<br />\n<br />\nClimate<br />\n<br />\nThe climate of Marbella would commonly be known as having a typical Mediterranean hot climate with hot summers and mild winters. It sustains an average annual temperature of 19 degrees with little precipitation in the winter and on average over 320 days of sunshine. The resorts latitude is 36 degrees north which means it is not too far from but not too close to the equator, this influences the high temperatures because the nearer to the equator you are the hotter it should be. The centre of Marbella is located 25 meters above sea level; this will only have a small effect on the temperature of the resort because for every 100 meters in height the temperature decreases on average by 1 degree. The Sierra Blanca mountain range that rises up behind the resort provides shelter from the cold northerly winds and therefore keeps the temperature high. A strait is a narrow channel of water that connects two larger bodies of water. The strait of Gibraltar is the strait that connects the Atlantic Ocean to the Mediterranean Sea; Marbella is just 58km from Gibraltar and therefore is affected by this meeting point. Due to the Mediterranean being non tidal and the Atlantic being tidal it produces a renewal of water and as a result increases the sea temperature, this in time causes the resort to experience higher temperatures. <br />\n<br />\nThe resort is located right on the coast, this helps keep the winters mild because the sea retains the heat for much longer and therefore the land within close range of the sea will be warmed. Throughout the summer the land heats up faster than the sea and the opposite happens, this means the sea has a cooling effect. <br />\n<br />\nClimate Graphs<br />\n<br />\nGiven below are graphs of the Average Temperature (\u00ef\u00bf\u00bdF) and average precipitation (inches) throughout the year at Marbella. The reason for the significant fall in the precipitation graph is that there are consistent high temperatures that do not condense enough for clouds to form and therefore causes a high humidity with very low precipitation in the summer months. <br />\n<br />\nThe climate of Marbella encourages tourism both in the winter and the summer. The hot summer climate encourages people who do not mind or want hot sunny weather whereas the mild winter climate encourages more elderly tourists. Even though the climate is not as warm and sunny at that time of year it is still warm compared the UK&#039;s winter and lots of elderly people like to get away from the cold winter. As a conclusion it is clear that the resort&#039;s climate is a huge influence on the number of tourists that go there and therefore is one of the main reasons to why it has became so popular over the years. <br />\n<br />\n??<br />\n<br />\n??<br />\n<br />\n??<br />\n<br />\n??<br />\n<br />\nMatt Gunnell Page 1 10/28/2009"}