{"essay_id": "88223", "essay_title": "The Industrial Revolution.", "rate": "3 star(s)", "level": "University Degree", "subject": "Historical and Philosophical studies", "word_count": 1481, "submitted": "19/06/2006", "marked_by_teacher": {"teacher_name": "Rachel Smith", "date": "24/12/2012"}, "essay_url": "http://www.markedbyteachers.com/university-degree/historical-and-philosophical-studies/the-industrial-revolution-2.html", "description": "Much negative and positive speculation has been said about the Industrial Revolution since its birth in the late 18th Century in Britain. The revolution was a unique and complex phenomenon, resulting in economical, social and political changes. J. Ellul commented that the optimistic atmosphere was the perfect breeding ground for such a revolution.1 The idea of progress would propel societies forward to a higher and a more stable plateau. Myths of human emancipation, urbanisation of cities and a democratic nation were heard. However, after the onset of the revolutionary change, the rumours of human freedom and happiness were unheard of again. Instead, the working class were forced into other forms of discipline and control. In this essay, we will examine the damaging aspects of the Industrial Revolution and how it impacted on the proletarians. <br />\n<br />\nKarl Marx described the core of modernity as involving many different aspects - one being the &quot;emergence of a world market&quot;.2 The world market rapidly increases, obliterating all in its path, including that of the local and regional markets. Consequently, our desires and necessities become increasingly cosmopolitan, so much so, that local industries are incapable of producing commodities at such high demand and are forced to stop trading and move to the more populous cities to find alternative work3. Even this early on in the revolution, the working class are forced by the emergence of industrial capitalism to relocate to the cities if they want to survive in this new world. That is not an act of democracy and freedom. Hence, we come to the arrival of populated urban cities and &#039;the factory&#039;, where machines compensate for human labour, resulting in mass production.4 <br />\n<br />\nThe factory can be seen as the foundation to our problems. From the bourgeoisie perspective, the factory was their key to profit and happiness. However, the working class (who were the majority in Britain) saw the factory as a prison, in which they were forced to work in everyday for the few shillings in which they needed to survive. Furthermore, the conditions of the factory were appalling. As described by Engels, the air was damp and stale, the roof was low, the factory had terrible ventilation and was often overcrowded with workers.5 <br />\n<br />\nThe promise of human emancipation can be seen as a sheer lie that was sold to the proletarians by the manufacturers. The mere existence of factories and machinery meant discipline, as time was used to regulate working rhythms,6 rather than the pre-industrial freedom to complete tasks at one&#039;s will. Labourers were expected at work at a specific time and required to work for a number of hours, all dictated by the manufacturer. If such time rhythms were not strictly followed, penalties such as fines or physical punishment for children were carried out.7 Such authoritarian enforcement of rules cannot be classified as &quot;human emancipation&quot;. In fact, it is the complete polar opposite to what the working class experienced during the revolution. <br />\n<br />\nThe bourgeoisie not only had absolute control of the factories but also had control over the matter of wages. Despite the bourgeoisie having &quot;created more massive and more colossal productive powers than have all preceding generations together&quot;8, they did not choose to reflect that profit in the workers wages. In contrast, they selfishly chose to cut the already minimal wages to further enhance their own profits.9 It was also said that the manufacturers chose to reduce wages as an incentive for the labourers to work harder and longer to earn their weekly living expenses.10 The wages in which the workers received were at such a minimal level that approximately 500,000 workers starved to their demise. The few who cheated death had barely enough to feed their family, let alone clothe themselves during the colder periods, resulting in sickness.11 <br />\n<br />\nDue to the need for survival, workers (especially women, as they were seen as cheaper labour than men) struggled to undertake up to 13 hours of work a day and sometimes an additional 13-16 hours at night to provide for their family. As a result of this, we can evidently see Ferdinand Tonnies&#039; theory of Gemeinschaft Vs. Gesellschaft in practice.12 The community bonds of Gemeinschaft have been consequently destroyed by the constant need to fill all waking hours with factory work. Hobsbawm stated that &quot;...all social bonds crumbled except the implacable gold and paper ones of the cash nexus...&quot;13, explaining the artificiality of these relationships.<br />\n<br />\nThe above examples demonstrate the bourgeoisie&#039;s ability to control not only the working class&#039; wages but subsequently their lifestyle as well. Again, we cannot see the freedom in which the bourgeoisie so enthusiastically talked about before the onset of industrialism. In fact, the worker has ultimately become a slave; a prisoner to the factory and manufacturer with absolutely no rights at all.14 <br />\n<br />\nSince the bourgeoisie had the labourers working constantly, they had no other time to pursue other interests. Berman states that &quot;the trouble with capitalism is that...it fosters, indeed forces, self-development for everybody; but people can develop only in restricted and distorted ways.&quot;15 This statement simply expands on the idea that the non-marketable traits of a worker are not developed, resulting in a partial man. Not only is the personal development of individuals discouraged by the bourgeoisie but the actual factory work itself is downright boring and non stimulating for the mind whatsoever.16 Engels states that &quot;the factory worker is condemned to allow his physical and mental powers to become atrophied&quot;.17 This is yet another demonstration of control which the bourgeoisie had over the proletarians - that of their mind and personal development. <br />\n<br />\nIn conclusion, the Industrial Revolution of the late 18th Century only benefited one group of people - the bourgeoisie. The propaganda sold to the proletarians of human emancipation and freedom from constraints could not be further away from what they experienced during the revolution. What the bourgeoisie failed to tell the proletarians was that &quot;the more capitalism advances the more impoverished the workers become&quot;18. <br />\n<br />\nThe irony of this matter is that more than a century later, we are unfortunately still in a society where exploitation occurs. Perhaps not as extreme as that of the revolution, but exploitation all the same. Marx suggests that capitalism is a world in need of a &#039;false consciousness&#039; to act as a constant reminder that we are free, despite the discipline and control bureaucracies have over us.19 However, he also clarifies that the technique (ie. the machines and factories) was not to blame, but the bourgeoisie themselves.20<br />\n<br />\nBIBLIOGRAPHY<br />\n<br />\nBerman, M., All That is Solid Melts Into Air: The Experience of Modernity, Verso, London, 1983<br />\n<br />\nBottomore, T., Theories of Modern Capitalism, Allen &amp; Unwin, London, 1985<br />\n<br />\nEllul, J., The Technological Society, Vintage Books, London, 1964<br />\n<br />\nEngels, F., The Condition of the Working Class in England, Panter, London, 1969<br />\n<br />\nGiddens, A., Capitalism and Modern Social Theory: an analysis of the writings of Marx, Durkheim and Max Weber, Cambridge University Press, Cambridge, 1971<br />\n<br />\nHobsbawm, E.J., The Age of Revolution 1789-1848, Mentor Books, New York, 1962<br />\n<br />\nKumar, K., Prophecy and Progress, Penguin Books, Harmondsworth, 1978<br />\n<br />\nLecture notes, Karl Marx: Alienation and the Division of Labour, 22nd March 2004<br />\n<br />\nThompson, E.P., &quot;Time, Work Discipline and Industrial Capitalism&quot; in A. Giddens &amp; D. Held (eds) Classes, Power and Conflict, University of California Press, Berkeley, 1982<br />\n<br />\n1 Ellul, J., The Technological Society, Vintage Books, London, 1964, p. 47<br />\n<br />\n2 Berman, M., All That is Solid Melts Into Air: The Experience of Modernity, Verso, London, <br />\n<br />\n1983, p. 91<br />\n<br />\n3 Ibid p. 90<br />\n<br />\n4 Ibid p. 91<br />\n<br />\n5 Engels, F., The Condition of the Working Class in England, Panter, London, 1969, p. 175<br />\n<br />\n6 Thompson, E.P., &quot;Time, Work Discipline and Industrial Capitalism&quot; in A. Giddens &amp; D. Held (eds) Classes, Power and Conflict, University of California Press, Berkeley, 1982, p. 69<br />\n<br />\n7 Hobsbawm, E.J., The Age of Revolution 1789-1848, Mentor Books, New York, 1962, p. 50<br />\n<br />\n8 Bottomore, T., Theories of Modern Capitalism, Allen &amp; Unwin, London, 1985, p. 9<br />\n<br />\n9 Hobsbawm, The Age of Revolution 1789-1848, p. 41<br />\n<br />\n10 Ibid p. 50<br />\n<br />\n11 Engels, F., The Condition of the Working Class in England, Panter, London, 1969, p. 111<br />\n<br />\n12 Kumar, K., Prophecy and Progress, Penguin Books, Harmondsworth, 1978, p. 80<br />\n<br />\n13 Hobsbawm, The Age of Revolution 1789-1848, p. 27<br />\n<br />\n14 Engels, The Condition of the Working Class in England, p. 200<br />\n<br />\n15 Berman, All That Is Solid Melts Into Air, p. 96<br />\n<br />\n16 Engels, The Condition of the Working Class in England, p. 200<br />\n<br />\n17 Ibid p. 199<br />\n<br />\n18 Giddens, A., Capitalism and Modern Social Theory: An analysis of the writings of Marx, Durkheim and Max Weber, Cambridge University Press, Cambridge, 1971, p. 11<br />\n<br />\n19 Lecture notes, Karl Marx: Alienation and the Division of Labour, 22nd March 2004<br />\n<br />\n20 Ellul, The Technological Society, p. 54"}