{"essay_id": "883151", "essay_title": "What Does the Ghost Contribute to the Tragedy of Hamlet?", "rate": "3 star(s)", "level": "AS and A Level", "subject": "English", "word_count": 1402, "submitted": "20/12/2009", "marked_by_teacher": {"teacher_name": "Karen Reader", "date": "08/03/2012"}, "essay_url": "http://www.markedbyteachers.com/as-and-a-level/english/what-does-the-ghost-contribute-to-the-tragedy-of-hamlet.html", "description": "What Does the Ghost Contribute to the Tragedy of Hamlet?<br />\n<br />\nHamlet differs slightly from the Elizabethan conventions of revenge tragedy, as it does not closely follow the ideas set out by Aristotle. Shakespeare created this play so that the focus is on the characters, through soliloquies, rather than on action. However, he does centre the tragedy of the established format of a ghost; describing its final hours as a mortal soul and motivating the hero to avenge its death, which concludes with his fall. Through use of catharsis and anagnorisis, the ultimate revenge tragedy is created by evoking emotions of pity and terror in the audience. <br />\n<br />\nShakespeare immediately creates the imagery of the setting by establishing the &quot;bitter cold&quot; weather and it having just &quot;struck twelve&quot; midnight, which was thought to be a time when the supernatural and mortal worlds crossed. This helps to reflect the eerie and threatening image the Ghost presents, and encourages the idea of it being sinister. The technique allows the supernatural to appear more legitimate and plausible because if the scene was set in different conditions such as warm, sunny day, then the effect would be much less significant. Not only does the setting conjure fear in the audience, but due to the short fragmented speech with broken rhythm, the anxiety is heightened. The disjointed conversations add to the suspense and unease, which contributes to the fear vital to catharsis.<br />\n<br />\nThe ghost is an essential character in the play as it creates the dilemma for Hamlet when requesting him to revenge his &quot;most foul and unnatural murder&quot;. The description delivered by the ghost of its murder includes disturbing images that would &quot;harrow&quot; Hamlet&#039;s soul, which literally means that the news would tear into him like an agricultural tool into the ground. Yet, the ghost continues to recount its gruesome death of &quot;vile and loathsome crust, all [his] smooth body&quot; which excludes any paternal emotions that the audience would have expected from someone claiming to be Hamlet&#039;s father. The ghost calls Hamlet a &quot;noble youth&quot;, which seems to be the only compliment but the word &quot;noble&quot; is actually used to imply stupidity. Therefore, Shakespeare forces the emotions of pity for Hamlet and terror towards the ghost as he is detached and aloof upon the audience which develops the idea of catharsis.<br />\n<br />\nThe ghost responds to a plea from Hamlet to tell him about the late king&#039;s murder so that he may &quot;sweep to [his] revenge&quot; with a combination of ironic praise and criticism: &quot;I find thee apt, and duller shouldst thou be...wouldst thou not stir in this.&quot; The ghost is insulting Hamlet and therefore is presented as an uncaring and insensitive character. Even though he claims &quot;I am thy father&quot; the ghost fails to comfort the melancholic and grieving Hamlet. This is a factor in catharsis as the audience feels pity towards Hamlet due to the ghost treating in an abusive manner, at the time claiming to be his father.<br />\n<br />\nIn Scene I, the ghost does not engage in any conversation but instead walks across the stage ignoring the other characters&#039; pleas for it to &quot;speak, speak!&quot; This adds to the sense of dread as the ghost doesn&#039;t act human but &quot;stalks&quot; and shuns any interaction. It is also made ambiguous when it is firstly described as &quot;majestical&quot; by Marcellus, and then later &quot;like a guilty thing&quot; by providing the audience with two different impressions of the ghost. This leaves the audience confused as to whether it is good, or evil. In Scene iv, Marcellus describes the ghost as having a &quot;courteous action&quot;, suggesting the ghost has good manners and is chivalrous. This strongly contrasts with the idea of the ghost&#039;s appearance being said to signify something &quot;rotten in the state of Denmark.&quot; When Hamlet questions: &quot;Be thou a spirit of health, or goblin damned?&quot; Shakespeare polarizes the ghost, and it is unknown at this point in the play which category of good or evil the ghost falls into. Due to this unknown and the suspense created by the threefold antithesis, &quot;bring thee airs from heaven or blasts from hell, be thy intents wicked or charitable,&quot; used in Hamlet&#039;s speech, the ambivalence the audience feels for the ghost is heightened. Shakespeare thus makes the audience experience terror, contributing to catharsis.<br />\n<br />\nMarcellus asks if he should &quot;strike it with [his] partisan&quot;, and the reason for his wanting to hurt or injure the ghost is because the characters are beginning to think the ghost is evil. This is also shown when they use the word &quot;it&quot;, even though the ghost resembles the late king. The reason for this is because they believe the king&#039;s spirit is possessed by a demon. In the Elizabethan period the majority of people were Protestants and therefore did not believe in the Catholics&#039; Purgatory. It can be considered that Shakespeare created the ghost to appear as demon possessing the spirit of the late King Hamlet. Another way in which Shakespeare presents the ghost as a demon is by portraying Hamlet as fearful of the spirit and as calling upon God for help: &quot;angels and ministers of grace defend us.&quot; Hamlet is shown here as believing the ghost will attack him and his friends and needs a strong and divine power to &quot;defend&quot;, him from the demon and &quot;hover o&#039;er [him]&quot; Hamlet then vows to trust the ghost and keep its &quot;commandments&quot;, putting the ghost in a position of authority and also contrasting strongly with the idea of it being God who created the Ten Commandments, and God&#039;s commandments condemn murder whereas the ghost wants Hamlet to murder Claudius. Therefore, this all provides the audience with the impression that the ghost is evil, and perhaps a demon.<br />\n<br />\nShakespeare often uses the ghost to present the conflict between the morality of Roman and Christian religions. The ghost is portrayed by use of dialogue to be of Christian belief after mentioning the &quot;matin&quot;, which is a service of the Christian Church and the &quot;fast in fires&quot; that is Purgatory. This is contradictory to the task requested of Hamlet as the ghost wants a Roman style revenge to be taken out upon Claudius. Since during the Elizabethan era most people were Protestants and therefore believed that Hamlet would be sent to hell if he committed a revenge offence due to it being thought of as God&#039;s duty, the ambiguity of the ghost leaves Hamlet stuck between loyalty to the ghost or to God. Additionally, Protestants did not believe on the transitional state of Purgatory which would have left the contemporary audience questioning the ghost&#039;s authenticity. <br />\n<br />\nThe Russian film production presents the ghost as a terrifying, dominating and dark character compared to the feeble Hamlet1. It is portrayed as a mighty armored man dressed solely in black with large cape, its face hidden by shadows. Beside the ghost, Hamlet looks significantly smaller and defenseless. This creates fear of the ghost and sympathy for Hamlet and therefore it ensures the audience undergoes catharsis.<br />\n<br />\nIn Act Three Scene Four, by use of pathos the ghost gives the effect on the audience of pity and not terror, unlike the previous scenes where the ghost was seen wearing a suit of armor. Shakespeare presents the ghost dressed in its &quot;habit&quot;, ordinary clothing or nightgown, which creates the impression of vulnerability. The audience also sympathizes with the ghost when it shows affection towards the Queen who it believes is suffering from her &quot;conceit&quot;. This forces the audience into questioning the integrity of the ghost. However, in the BBC production, the ghost remains in his armor, which emphasizes the idea of terror instead2. <br />\n<br />\nKyd had designed the Elizabethan formula for revenge tragedy with The Spanish Tragedy, while Shakespeare furthered the basic idea in Hamlet by adding suspense, characterization and ideological symbolism in order to produce a catastrophic and highly tragic play. He also demonstrates a building of catharsis throughout the play until it finishes with an emotional purge. In conclusion, the play successfully includes the majority of Aristotle&#039;s ideas as well as involving the moral significance of revenge. It is these factors that are contribute due to the ghost and because of its presence the play is classified as a remarkable tragedy.<br />\n<br />\nReferences:<br />\n<br />\nNew Swan Shakespeare Advanced Series (2008), Hamlet <br />\n<br />\n1 Directed by: Grigori Kozintsev (1964), Hamlet<br />\n<br />\n2 BBC Television Shakespeare (1980), Hamlet"}