{"essay_id": "885065", "essay_title": "How satisfactory is the current law of murder?", "rate": "3 star(s)", "level": "AS and A Level", "subject": "Law", "word_count": 1597, "submitted": "17/01/2010", "marked_by_teacher": {"teacher_name": "Nick Price", "date": "18/03/2012"}, "essay_url": "http://www.markedbyteachers.com/as-and-a-level/law/how-satisfactory-is-the-current-law-of-murder.html", "description": "How satisfactory is the current law of murder?<br />\n<br />\nDuring this essay the law of murder will need to be analysed and assessed in order to answer the question of it&#039;s current state. Whilst analysing the law of murder the Actus Reus and the Mens Rea along with any other problems will need to be dealt with. However we need to realise what the law of murder is and how it came into affect. Murder is a special law as it is a common law offence or rather a judge made law. What this means is that the law has been made over the years when cases arise. Due to this the law has been improvised and changed through the years due to the circumstances. Most pieces of legislation are acts of parliament that are produced by the parliament (House of Lords, House of Commons and the Queen), however judges have made this piece of legislation. <br />\n<br />\nThe law of murder first can be claimed to be unsatisfactory or misleading due to the very fact that it is judge made law. This causes problems, as there are no guidelines to stick to, this led to many different outcomes occurring when sentencing and the law being called overcomplicated. There are so many cases that can be used when a murder offence arises this is due to the fact that judges made different decisions when sentencing and also the fact that the needs of the modern or present day needed to be met. The law of murder also carries a mandatory life sentence, this may cause guilty verdicts to be lower as juries may think that this is too harsh of a sentence and let people get away. Again this makes it hard to fight in a murder case whether or not a person is the judge, the defence or even the prosecution. <br />\n<br />\nThe Actus Reus (this is the physical act of the offence) of murder is &#039; the unlawful killing of a human being under the queens peace&#039;. This has proven in some cases very hard to prove due to the actual definition. When trying to establish the Actus Reus the needs of the definition must be met. For example it is only murder if it is a human being and done during peacetime. Also establishing what a human being is has also been hotly debated by many judges, however under the General&#039;s Attorney reference 3 (1997) it has been stated that a person is not a human being until the moment of birth. To establish the AR of Murder it is a necessity to find Causation. Firstly &#039;Factual Causation&#039; must be established in which the &#039;But For Test&#039; must be applied. The judge considers the question of would the outcome of occurred if it was not for the defendant. This is straightforward and there are hardly any problems with this, factual causation can be seen in the cases of R v Pagett (1933) and R v White (1910). Secondly &#039;Legal Causation&#039; must be established, the judge have to consider if the Defendant was a significant contributor to the death and was there anything that could have broken the chain of causation between what the defendant did and the outcome of the event. This can be seen in cases such as R v Smith (1959) and Dear (1996). The judges also take the &#039;Thin Skull Principle&#039; into account, which is the phrase &quot; Take your victim as you find them&quot;, this can be seen in the case of R v Blaue (1975) were the defendant was convicted even though the blood transfusion would have saved her life. <br />\n<br />\nAlthough in some circumstances the Actus Reus of murder has been debated it still has a clear guideline to what it is. Most murder cases manage to establish the Actus Reus, this leads onto the assumption that the Actus Reus of murder is satisfactory and can be followed in years to come without any major change. <br />\n<br />\nThe Mens Rea of Murder is &#039;Malice Aforethought&#039; and the guidelines for this is set out in Section 8 of The Criminal Justice Act. So to find Malice Aforethought or Mens Rea it was stated in R v Vickers (1957) and R v Cunningham (1981) that, intention to cause GBH (grievous bodily harm) is enough to establish the MR of Murder not even to cause the death is necessary. This can cause problems, as it is not fair to accuse people of murder if they did not intend to kill, along with this if they are wrongfully accused they will face life imprisonment. Furthermore the test of &#039;Foresight of Consequences&#039; allows more people to be sentenced for murder. This test is were the jury put themselves in the defendant&#039;s shoes. In R v Woolin the jury had to find the MR for murder if they felt that &quot;At the material time the defendant could foresee as virtually certain that death or serious harm could occur&quot;. This can be criticised, as the jury only really need to find if the defendant wanted to cause serious harm, not murder. So the jury are using non-fatal guidelines of intention to cause GBH on a fatal offence. Many people have claimed that this test is to find intent that may not be there however in the case of Matthews &amp; Alleyne (2003) the judge said that foresight f consequences is not intention but evidence jury can use to find intent. Although Foresight of Consequences has caused debate and trouble it can be seen as good as it allows more criminals to be caught and sentenced, without it the defence could claim all their clients did not mean for the outcome to occur and murderers could get away with their crime. <br />\n<br />\nThe idea of intention has also been heavily debated in the courts, mainly on what the meaning of intent is and how to find intent. For example in the case of Re A (2000) the court thought that based on the comments made during the Woolin case that foresight of consequences was intention, however this was clarified in Matthews &amp; Alleyne. This debate can cause confusion and has led to many critics saying that the Mens Rea is too overcomplicated as the judiciary are trying to find the meaning of intent and cannot do so as there are too many cases in which the meanings differ. This proves that this part of Murder is unsatisfactory and changes need to occur. However all that really needs to be done is that intention needs to be given a clear definition in which the courts can follow and make decisions which are constant and do not vary allowing cases that arise in the future to reach decisions without any complications. <br />\n<br />\nAs the law of murder has proven unsatisfactory there is strong views for its reform. People like Jeremy Horder have claimed, &quot;the law is unfair &amp; confusing&quot;, others like Lord Woolf want an end to the mandatory life sentence. The Law Commission who is dealing with the task of reforming the law have claimed, &quot;Murder is a mess and a major overhaul is required.&quot; They have also said that they want fewer life sentences and want to create specific offences like &#039;Assisting Suicide&#039; and &#039;Infanticide&#039;. The law commission made proposals in which they planned to introduce three Homicide offences, &#039;First Degree Murder&#039; this is the most serious of homicide cases. The requirement is that the person has the intention to kill however the killing does not have to be premeditated, this carries a mandatory life sentence. &#039;Second Degree Murder&#039; is the second form in which the requirement is that the defendant wanted to cause serious harm or he/she knows there is an unjustified risk of death however carries on with their actions. This group also contains cases that have partial defences to murder. &#039;Manslaughter&#039; is the third and final group these are the least serious murder crimes. The guideline is that the offender &quot;kills through grossly negligent conduct or kills by doing an act intending/realising it would cause harm. Both Manslaughter and Second Degree Murder hold discretionary life sentences. <br />\n<br />\nThese proposals have been described by Jeremy Horder as a &quot;ladder of offences reflecting different degrees of culpability.&quot; <br />\n<br />\nThe new proposals can be said is a step towards improvement as now the jury and judge have more options when sentencing. This makes it fairer as juries can now give more guilty verdicts without thinking that the sentence is too harsh and letting them off. However it will be hard to find defendants for first degree murder as the requirement is that they have the intention to kill. Along with this, critics have claimed second degree murder is a ticket to getting a lighter sentence, as the defendant needs to claim they were reckless. In retaliation the Commission said, &quot;Taking a risk even a high risk of killing someone is recklessness and very serious but it is not the same as the deliberate taking of a life.&quot; <br />\n<br />\nThe law of Murder has flaws in it however it is also quite good. The Actus Reus of Murder is fine and could be left to use without reform, as there are not many problems. However regarding the Mens Rea there is constant debate, and it needs to be reformed. As Jeremy Horder said, &quot;the judiciary need to adapt to the 21st century,&quot; this could be done if the proposals of the law commission are adopted. The law has been around for over 50 years and will need reform to make it easier to use in the future. <br />\n<br />\n??<br />\n<br />\n??<br />\n<br />\n??<br />\n<br />\n??<br />\n<br />\n1 "}