{"essay_id": "885709", "essay_title": "Population in Brazil", "rate": "5 star(s)", "level": "International Baccalaureate", "subject": "Geography", "word_count": 1377, "submitted": "24/01/2010", "marked_by_teacher": {"teacher_name": "Eleanor Wilson", "date": "08/01/2013"}, "essay_url": "http://www.markedbyteachers.com/international-baccalaureate/geography/population-in-brazil.html", "description": "Sasha Zouev<br />\n<br />\nGeography IB, 5/09/05<br />\n<br />\nIB Case Study: Brazil<br />\n<br />\nPopulation, Distribution, Density<br />\n<br />\nIntroduction:<br />\n<br />\n As one of the most commonly studied populous LEDC&#039;s in the world, Brazil certainly has very interesting features and patterns regarding its population and distribution. First of all, Brazil is the largest and most inhabited country in South America, and fifth in the world. Its 8,500,000 square kilometer land area borders countries such as Colombia, Venezuela and Bolivia. The aim of this case study is to examine, section by section, the different factors that affect Brazilian population growth and distribution by looking at areas such as geographical positioning, politics, history, and generate some sort of conclusion.<br />\n<br />\nDistribution:<br />\n<br />\n Brazil&#039;s population is mostly concentrated alongside the coast. Coastal states, with a sum area of about 35% of Brazil, in fact account for about 87% of the entire population. Brazil can often be divided into clear-cut social, geographical and economic regions (figure 1). Masking half of the country, the Northern area has the dense and tropical basin of the Amazon (largest rain forest and largest river in volume of water in the world). The northeast, which is the most economically handicapped region, relies heavily on agriculture as its main economic activity. The area that is the wealthiest, and contains half of Brazils total population is the South Central region as well as the centres of Sao Paulo and Rio, which happen to be the 3rd and ninth largest cities in the world. The great interior, much of which is still wrapped by the rainforest, remains sparsely settled. Brazil has an overall population density of about 20.5 inhabitants per kilometre square, places such as the Federal District area &quot;Brasilia&quot; (353.5 inh./km2), Rio de Janeiro (328.6 inh./km2) and Sao Paulo (149.2 inh./km2) are the densest areas compared to the bottom sparse places such as the Amazons which only has about 1.5 people per kilometer squared. <br />\n<br />\nPopulation Growth<br />\n<br />\n Brazil&#039;s current population is thought to be around 186,100,000 and the population growth rate has been rounded to about 1%. Brazil&#039;s population is often characterized by its vast growth, youthful inhabitants, extremely diverse origins and easily geographic mobility. In the 1960 census, Brazil&#039;s population was growing rapidly (figure 2) with women having six children on average. Today, women are having less children (an average of three). The population is increasing in Brazil, but the rate has slowed down. The population in Brazil will grow because of its large # of young citizens. 62% of the people in Brazil are under the age of 29. <br />\n<br />\nGeography:<br />\n<br />\n With 90% percent of the country within the tropical zone, the climate of Brazil tends to change considerably from the mainly tropic north to temperate zones below the Tropic of Capricorn which also happens to cross the city of Sao Paulo. There is a common idea that the further inland you are in Brazil, the more you are likely to be in a less-favorable area (Figure 3, Amazon). Reasons to support this include lack of materials, inconvenient climate, humid temperatures, and no real potential for any economic growth. The coastal climate however, which has hot but pleasing weather, is much more favored.<br />\n<br />\nPopulation Problem:<br />\n<br />\n Brazil&#039;s main problem is that although it has enough land to support all of its population, most of the population ends up crammed in rural villages and big cities near the coast. Too much of the western part of Brazil is disfavored and an inhabitable place for many. Job opportunities are diminutive, throwing many average citizens into poverty. 20% of Rio&#039;s population lives in the city&#039;s 600 favelas. In the past, favelas (figure 4) have made up images of dirty, dangerous places with a miserable quality of life, but today, many favela communities are working in partnership with the Rio city authorities to counteract these negative images and to combat poverty. Although a favela resident pays taxes like any other citizen in Rio, many have felt mistreated by the city authorities and their wealthier neighbors.<br />\n<br />\n With young people making up a high percentage living in the country (figure 5), much of the youth is struggling to fend itself in the harsh and competitive major cities. Many children are forced to work on the street, and for some it is simply their home, day and night. Working hours are incredibly high for these children, and it becomes even harder when they are too poor to catch public transportation and are forced to walk to their jobs or sometimes only return on weekends. Older children turn out sometimes to become street dealers of drugs. Equally shocking, roughly 500,000 girls are forced into prostitution as a way of getting paid in several Brazilian cities. Sexual activity for street children is more often than not unprotected. The risk of catching sexually transmitted infections is growing. Specialists estimate that there may be 2000 street children who are HIV positive in cities like Rio De Janeiro alone. <br />\n<br />\nGovernment Interference:<br />\n<br />\n For several years the government has been trying to improve the population problems of Brazil. First of all, the favelas obviously need support from the outside. Already many programs have started to improve the quality of life in those favelas. In a city called Vila Canoas, the 2,500 residents now enjoy a better life thanks to a program called &quot;Favela Bairio.&quot; A new underground sewage system has been built beneath the favela&#039;s concrete steps and alleys. Waste bins are available for each alley, and are emptied on a regular basis. These improvements have reduced the risk of disease and illness, particularly amongst children. Villa Canoas now has a subsidized electricity supply. Previously, poorer residents would illegally tap into the mains because they couldn&#039;t afford the charges. This is just one example of how people are trying to deal with these problems. <br />\n<br />\n Another government intended plan to improve the spread of people throughout Brazil, was to simply &quot;make&quot; a new capital, hoping it will encourage citizens to start over in a new city. The city was called Brasilia (figure 6) and it is located more or less to the center of Brazil. It has become famous for its urban planning and overpopulation. As the city is only 50 years old, only half of the inhabitants are locals, the others mave mostly migrated from surrounding states like Minas and Rio. The city was built for about 500,000 people, and now the majority of people live in satelite cities that house exceeding population making a grand total population of about 2.2 million (2002). Brasilia&#039;s location should over time promote the development of Brazil&#039;s hinterland and improve the integration of the entire territory of Brazil. Others claim that the real reason was to move the government to a place far from the masses <br />\n<br />\nFuture Growth?:<br />\n<br />\n As of the moment, Brazil is financialy and economically the most powerful country in South America. With a total G.D.P of $1.553 trillion (ranked 10th in the world) and a vast amount of natural resources and large labor pool, Brazil seems to be heading on the right path. Charities and organizations attempt to better the lives of the poor and the working children in Brazil, whilst government policies should better the distribution and the population control across the nation. With improved healthcare and medical care, the elderly are bound to experience a larger life expectancy and live longer. Also with sexual awareness programs and government funded teachings of pregnancy prevention, the birth rate should in turn drop over the coming years. Several predictions have even been established over Brazil&#039;s possible population pyramid in 20 years or so (figure 7). Brazil will most likely continue to prosper and continue to attempt to disperse its population and control it. <br />\n<br />\nSources:<br />\n<br />\nhttp://www.brazilhouston.org/ingles/brglance.htm<br />\n<br />\nhttp://learnlink.aed.org/Publications/Country_Papers/cp_brazil/brazil2.htm<br />\n<br />\nhttp://www.geckos.com.au/latin_america/country_notes.asp?country=54<br />\n<br />\nhttp://www.cia.gov/cia/publications/factbook/geos/br.html<br />\n<br />\nhttp://www.fmpsd.ab.ca/schools/df/Brazil/mpeople.htm<br />\n<br />\nhttp://en.wikipedia.org/wiki/Brazil<br />\n<br />\nhttp://www.ipsnews.net/africa/interna.asp?idnews=25559<br />\n<br />\nhttp://www.globaleye.org.uk/secondary_summer2002/eyeon/"}