{"essay_id": "886940", "essay_title": "The Gothic Elements of Wuthering Heights", "rate": "3 star(s)", "level": "AS and A Level", "subject": "English", "word_count": 1178, "submitted": "05/02/2010", "marked_by_teacher": {"teacher_name": "Roz Shipway", "date": "30/11/2013"}, "essay_url": "http://www.markedbyteachers.com/as-and-a-level/english/the-gothic-elements-of-wuthering-heights.html", "description": "&#039;The Gothic elements of Wuthering Heights are made credible by the novel&#039;s setting and narrators.&#039;<br />\n<br />\nHow far would you agree with this view?<br />\n<br />\nSome would argue that the novel&#039;s setting is particularly important in establishing the novels Gothic elements, in particular relations between past and present, the medieval and modernity. The contrast between the two houses, Wuthering Heights and Thrushcross Grange, for instance, which has been seen as carrying such metaphysical significance, is not left a generalised level, but is grounded in specific details which reveal the time, place, and class of their opponents. The house at Wuthering Heights is a functional place, marked by dogs, guns and oatcakes which are part of a feudal agricultural economy, while Thrushcross Grange is a place of leisure, distinctly Victorian aristocratic, characterised by products of other people&#039;s labour - carpets, chandeliers, sweet cakes, and lap dogs. It is therefore possible to extract historical opposition between these two settings, with the Earnshaws, the yeomen farmers who work of the land, being replaced by the genteel way of the Lintons who live of their rents. This relationship with the past, which is juxtaposed with the &#039;new&#039; world of Victorian decadence, is an important element of the Gothic which is brought to life by Bronte&#039;s description of these different abodes and their occupants. <br />\n<br />\nThe novels narrators too, it could be argued, add credibility to the Gothic elements of horror and in particular the uncanny. As a modern, civilised narrator the character of Lockwood appears genuinely affected by his experiences in the heights. The first three chapters, in which he relies on his own observation, are a catalogue of mistakes, and we watch him move from a confident detachment to the bewilderment of a Gothic victim. When Lockwood enters Wuthering Heights he tries to interpret what he sees but none of the signs prove readable. The &#039;cats&#039; are dead rabbits, the dogs &#039;four footed fiends&#039;; Heathcliff is equally well described as &#039;gypsy&#039; and &#039;gentleman&#039;; Hareton can be fitted into a category either as servant or master; Catherine does not seem to &#039;belong&#039; to anybody and does not perform as a hostess should. His experiences in the &#039;Gothic Chamber&#039; are a continuation of those in the realist interior. It is not clear for instance, whether Catherine&#039;s names, scratched on the window sill, are three names of one person or one name for three people; the confusion of singleness and multiplicity intensifies Lockwood&#039;s disorientation until the letter s become uncanny, &#039; a glare of white letters, as vivid as spectres - the air swarmed with Catherines.&#039; The &#039;intense horror of nightmare&#039; takes hold of him and he is shocked into one of the most violent acts of the novel; as Catherines child-ghost clings to him he rubs her wrists on the broken windowpane &#039;till the blood ran down and soaked the bedclothes.&#039; This is not behaviour we would associate with the civilised man and so this adds credibility to Lockwood&#039;s experiences. Although Nelly is better informed her narrative does not dispel the uncanny instability of Lockwood&#039;s initial experiences. The geographical fixity of the novel, combined with its flash-back time structure, means that the past scenes which Nelly describes are superimposed on the scenes which we have already witnessed, in the very rooms which Lockwood had already described or where they now sit together. This doubleness is compounded by the fact that not only places, but names, survive the passing of generations, to be inhabited by later occupants. The name Hareton Earnshaw&#039; in the inscription is now &#039;occupied&#039; by another Hareton Earnshaw, just as Catherine leaves her name to be occupied by her daughter. The result of this duplication inherent in Nelly&#039;s narrative is also uncanny, since we expect people to have single identities which persist through time. <br />\n<br />\nThe key Gothic themes of violence and revenge are for some critics made more implicit than explicit by the novels narrative structure. Rather than watching straight action the reader must piece together the violent struggle between the characters from fragments of events given to them by Nelly, Lockwood and others and the consequences which are described by the victims of these assaults, for instance Isabella&#039;s account of her relationship with Heathcliff. This second hand action is significantly less credible than watching the events first hand and raises questions of the narrator&#039;s legitimacy. Indeed stage versions of the novel often omit the narrators in favour of more dramatic depictions of scenes; the Olivier film has Nelly but not Lockwood ; and in the Kosminsky film the story is told by the author, Emily Bronte in person. Academic critics, whilst recognising the importance of the narrators, still disagree fiercely about their significance. <br />\n<br />\nIn following this argument one could easily pick apart the inherent assumption in the view above; that it is solely the novels setting and narration that adds to the Gothic experience. Indeed perhaps the most memorable feature in novels which, by modern critics, are widely thought to contain something of the Gothic, is the writer&#039;s use of characterisation, his creation of the Gothic protagonist. The central character in Gothic stories is often an embodiment of the key elements that the Gothic itself seeks to address. Forbidden knowledge/power is often the Gothic protagonist&#039;s central goal which is linked with the Gothic motifs of repressed sexualities and the taboo. The Gothic &quot;hero&quot; questions the universe&#039;s ambiguous nature and tries to comprehend and control those supernatural powers that mortals cannot understand. He tries to overcome human limitations and make himself into a &quot;god&quot;. Think Milton&#039;s Satan. This ambition usually leads to the hero&#039;s &quot;fall&quot; or destruction; however, Gothic tales of ambition sometimes paradoxically evoke our admiration because they picture individuals with the courage to defy fate and cosmic forces in an attempt to transcend the mundane to the eternal and sublime. Consider again Faustus&#039; quest for supernatural power and Frankenstein&#039;s quest for the secret of life. In this view, some critics have sought to make a comparison between this doomed quest and Cathy&#039;s idealised view of &#039;free love&#039; in the novel. Her belief in her &#039;oneness&#039; with Heathcliff makes her confident that he will not just understand her relationship with Edgar but &#039;comprehend (it) in his person - that is, incorporate it into himself. This dream cannot be realised however because her menfolk persist in what Carol Gilligan calls the masculine &#039;ethic of justice&#039;. Edgar maintains the language of &#039;propriety&#039; (i.e. ownership) and Heathcliff the language of revenge (i.e. expropriation) and ultimately Cathy&#039;s quest for mutual understanding ends in violence and death. <br />\n<br />\nWhile the setting, narration and narrative structure does indeed credibility to the Gothic elements; namely a sense of the uncanny horror and the an innate fascination with the past, these are not the only factors in the vivid sense of the Gothic in Wuthering Heights. In particular the novels characterisation is important for setting up the themes of taboo and sexual demarcation as well as setting up the novels dismal destination. "}