{"essay_id": "88828", "essay_title": "'A gets B to do something that he or she would not otherwise do'. Does this sum up the essence of political power?", "rate": "4 star(s)", "level": "University Degree", "subject": "Social studies", "word_count": 2099, "submitted": "19/06/2006", "marked_by_teacher": {"teacher_name": "Grace Thomas", "date": "01/01/1970"}, "essay_url": "http://www.markedbyteachers.com/university-degree/social-studies/a-gets-b-to-do-something-that-he-or-she-would-not-otherwise-do-does-this-sum-up-the-essence-of-political-power.html", "description": "&#039;A gets B to do something that he or she would not otherwise do&#039;. Does this sum up the essence of political power?<br />\n<br />\nPolitical power has been described as an &quot;essentially contested concept1&quot; and for good reason. Of all of the concepts in political science, power is probably that which is debated most often. This is perhaps unsurprising due to its importance within the discipline. Heywood suggests that &quot;without doubt, students of politics are students of power2&quot;. The quote in the question refers to Robert Dahl&#039;s &quot;intuitive idea of power3&quot; outlined in his early article &#039;The Concept of Power4&#039;. It is also the most commonly used &#039;definition&#039; of power; however, to what extent does it describe the nature and essence of political power?<br />\n<br />\n As the extensive debate suggests, there are many problems when defining power. As the &#039;Oxford Dictionary of Politics explains, issues of &quot;Intentionality&quot;, &quot;Comparability and Quantifiability&quot; and &quot;Time and Causation5&#039;&quot; make arriving at a definition very difficult. Without Intentionality, it argues, &quot;we are left with a paradoxical and useless concept of power... the concept of power becomes vague to the point of meaningless&quot;. Also, for a universal concept of power, it must allow for comparative analyses in the form of &quot;A has more power than C in context x&quot; or &quot;A has more power than anybody else in context x&quot; for example. This quote in the question doesn&#039;t refer to the intention of A in relation to the outcomes of the situation. Neither does it introduce the idea of others possessing power. <br />\n<br />\n While the quote makes no reference to the power of others, it does introduce two important elements of any definition of political power; a relationship and the removal of coincidence. In political situations, coincidence is hard to remove because to do this you must ensure that B wouldn&#039;t have acted in the same way regardless of A. With people, accurate &#039;control samples&#039; are hard to create. A definition of power does not in itself require a relationship. Robinson Crusoe, on a desert island would have power even before the arrival of Man Friday. He would have the power to make a fire or to walk to the sea. He would have the power &#039;To do...&#039;. However, political power requires the aforementioned &#039;relationship&#039;. Politics is about people and conflict and cannot happen until Man Friday arrives. The form of power in this instance is different. Robinson Crusoe could not just have the power &#039;To do...&#039;, but also power &#039;Over...&#039;. Goodwin also makes this distinction in the exercise of power between power &#039;To do...&#039; and power &#039;Over...&#039;6, however, the &#039;essence&#039; of political power must encompass both forms of its exercise. <br />\n<br />\n Also, although this idea that &#039;A gets B ....&#039; is so widely used, further on in his original article, Dahl describes the &#039;power relation&#039; slightly differently;<br />\n<br />\n &quot;It seemed, he writes, &#039;to involve a successful attempt by A to get a to do something he would not otherwise do&#039;&quot;.<br />\n<br />\nThe difference between the two statements is subtle, but nevertheless, important. The first, as Lukes comments, &quot;refers to A&#039;s capacity (&#039;...to the extent that he can get B to do something...&#039;) while the second specifies a successful attempt ... being the difference between potential and actual power, between its possession and its exercise7&quot;. The distinction suggests that power is a resource, rather than a relational phenomenon. This idea is central to one of the main areas of conflict between pluralists and elitists. For pluralists like Dahl, power is dispersed throughout society and politics is competitive with elites constantly changing. However, for elite theorists, power is concentrated amongst the elite and those who govern come from a narrow social stratum. In his book, &#039;Power: A Radical View&#039;, Stephen Lukes describes three &quot;faces&quot; of power. The so-called &quot;One Dimensional View&quot; is usually associated with pluralists such as Dahl, while the &quot;Two Dimensional View&quot; is generally thought of as being from an elitist viewpoint. <br />\n<br />\n The One Dimensional View is often thought of as the Decision-Making Face of Luke&#039;s three &quot;faces&quot; of power. The quote in the title refers to this view of power. Conscious judgements by A, in some way shape actions or influence decisions of B8. In 1989, Boulding identified several methods of influencing decisions. The first was described as &#039;the stick&#039;, involving the threat or use of force. The second was &#039;the deal&#039; whereby exchanges were made to mutual gain, and the last, &#039;the kiss&#039; involved loyalty and commitment9. Dahl&#039;s study of political issues in New Haven focussed on observable decisions, leading him to conclude that power is widely dispersed in decision-making. However, as Lukes comments, due to the nature of his study of important decisions within the community, he was &quot;simply taking over and reproducing the bias of the system [he] was studying10&quot;. This view of power does not show how the pluralist system can be biased towards some groups over others. <br />\n<br />\n It is this void that the Two Dimensional View of power attempts to fill, by considering both decision-making and &#039;non-decision-making&#039; within a system. This &#039;face&#039; is sometimes called the Agenda Setting Face of power. As Schattschneider put it;<br />\n<br />\n &quot;All forms of political organization have a bias in favour of the exploitation of some kinds of conflict and the suppression of others because organization is the mobilization of bias. Some issues are organised into politics while others are organised out11&quot;. <br />\n<br />\nAccording to the study by Peter Bachrach and Morton S. Baratz, power is not just about making decisions, it is also about preventing decisions being taken: &quot;When A devotes his energies to creating or reinforcing social and political values and institutional practices that limit the scope of the political process to public consideration of only those issues which are comparatively innocuous to A. To the extent that A succeeds in doing this, B is prevented, for all practical purposes, from bringing to the fore and issues that might in their resolution be seriously detrimental to A&#039;s set of preferences12&quot;. <br />\n<br />\n The Third Face of Power as described by Lukes, is Power as Thought Control. It is a critique of both the previous faces of power, involving a &quot;thoroughgoing critique of the behavioural focus of the first two views as too individualistic13&quot;. It finds Dahl&#039;s original view of power, &#039;A gets B to do something that he or she would not otherwise do&#039; too simplistic to cover the wide variety of decisions, non-decisions and external influences involved in the exercise of power in a society. This &#039;face&#039; is sometimes depicted as the &quot;radical&quot; face of power due to its stance on the societal control and manipulation and particularly highlights the importance of ideology. Consequently, it&#039;s often associated with Marxism because it raises the &quot;forms of ideological indoctrination that mask the reality of class rule14&quot;. <br />\n<br />\n When discussing A&#039;s power over B in the Two Dimensional View, Bachrach and Baratz suggest that there are 5 methods of successful control by A: Coercion, Influence, Authority, Force and Manipulation15. Indeed, many commentators have used these different forms of power. <br />\n<br />\n Coercion consists of controlling people through threats either of physical force or of deprivation, whereas Force implies control of the body rather than the mind. However, A could Force B&#039;s compliance by &quot;stripping him of the choice between compliance and non-compliance16&quot;. When B&#039;s compliance is achieved through the threat of force, this theoretically becomes Coercion17. Influence is very similar to persuasion in that it involves changing a decision without threat or force. This form of power is interesting because even the seemingly powerless can persuade the powerful. It is only when those nominally in power become reliant on advice that the &#039;powerless&#039; become able to Manipulate those in power. Manipulation, like Influence is a form of power that can be possessed by a slave or a master. One of the most common types of power is Authority. This is sometimes seen as &#039;legitimate power&#039;. This would involve A getting B to do something he or she would not otherwise have done because B believes that A has the right to tell him or her what to do. Max Weber described three different types of authority: Traditional Authority, entrenched in history, customs and conventions; Charismatic Authority, the power of a personality; and Legal Authority, embedded in a set of rules connected to an office18. <br />\n<br />\n The experiments on obedience carried out by Stanley Milgram in 1961-196219 show us, among other things, the complexity of power. The &#039;teachers&#039; in the experiment had little, if any authority or legitimacy over the students and no threat of force against themselves. There was none of Boulding&#039;s ways of making decisions; &#039;the kiss&#039;, &#039;the deal&#039; or &#039;the stick&#039; influencing the decision of the teachers to give the electric shocks. Whether they decided to exercise their power or not, with the threat of force over the students (B), the teachers (A), were in positions of power, able to make B give the correct answer to the questions, something they might not otherwise do. <br />\n<br />\n Marx referred, in the Communist Manifesto, to political power as &quot;merely the organised power of one class for oppressing another20&quot;. Taking A and B to be classes rather than individuals, Marx would presumably have agreed that the deinstitutionalised form of power, in its basic essence would be summed up by the phrase &#039;A gets B...&#039;. Mao Zedong declared that &quot;power resides in the barrel of a gun21&quot;. Talcott Parsons would disagree with this as power, according to him, depends on &quot;the institutionalisation of authority22&quot;. Feminism also raises important questions about the nature of power. For feminists, gender is the main basis of inequality, reflected in the nature and exercise of power. This quote however, could be applied to people of either gender. <br />\n<br />\n The &quot;essence of political power&quot; is something that will continue to be debated as long as power is a key concept in politics. Lukes defined power as &quot;one of those concepts which is ineradicably value-dependant23&quot;. Critics are divided as to whether Dahl&#039;s quote in the question sums up political power, however I feel that the majority of alternative definitions, if reduced down to their &#039;essence&#039;, would reflect Dahl&#039;s decision-making face of power. <br />\n<br />\nWord Count: 1632<br />\n<br />\nBibliography<br />\n<br />\n* Coxall, B. &amp; Robins, L. Contemporary British Politics. (3rd Edition). <br />\n<br />\n* Roberts, D. et Al. (2000). British Politics in Focus. (2nd Edition). London: Causeway Press.<br />\n<br />\n* Lukes, S. (1974). Power: A Radical View. Palgrave Macmillan.<br />\n<br />\n* Gallie, W. B. (1955-6). &quot;Essentially Contested Concepts&quot;, Proceedings of the Aristotelian Society. 56. pp 167-98.<br />\n<br />\n* McLean, I. (1996). Oxford Concise Dictionary of Politics. London: Oxford University Press.<br />\n<br />\n* Heywood, A. (2000). Key Concepts in Politics. Palgrave Macmillan.<br />\n<br />\n* Heywood, A. (2003). Political Ideologies: An Introduction. (3rd Edition). Palgrave Macmillan.<br />\n<br />\n* Goodwin, B (1997). Using Political Ideas (4th Edition). John Wiley &amp; Sons.<br />\n<br />\n* Heywood, A. (1997). Politics. (2nd Edition). Palgrave Macmillan.<br />\n<br />\n* Dahl, R. &#039;The Concept of Power&#039;, Behavioral Science. 2. (1957). pp. 201-5<br />\n<br />\n* <br />\n<br />\n* <br />\n<br />\n* <br />\n<br />\n* <br />\n<br />\n* <br />\n<br />\n* <br />\n<br />\n* <br />\n<br />\n* <br />\n<br />\n* <br />\n<br />\n* <br />\n<br />\n* <br />\n<br />\n* <br />\n<br />\n* <br />\n<br />\n1 Gallie, W. B. (1955-6). &quot;Essentially Contested Concepts&quot;, Proceedings of the Aristotelian Society. 56. pp 169<br />\n<br />\n2 Heywood, A. (2000). Key Concepts in Politics. Palgrave Macmillan. pp 36<br />\n<br />\n3 Lukes, S. (1974). Power: A Radical View. Palgrave Macmillan. pp 11<br />\n<br />\n4 Dahl, R. &#039;The Concept of Power&#039;, Behavioral Science. 2. (1957). pp. 201-5<br />\n<br />\n5 McLean, I. (1996). Oxford Concise Dictionary of Politics. London: Oxford University Press.<br />\n<br />\n6 Goodwin, B (1997). Using Political Ideas (4th Edition). John Wiley &amp; Sons. pp 307<br />\n<br />\n7 Lukes, S. (1974). Power: A Radical View. Palgrave Macmillan. pp 12<br />\n<br />\n8 Heywood, A. (2000). Key Concepts in Politics. Palgrave Macmillan. pp 35.<br />\n<br />\n9 Heywood, A. (2000). Key Concepts in Politics. Palgrave Macmillan. pp 35-36.<br />\n<br />\n10 Lukes, S. (1974). Power: A Radical View. Palgrave Macmillan. pp 36.<br />\n<br />\n11 Lukes, S. (1974). Power: A Radical View. Palgrave Macmillan. pp 16<br />\n<br />\n12 Lukes, S. (1974). Power: A Radical View. Palgrave Macmillan. pp 16.<br />\n<br />\n13 Lukes, S. (1974). Power: A Radical View. Palgrave Macmillan. pp 24.<br />\n<br />\n14 Heywood, A. (2000). Key Concepts in Politics. Palgrave Macmillan. pp 36.<br />\n<br />\n15 Lukes, S. (1974). Power: A Radical View. Palgrave Macmillan. pp 17.<br />\n<br />\n16 Lukes, S. (1974). Power: A Radical View. Palgrave Macmillan. pp 18.<br />\n<br />\n17 McLean, I. (1996). Oxford Concise Dictionary of Politics. London: Oxford University Press. pp 398.<br />\n<br />\n18 Heywood, A. (2000). Key Concepts in Politics. Palgrave Macmillan. pp 15.<br />\n<br />\n19 http://www.stanleymilgram.com/milgram.html . Accessed 4.2.04<br />\n<br />\n20 Heywood, A. (1997). Politics. (2nd Edition). Palgrave Macmillan. pp 12.<br />\n<br />\n21 Heywood, A. (2003). Political Ideologies: An Introduction. (3rd Edition). Palgrave Macmillan. pp 120<br />\n<br />\n22 Lukes, S. (1974). Power: A Radical View. Palgrave Macmillan. pp 28.<br />\n<br />\n23 Lukes, S. (1974). Power: A Radical View. Palgrave Macmillan. pp 26.<br />\n<br />\n??<br />\n<br />\n??<br />\n<br />\n??<br />\n<br />\n??<br />\n<br />\n1"}