{"essay_id": "898932", "essay_title": "T-total coursework", "rate": "5 star(s)", "level": "GCSE", "subject": "Maths", "word_count": 2995, "submitted": "15/07/2010", "marked_by_teacher": {"teacher_name": "Mick Macve", "date": "18/03/2012"}, "essay_url": "http://www.markedbyteachers.com/gcse/maths/t-total-coursework-2.html", "description": "Part 1 <br />\n<br />\n Investigate the relationship between the T-total and the T-number<br />\n<br />\n1<br />\n<br />\n2<br />\n<br />\n3<br />\n<br />\n4<br />\n<br />\n5<br />\n<br />\n6<br />\n<br />\n7<br />\n<br />\n8<br />\n<br />\n9<br />\n<br />\n10<br />\n<br />\n11<br />\n<br />\n12<br />\n<br />\n13<br />\n<br />\n14<br />\n<br />\n15<br />\n<br />\n16<br />\n<br />\n17<br />\n<br />\n18<br />\n<br />\n19<br />\n<br />\n20<br />\n<br />\n21<br />\n<br />\n22<br />\n<br />\n23<br />\n<br />\n24<br />\n<br />\n25<br />\n<br />\n26<br />\n<br />\n27<br />\n<br />\n28<br />\n<br />\n29<br />\n<br />\n30<br />\n<br />\n31<br />\n<br />\n32<br />\n<br />\n33<br />\n<br />\n34<br />\n<br />\n35<br />\n<br />\n36<br />\n<br />\n37<br />\n<br />\n38<br />\n<br />\n39<br />\n<br />\n40<br />\n<br />\n41<br />\n<br />\n42<br />\n<br />\n43<br />\n<br />\n44<br />\n<br />\n45<br />\n<br />\n46<br />\n<br />\n47<br />\n<br />\n48<br />\n<br />\n49<br />\n<br />\n50<br />\n<br />\n51<br />\n<br />\n52<br />\n<br />\n53<br />\n<br />\n54<br />\n<br />\n55<br />\n<br />\n56<br />\n<br />\n57<br />\n<br />\n58<br />\n<br />\n59<br />\n<br />\n60<br />\n<br />\n61<br />\n<br />\n62<br />\n<br />\n63<br />\n<br />\n64<br />\n<br />\n65<br />\n<br />\n66<br />\n<br />\n67<br />\n<br />\n68<br />\n<br />\n69<br />\n<br />\n70<br />\n<br />\n71<br />\n<br />\n72<br />\n<br />\n73<br />\n<br />\n74<br />\n<br />\n75<br />\n<br />\n76<br />\n<br />\n77<br />\n<br />\n78<br />\n<br />\n79<br />\n<br />\n80<br />\n<br />\n81<br />\n<br />\n1<br />\n<br />\n2<br />\n<br />\n3<br />\n<br />\n10<br />\n<br />\n11<br />\n<br />\n12<br />\n<br />\n19<br />\n<br />\n20<br />\n<br />\n21<br />\n<br />\nThe T-number is always the number at the bottom of the T, so in this case (the yellow T) it is 20. The sum of all the numbers in the T is the T-total.<br />\n<br />\nIn this case, the T-number, (which will now be called n) is 20, and the T-total, (which will now be called T) is 37.<br />\n<br />\nIf the number at the bottom of the T is n, these are the other numbers in terms of n, bearing in mind that the width of the grid is 9 (by 9): <br />\n<br />\nn-19<br />\n<br />\nn-18<br />\n<br />\nn-17<br />\n<br />\n10<br />\n<br />\nn-9<br />\n<br />\n12<br />\n<br />\n19<br />\n<br />\nn<br />\n<br />\n21<br />\n<br />\nThe number above the T-number is (n-9) because this number is exactly one row above (n). The width of the grid is 9, so by moving up 1 cell from (n), I am decreasing the value by the width of the grid (9). The cell above (n-9) is (n-18) as the value has been decreased by the width of the grid again. The cell to the left of (n-18) is (n-19) as it has been decreased by 1. The cell to the right of (n-18) is (n-17) as it is 1 more than (n-18).<br />\n<br />\nWhen these 5 terms are added together I get:<br />\n<br />\n(n) + (n-9) + (n-17) + (n-18) + (n-19) = 5n - 63<br />\n<br />\nThe calculation above shows that the sum of the 5 terms within the T-shape is <br />\n<br />\n5n - 63, therefore I can make a proper formula:<br />\n<br />\nT = 5n - 63 where T is the T-total and n is the T-number<br />\n<br />\nT-number (n)<br />\n<br />\nT-total (T)<br />\n<br />\nT-total using formula (5n-63)<br />\n<br />\n20<br />\n<br />\n37<br />\n<br />\n(5x20)= 100 <br />\n<br />\n100-63 = 37<br />\n<br />\n26<br />\n<br />\n67<br />\n<br />\n(5x26)= 130 <br />\n<br />\n130-63 = 67<br />\n<br />\n50<br />\n<br />\n187<br />\n<br />\n(5x50)= 250 <br />\n<br />\n250-63 = 187<br />\n<br />\n80<br />\n<br />\n337<br />\n<br />\n(5x80)= 400 <br />\n<br />\n400-63 = 337<br />\n<br />\nThese are examples of 4 T-numbers in 4 T-shapes, and their T-totals; one calculated by adding the numbers in the T-shape, other calculated by using formula. <br />\n<br />\nThe formula works in all the exemplary cases.<br />\n<br />\nThe formula works because when the 5 terms in a given T-shape are rewritten in terms of n, the T-total is <br />\n<br />\n5n-63, when the grid width is 9 (cells). This is shown in the green calculation above.<br />\n<br />\nPart 2<br />\n<br />\nUse grids of different sizes. Translate the T-shape to different positions. Investigate the relation ships between the T-total, the T-number, and the grid size.<br />\n<br />\n1<br />\n<br />\n2<br />\n<br />\n3<br />\n<br />\n10<br />\n<br />\n10<br />\n<br />\n12<br />\n<br />\n19<br />\n<br />\n18<br />\n<br />\n21<br />\n<br />\n1<br />\n<br />\n2<br />\n<br />\n3<br />\n<br />\n10<br />\n<br />\n11<br />\n<br />\n12<br />\n<br />\n19<br />\n<br />\n20<br />\n<br />\n21<br />\n<br />\n1<br />\n<br />\n2<br />\n<br />\n3<br />\n<br />\n10<br />\n<br />\n12<br />\n<br />\n12<br />\n<br />\n19<br />\n<br />\n22<br />\n<br />\n21<br />\n<br />\nThe width of the grid will now be called w, and it should be noted that the grids are always square (w x w).<br />\n<br />\nIn these three T-shapes I noticed a pattern involving the T-number (n) and the width of the grid (w):<br />\n<br />\nn-2w-1<br />\n<br />\nn-2w<br />\n<br />\nn-2w+1<br />\n<br />\n10<br />\n<br />\nn-w<br />\n<br />\n12<br />\n<br />\n19<br />\n<br />\nn<br />\n<br />\n21<br />\n<br />\nThe square above the T-number is (n-w) because is it exactly one row (1 x w) above, so it is (w) less than (n). The square above (n-w) is (n-2w) as another row has been subtracted. The square to the left of this is (n-2w-1) because it is always one less than (n-2w). The square right of (n-2w) is (n-2w+1) as it is always one more than (n-2w).<br />\n<br />\n18-16-1<br />\n<br />\n18-16<br />\n<br />\n18-16+1<br />\n<br />\n10<br />\n<br />\n18-8<br />\n<br />\n12<br />\n<br />\n19<br />\n<br />\n18<br />\n<br />\n21<br />\n<br />\nThe T-shape to the left is from a grid of width 8 (w=8). When I used the terms above, in the T-shape, and they all work. This is proof that the pattern I found works.<br />\n<br />\nAs in Part 1, if I add all the terms together, I will be able to obtain a suitable formula to work out the T-total of a T-shape on a grid of width (w).<br />\n<br />\n(n) + (n-w) + (n-2w) + (n-2w-1) + (n-2w+1) = 5n - 7w<br />\n<br />\nThis calculation shows that the sum of the 5 terms within the T-shape is 5n - 7w, so I can make a formula which shows the relationship between the T-total, the T-number and the grid size:<br />\n<br />\nT = 5n - 7w where T is the T-total, n is the T-number and w is the grid width<br />\n<br />\nT-number (n)<br />\n<br />\nGrid width (w)<br />\n<br />\nT-total (T)<br />\n<br />\nT-total using formula<br />\n<br />\n(5n-7w)<br />\n<br />\n18<br />\n<br />\n8<br />\n<br />\n34<br />\n<br />\n(5x18)= 90<br />\n<br />\n(7x8)= 56<br />\n<br />\n90-56 = 34<br />\n<br />\n20<br />\n<br />\n9<br />\n<br />\n37<br />\n<br />\n(5x20)= 100<br />\n<br />\n(7x9)= 63<br />\n<br />\n100-63 = 37<br />\n<br />\n22<br />\n<br />\n10<br />\n<br />\n40<br />\n<br />\n(5x22)= 110<br />\n<br />\n(7x10)= 70<br />\n<br />\n110-70 = 40<br />\n<br />\nThe table above shows the formula in use, by using the three examples at the beginning of Part 2. The formula has been shown to be correct.<br />\n<br />\nn-2w-1<br />\n<br />\nn-2w<br />\n<br />\nn-2w+1<br />\n<br />\n10<br />\n<br />\nn-w<br />\n<br />\n12<br />\n<br />\n19<br />\n<br />\nn<br />\n<br />\n21<br />\n<br />\nThese are the terms of the numbers in a T-shape when the width of the grid is (w); they are all in terms of (n).<br />\n<br />\n1<br />\n<br />\n2<br />\n<br />\n3<br />\n<br />\n10<br />\n<br />\n11<br />\n<br />\n12<br />\n<br />\n19<br />\n<br />\n20<br />\n<br />\n21<br />\n<br />\n11<br />\n<br />\n12<br />\n<br />\n13<br />\n<br />\n10<br />\n<br />\n21<br />\n<br />\n12<br />\n<br />\n19<br />\n<br />\n30<br />\n<br />\n21<br />\n<br />\nIf this T-shape (below left) is moved down by 1, and moved right by 1, and the width of the grid is 9 (w=9), I obtain a new T-shape. The old T-number is 20, and the T-total is 37, while in the new T-shape the T-number is 30 and the T-total is 87. If I rewrite these numbers in terms of <br />\n<br />\nIf the vertical translation is 1 (the T-shape is moved down by 1) then y = 1, while the horizontal translation is also 1 (the T-shape is moved right by 1) then x = 1. The diagram below left shows what <br />\n<br />\nn-2w-1<br />\n<br />\nn-2w<br />\n<br />\nn-2w+1<br />\n<br />\n10<br />\n<br />\nn-w<br />\n<br />\n12<br />\n<br />\n19<br />\n<br />\nn<br />\n<br />\n21<br />\n<br />\n(n+x+wy-2w)-1<br />\n<br />\nn+x+wy-2w<br />\n<br />\n(n+x+wy-2w)+1<br />\n<br />\n10<br />\n<br />\nn+x+ wy-w<br />\n<br />\n12<br />\n<br />\n19<br />\n<br />\nn+x+wy<br />\n<br />\n21<br />\n<br />\nhappens to the terms in the T-shape when the T-shape is moved down 1 and right 1.<br />\n<br />\nThe terms in the translated T-shape are quite similar to the original T-shape terms; (n), (n-w), (n-2w), (n-2w-1) and (n-2w+1). This means that the formula must have 5n and -7w in it, although they do not have to be together. Every term in the T-shape has had two things added to it; (x) which is horizontal translation, and (wy) which is grid width multiplied by the amount of vertical translation. <br />\n<br />\nEach term has had (x) added to it because each square in the T-shape has been moved horizontally by (x). Because the numbers increase by 1 horizontally each time (e.g. 1 --&gt; 2 --&gt; 3) adding (x) would not make it move down (or up), just across i.e. it is horizontally translated.<br />\n<br />\nEvery term in the T-shape has also had (wy) added to it, and this is because they have been moved down by a number of rows i.e. a multiple of (w). This is vertical translation. When the vertical translation is 1, y = 1, and the grid width in this example is 9, so (wy) is 1 x 9 = 9. This means that the terms in the T-shape have been moved down by 9 squares, not 9 rows, and 9 squares is equal to 1 row. Therefore the T-shape has been moved down by 1 row.<br />\n<br />\nWhen all of the terms in the translated (moved) T-shape are added together, I obtain this formula:<br />\n<br />\n(n+x+wy) + (n+x+wy-w) + (n+x+wy-2w) + (n+x+wy-2w-1) + <br />\n<br />\n(n+x+wy-2w+1) = 5n + 5x + 5wy - 7w and when this is factorised I get: <br />\n<br />\n5(n + x + wy) - 7w<br />\n<br />\nThis formula has only been proven in one type of translation; down and right (1 type of diagonal translation, of which there are four types). This is an example of another type of diagonal translation.<br />\n<br />\n78<br />\n<br />\n79<br />\n<br />\n80<br />\n<br />\n10<br />\n<br />\n89<br />\n<br />\n12<br />\n<br />\n19<br />\n<br />\n99<br />\n<br />\n21<br />\n<br />\nIMPORTANT!<br />\n<br />\nSign conventions<br />\n<br />\nMvmnt.<br />\n<br />\nSign<br />\n<br />\n\u00ef\u00bf\u00bd<br />\n<br />\ny = negative<br />\n<br />\nv<br />\n<br />\ny = positive<br />\n<br />\n\u00ef\u00bf\u00bd<br />\n<br />\nx = negative<br />\n<br />\n\u00ef\u00bf\u00bd<br />\n<br />\nx = positive<br />\n<br />\nTo translate a T-shape upwards, y must be a negative whole number, so that (wy) is a negative, and hence the T-shape is moved up- rows have been subtracted.<br />\n<br />\nTo translate a T-shape to the right, x must be a positive integer; because this is the direction in which the numbers are increasing (they are decreasing to the left, so to move a T-shape to the left, x must be negative).<br />\n<br />\n14<br />\n<br />\n15<br />\n<br />\n16<br />\n<br />\n10<br />\n<br />\n25<br />\n<br />\n12<br />\n<br />\n19<br />\n<br />\n35<br />\n<br />\n21<br />\n<br />\nT = 14 + 15 + 16 +25 + 35 = 105<br />\n<br />\nT = (5 x 99) + (5 x -4) + (5 x (-6 x 10)) - (7 x 10) = 105<br />\n<br />\nThese two examples show that the formula works in at least half of all diagonal translations, so I will keep it:<br />\n<br />\nT = 5(n + x + wy) - 7w where T is the T-total, n is the T-number, w is the grid width, x is the horizontal translation, and y is the vertical translation<br />\n<br />\nNB: The T-shape must stay on the grid for the formula to remain valid; if one of the squares is not on the grid (i.e. an upside-down L shape), the formula will not work, as one of the terms is missing and the total (5n+5x+5wy-7w) is not reached.<br />\n<br />\nPart 3<br />\n<br />\nUse grids of different sizes again. Try other transformations and combinations of transformations. Investigate the relationships between the T-total, the T-number, the grid size, and the transformations.<br />\n<br />\nThere are 8 types of reflection overall in this project, but I will only investigate 4 of them.<br />\n<br />\nHorizontal Reflection<br />\n<br />\nn-2w-1<br />\n<br />\nn-2w<br />\n<br />\nn-2w+1<br />\n<br />\n10<br />\n<br />\nn-w<br />\n<br />\n12<br />\n<br />\n19<br />\n<br />\nn<br />\n<br />\n21<br />\n<br />\nn+(2h+1)w<br />\n<br />\nn+(2h+2)w<br />\n<br />\nn+(2h+3)w-1<br />\n<br />\nn+(2h+3)w<br />\n<br />\nn+(2h+3)w+1<br />\n<br />\n1<br />\n<br />\n2<br />\n<br />\n3<br />\n<br />\n11<br />\n<br />\n12<br />\n<br />\n13<br />\n<br />\n21<br />\n<br />\n22<br />\n<br />\n23<br />\n<br />\n31<br />\n<br />\n32<br />\n<br />\n33<br />\n<br />\n41<br />\n<br />\n42<br />\n<br />\n43<br />\n<br />\n51<br />\n<br />\n52<br />\n<br />\n53<br />\n<br />\n61<br />\n<br />\n62<br />\n<br />\n63<br />\n<br />\n71<br />\n<br />\n72<br />\n<br />\n73<br />\n<br />\n81<br />\n<br />\n82<br />\n<br />\n83<br />\n<br />\n91<br />\n<br />\n92<br />\n<br />\n93<br />\n<br />\nWhen the line of reflection is set horizontally between the two rows beginning 41 and 51, I get a reflection- an inverted T-shape. In the original T-shape, quite simply, all the terms add up to (5n-7w).<br />\n<br />\nTo find the top square of the inverted T-shape, (n) had (2h) rows of (w), and another row added to it. This makes (n+(2h+1)w). The square below this one has had another row, (w) added to it, so it is (n+(2h+2)w). Again the square below this is (w) greater than this square, so it is (n+(2h+3)w). The square left of this one is the same minus 1, because it is 1 less than it: (n+(2h+3)w-1). The final square is (n+(2h+3)w+1) because it is one more than (n+(2h+3)w). All the terms contain (2h) because every square is a minimum of (2h) rows (2hw) away from each other.<br />\n<br />\nTo add these terms together, I must multiply out the brackets:<br />\n<br />\n(n+(2h+1)w) + (n+(2h+2)w) + (n+(2h+3)w) + (n+(2h+3)w-1) + (n++(2h+3)w+1) = <br />\n<br />\n(n+2hw+w) + (n+2hw+2w) + (n+2hw+3w) + (n+2hw+3w-1) + (n+2hw+3w+1) = 5n + 10hw + 12w and when this is factorised I get: <br />\n<br />\n5(n + 2hw) + 12w<br />\n<br />\nIn the example above, the T-total for the reflected T-shape is 430 (when the 5 numbers are added together). When (n) is 22, (w) is 10 and (h) is 2, the formula tells me that the T-total is also 430. This proves that it works.<br />\n<br />\nT = 5(n + 2hw) + 12w where T is the T-total, n is the T-number, w is the grid width, and h is the distance from the horizontal line of reflection<br />\n<br />\nNB: The other type of horizontal reflection puts the original T-shape underneath the line of reflection. The formula is: T = 5n - (10hw + 18w).<br />\n<br />\nVertical Reflection<br />\n<br />\n1<br />\n<br />\n2<br />\n<br />\n3<br />\n<br />\n4<br />\n<br />\n5<br />\n<br />\n6<br />\n<br />\n7<br />\n<br />\n8<br />\n<br />\n9<br />\n<br />\n10<br />\n<br />\n11<br />\n<br />\n12<br />\n<br />\n13<br />\n<br />\n14<br />\n<br />\n15<br />\n<br />\n16<br />\n<br />\n17<br />\n<br />\n18<br />\n<br />\n19<br />\n<br />\n20<br />\n<br />\n21<br />\n<br />\n22<br />\n<br />\n23<br />\n<br />\n24<br />\n<br />\n25<br />\n<br />\n26<br />\n<br />\n27<br />\n<br />\n28<br />\n<br />\n29<br />\n<br />\n30<br />\n<br />\nWhen the line of reflection is set between the columns beginning with 5 and 6, a new T-shape is formed, to the right of the grid. This is the second yellow T-shape.<br />\n<br />\nn-2w-1<br />\n<br />\nn-2w<br />\n<br />\nn-2w+1<br />\n<br />\nn-2w-1+2h+3<br />\n<br />\nn-2w+2h+3<br />\n<br />\nn-2w+1+2h+3<br />\n<br />\n10<br />\n<br />\nn-w<br />\n<br />\n12<br />\n<br />\nn-w+2h+3<br />\n<br />\n19<br />\n<br />\nn<br />\n<br />\n21<br />\n<br />\nn+2h+3<br />\n<br />\nThe reflected T-shape&#039;s T-number equivalent would be (n+2h+3), and the (n-w) equivalent would be (n-w+2h+3). The (n-2w) equivalent is (n-2w+2h +3). The (n-2w-1) equivalent would be (n-2w+2h+3-1), and the (n-2w+1) equivalent is (n-2w+2h+3+1). Effectively, all the terms in the original T-shape have had (2h+3) added to them, so that they move across by this amount. There is no vertical movement, which is why there are no (hw) in the new terms.<br />\n<br />\nBy adding the new terms together I can get a formula for vertical translation:<br />\n<br />\n(n+2h+3) + (n+2h+3-w) + (n+2h+3-2w) + (n+2h+3-2w-1) + <br />\n<br />\n(n+2h+3-2w+1) = 5n + 10h +15 - 7w and when this is factorised I get: <br />\n<br />\n5(n + 2h + 3) - 7w<br />\n<br />\nIn the example above, when the 5 numbers of the reflected T-shape are added together, the T-total is 75. Using the formula, when (n) is 22, (w) is 10 and (h) is 2, the T-total is 75, which means the formula works.<br />\n<br />\nT = 5(n + 2h + 3) - 7w where T is the T-total, n is the T-number, w is the grid width, and h is the distance from the horizontal line of reflection<br />\n<br />\nNB: There is another kind vertical translation, where the original T-shape is on the right of the grid, and the reflection is on the left. The formula I found for this was T = 5n - 10h - 15 - 7w or T = 5(n - 2h - 3) - 7w.<br />\n<br />\nDiagonal Reflection (1)<br />\n<br />\n1<br />\n<br />\n2<br />\n<br />\n3<br />\n<br />\n4<br />\n<br />\n5<br />\n<br />\n6<br />\n<br />\n7<br />\n<br />\n8<br />\n<br />\n9<br />\n<br />\n10<br />\n<br />\n11<br />\n<br />\n12<br />\n<br />\n13<br />\n<br />\n14<br />\n<br />\n15<br />\n<br />\n16<br />\n<br />\n17<br />\n<br />\n18<br />\n<br />\n19<br />\n<br />\n20<br />\n<br />\n21<br />\n<br />\n22<br />\n<br />\n23<br />\n<br />\n24<br />\n<br />\n25<br />\n<br />\n26<br />\n<br />\n27<br />\n<br />\n28<br />\n<br />\n29<br />\n<br />\n30<br />\n<br />\n31<br />\n<br />\n32<br />\n<br />\n33<br />\n<br />\n34<br />\n<br />\n35<br />\n<br />\n36<br />\n<br />\n37<br />\n<br />\n38<br />\n<br />\n39<br />\n<br />\n40<br />\n<br />\n41<br />\n<br />\n42<br />\n<br />\n43<br />\n<br />\n44<br />\n<br />\n45<br />\n<br />\n46<br />\n<br />\n47<br />\n<br />\n48<br />\n<br />\n49<br />\n<br />\n50<br />\n<br />\n51<br />\n<br />\n52<br />\n<br />\n53<br />\n<br />\n54<br />\n<br />\n55<br />\n<br />\n56<br />\n<br />\n57<br />\n<br />\n58<br />\n<br />\n59<br />\n<br />\n60<br />\n<br />\n61<br />\n<br />\n62<br />\n<br />\n63<br />\n<br />\n64<br />\n<br />\n65<br />\n<br />\n66<br />\n<br />\n67<br />\n<br />\n68<br />\n<br />\n69<br />\n<br />\n70<br />\n<br />\n71<br />\n<br />\n72<br />\n<br />\n73<br />\n<br />\n74<br />\n<br />\n75<br />\n<br />\n76<br />\n<br />\n77<br />\n<br />\n78<br />\n<br />\n79<br />\n<br />\n80<br />\n<br />\n81<br />\n<br />\n82<br />\n<br />\n83<br />\n<br />\n84<br />\n<br />\n85<br />\n<br />\n86<br />\n<br />\n87<br />\n<br />\n88<br />\n<br />\n89<br />\n<br />\n90<br />\n<br />\n91<br />\n<br />\n92<br />\n<br />\n93<br />\n<br />\n94<br />\n<br />\n95<br />\n<br />\n96<br />\n<br />\n97<br />\n<br />\n98<br />\n<br />\n99<br />\n<br />\n100<br />\n<br />\nThe T-shape in the top-left corner is the original, while the one in the bottom-right corner is the reflection. <br />\n<br />\nn-2w-1<br />\n<br />\nn-2w<br />\n<br />\nn-2w+1<br />\n<br />\n10<br />\n<br />\nn-w<br />\n<br />\n12<br />\n<br />\n19<br />\n<br />\nn<br />\n<br />\n21<br />\n<br />\nn+2hw+2h+3<br />\n<br />\nn+(2h+1)w+2h+1<br />\n<br />\nn+(2h+1)w+2h+2<br />\n<br />\nn+(2h+1)w+2h+3<br />\n<br />\nn+(2h+2)w+2h+3<br />\n<br />\nThe reflection&#039;s T-number equivalent is (n+(2h+1)w+2h+1) because it has been moved down by ((2h+1)w), or (2hw+w) i.e. it has been moved down by (2h+1) rows. It has also been moved right by 2h+1 (if (h) is 2, then it has been moved across by 5). The term to the right of the T-number equivalent is almost the same, but it has been moved across by 1 more, so it must be (n+(2h+1)w+2h+2). The term to the right of this is 1 more again, so it has to be (n+(2h+1)w+2h+3). The term above this, is 1 row (1w) less than this term, but it has not horizontally, so it should be (n+2hw+2h+3). The last term, two rows below the previous one, must contain (2h+2)w in it, because the previous term contained (2h)w, and was 2 rows (2w) above it. It has not moved horizontally either, so it must be (n+(2h+2)w+2h+3).<br />\n<br />\nThis is what I get when I add all the terms together:<br />\n<br />\n (n+(2h+1)w+2h+1) + (n+(2h+1)w+2h+2) + (n+(2h+1)w+2h+3) + (n+2hw+2h+3) + (n+(2h+2)w+2h+3) = 5n + 10hw + 10h +5w + 12 and when this is factorised I get: <br />\n<br />\n5(n + 2hw + 2h + w) + 12<br />\n<br />\nIn the example, the T-total is 447 (worked out by adding up the numbers). Using the formula, when (n) is 33, (w) is 10, and (h) is 2, the calculated T-total is 447, which means that the formula works.<br />\n<br />\nT = 5(n + 2hw + 2h + w) + 12 where T is the T-total, n is the T-number, w is the grid width, and h is the distance from the horizontal line of reflection<br />\n<br />\nThere are three other types of diagonal reflection; using this 45\u00ef\u00bf\u00bd line, the original T-shape can be put in the bottom-right hand corner, and the formula for this is T = 5n - 10hw - 20w - 10h - 13 (or T = 5(n - 2hw - 4w - 2h) - 13), or I can put the original T-shape in either of the two remaining corners when I use a 45\u00ef\u00bf\u00bd line that is perpendicular to the one used above (2 diagrams shown in rectangular box); the formula for the first of the diagonal reflections in the rectangular box is T = 5n + 10hw + 5w - 10h - 12 or T = 5(n + 2hw + w - 2h) - 12. The formula for the last of the 8 cases of reflection is T = 5n + 10hw + 20w + 10h + 15 or T = 5(n + 2hw + 4w + 2h + 3).<br />\n<br />\nNB: The (n) (T-number) denotes where the original T-shape is.<br />\n<br />\n??<br />\n<br />\n??<br />\n<br />\n??<br />\n<br />\n??<br />\n<br />\nMathematics Coursework 1 - &quot;T-Totals&quot;<br />\n<br />\nJA ~ 25th June 2006 - 1 -"}