{"essay_id": "899063", "essay_title": "Contract Law/Case study", "rate": "3 star(s)", "level": "University Degree", "subject": "Law", "word_count": 2560, "submitted": "19/07/2010", "marked_by_teacher": {"teacher_name": "Edward Smith", "date": "25/03/2012"}, "essay_url": "http://www.markedbyteachers.com/university-degree/law/contract-law-case-study.html", "description": "Becks has lived with his girlfriend, Posh, for three years. They each contribute 50% of the council tax and house rates and have shared the other household expenses equally. Becks offered to buy for \u00ef\u00bf\u00bd10,000 Posh&#039;s share in Big Bank plc which she had inherited from her father. They were worth \u00ef\u00bf\u00bd100,000 and Becks knew this. Posh agreed because she was afraid that if she did not agree, Becks would leave her. Rooney, Beck&#039;s brother, threatened to tell Becks that he and Posh had had an affair before Becks had started to live with Posh. Rooney forced Posh to sign a guarantee for a loan which Rooney was borrowing from a bank as his business was in difficulty. The guarantee was secured by a charge on the flat in which Becks and Posh lived and which Posh owned.<br />\n<br />\nAdvise posh as to her legal position.<br />\n<br />\nWhat would your advice be based on the following alternative assumptions-<br />\n<br />\n(a) Becks had left Posh threatening to publish intimate photographs which he had taken when they were living together;<br />\n<br />\n(b) Rooney had become insolvent and the bank was seeking to enforce the guarantee;<br />\n<br />\n(c) When Posh had agreed to the sale and guarantee she was only seventeen years of age. <br />\n<br />\nWhen advising Posh as to her legal position in the given scenario, I will look at each aspect of the case separately. I will determine what the legal rules are and how, if at all, they should be applied to the case in hand.<br />\n<br />\nIn order to advise Posh as to her legal position, concerning the sale of her shares in Big Bank plc to Becks, it is of paramount importance to determine the existence, if any, of a binding contract between both parties and to what extent Posh may be bound by this. In order for a valid contract to exist, there must be present the following essential elements; agreement, consideration, and the intention to create legal relations.1 It would seem clear from the facts of the present case that there has been an agreement by both parties. Becks offered to buy the shares from Posh and she accepted, which would normally constitute an agreement. However, what is not clear from the facts of the case is to how this agreement was made. Some statutes lay down that certain types of contract must be made in writing. Due to the Companies Act 1985, contracts that involve the transfer of shares in a limited company must be made in writing. If it transpires that this was not the case then the contract would therefore be deemed to be void.<br />\n<br />\nThe next element to be examined is that of consideration. Becks offered to buy the shares for the sum of \u00ef\u00bf\u00bd10,000, to which Posh agreed. Although there is consideration present in respect of both parties, Posh may now argue that the sum of \u00ef\u00bf\u00bd10,000 was inadequate as the shares had a value of \u00ef\u00bf\u00bd100,000 and that Becks was aware of this. The law states that consideration need not be adequate but that it must be sufficient.2 In other words, the courts will not examine whether what has been given in exchange is of equivalent value.3 This was demonstrated in the case of Chappell v Nestle.4 The facts of the case were that Nestle were running a special offer whereby members of the public could obtain a music record by sending off three wrappers from Nestle&#039;s chocolate bars plus some money. The copyright to the records was owned by Chappell, who claimed that there had been breaches of this copyright. The case turned round whether the three wrappers from the chocolate bars amounted to part of the consideration. The House of Lords held that the three wrappers were part of the consideration even though they were of no significant value. On the basis of this Posh&#039;s argument concerning inadequate consideration would fail as it would be deemed to be sufficient.<br />\n<br />\nThe next issue which must be addressed is that of their intention to create legal relations in order to establish if this agreement would be legally binding. As far as intent to be legally bound is concerned, contracts can be divided into domestic and social agreements on the one hand and commercial transactions on the other.5 As neither party seems to be acting in a business capacity and have had a close relationship for at least three years, this agreement, if established, would fall into the category of either a social or domestic agreement. Although Posh and Becks are not married, they have been living together and sharing domestic finances for three years which would represent the domestic nature of any agreement. The law presumes that in the case of domestic agreements that there is no intention to create legal relations.6 In the case of Balfour v Balfour,7 which involved an agreement between a husband and his wife, the Court of Appeal held that the agreement was not legally binding. This was due to the fact that there was no intention to create legal relations at the time when the agreement was made and that the courts had no place to interfere in agreements of a domestic nature. On this basis Posh may rely on the fact that she had no intention to create legal relations unless any agreement states to the contrary.<br />\n<br />\nIf it is established that a valid contract does indeed exist, then there may be present some vitiating factor that would render the contract voidable which in turn may then be rescinded.8 Posh states that she only agreed to the sale of her shares as she was afraid, that if she did not comply, that Becks would leave her. This may be shown to have unduly influenced her in reaching the decision to sell her shares at such a discounted price. Undue influence may be present in a contract in one of two forms: actual and presumed undue influence.9 Actual undue influence requires that one party would exercise actual influence over the other which would induce them to enter into the transaction10 as clearly shown in the case of CIBC Mortgages plc v Pitt.11 This would not be the case in Posh&#039;s decision to sell her shares to Becks and so may not be relied upon. Presumed undue influence exists where there is a pre-existing relationship of confidence between two parties to a contract, as a result of which one places trust in the other, and the contract between them is manifestly disadvantageous to the party who places trust in the other.12 It has now been accepted that such relationships of trust and confidence may exist between husband and wife and indeed cohabitees13 as recognized in the case of Barclays Bank plc v O&#039;Brien.14 There is manifest disadvantage where a transaction looks suspiciously unfavourable to one party and requires explanation.15 This seems to be the case concerning the transaction between Posh and Becks due to their emotional involvement and the price for which the shares were sold and so may therefore be relied upon to have the contract made voidable and set aside. <br />\n<br />\nTurning to Posh&#039;s legal position concerning the signing of a guarantee for a loan for Rooney, we must look closely as to haw this was obtained. It is stated that Rooney threatened to tell his brother about his affair with Posh unless she signed the guarantee for the loan which Rooney was borrowing. This would suggest that Posh had felt under pressure to carry out the agreement. Since a contract will only be binding if the parties voluntarily consent to it, it is obvious that where one party is forced to consent by threats or undue persuasion by the other, that consent should be invalid.16 This coercion may be brought about either by duress or by undue influence which, if established, would make any contract voidable. In order for there to be a finding of duress there is a requirement to satisfy each of the following conditions:17<br />\n<br />\n* Pressure was extended on the contracting party.<br />\n<br />\n* This pressure was illegitimate.<br />\n<br />\n* The pressure induced the claimant to enter the contract.<br />\n<br />\n* The claimant had no real choice but to enter the contract.<br />\n<br />\n* The claimant protested at the time or shortly after the contract was made.<br />\n<br />\nIn the case of posh it is clear that there was pressure exerted on her and that this pressure induced her to enter into the contract. She may also state that she did not have any real choice as she did not want Becks to gain knowledge of her affair with his brother. Posh must now be protesting against there being any contract as she is seeking legal advice and so must clearly satisfy four of these conditions. The condition which Posh may have difficulty in satisfying is that the pressure was illegitimate and so may wish to state that there was undue influence alternatively. As previously stated actual undue influence requires that one party would exercise actual influence over the other which would induce them to enter into the transaction.18 The influence tends to be of a kind which is similar to, but falls short of, duress.19 Slade LJ in Bank of Credit and Commerce International SA v Aboody20 stated that &quot;...a person relying on a plea of actual undue influence must show that (a) the other party to the transaction had the capacity to influence the complainant; (b) the influence was exercised; (c) its exercise was undue; (d) its exercise brought about the transaction...&quot;21 in the case of Posh it would seem that she would satisfy each of these requirements and so may therefore rely upon the doctrine of actual undue influence to have any contract made voidable.<br />\n<br />\nIf Becks had left Posh threatening to publish intimate photographs which he had taken when they were living together, then Posh would be advised to do everything within her powers to refrain him from carrying out this threat. In order to achieve this she would need to seek an injunction which is a court order restraining the defendant from a specified activity,22 namely the publication of the photographs. The type of injunction which she would be seeking would be a prohibitory injunction which serves to prevent any future breach of contract.23 This can be shown in the case of Theakston v MGN Ltd.24 The case involved a famous television presenter who successfully acquired an injunction against a national newspaper. The newspaper was planning on publishing photographs of him entering a brothel and stating that he had engaged in sexual activity with three prostitutes. His main claim was that the publication of the material would constitute a breach of confidentiality and a breach of his right to privacy as provided under The Human Rights Act 1998 Sch. 1 Part I Art.8. On the same basis, Posh may seek a prohibitory injunction so as to prevent Becks from publishing the photographs without her consent.<br />\n<br />\nIf Rooney had become insolvent and the bank was seeking to enforce the guarantee then the legal position of Posh would be as follows. Posh signed the guarantee for the loan for Rooney which was secured by a charge on the flat which she owned. The bank would now be seeking the sale of the flat in order to honour the loan. It has already been established that the guarantee was signed under undue influence. It will therefore be important to establish as to whether or not the bank had any knowledge of the undue influence. Where a contracting party is placed on inquiry as to the existence of undue influence, they will only be able to enforce the contract if they can avoid being fixed with constructive notice of the undue influence. They will only avoid having constructive notice by taking reasonable steps to be satisfied that the other party&#039;s agreement had been freely given.25 The leading authority on this subject 26is Royal Bank of Scotland v Eltridge (No.2).27 If the bank was aware as to the existence of any relationship between Posh and Rooney, then they would have been placed on inquiry and should have taken reasonable steps, such as insisting upon independent legal advice, in order to avoid being fixed with constructive notice. If the bank was totally unaware as to any relationship or the presence of undue influence, as seems to be the case here, then they may indeed enforce the guarantee and Posh may be forced to sell her flat in order to honour the loan.<br />\n<br />\nBased on the alternative assumption that when Posh had agreed to the sale and guarantee she was only seventeen years of age then her capacity to contract must be examined. Due to the fact that she is only seventeen, she would be classed as a minor as stated by The Minors&#039; Contracts Act 1987.28 The basic common law rule is that contracts do not bind minors. There are, however, some types of contracts which are binding on minors or which are merely voidable.29 The only contracts binding on a minor are contracts for necessaries and contracts of service for the minor&#039;s benefit.30 This is not applicable in the case of Posh as neither the sale of the shares or being guarantor fall within either of these categories. Apart from these types of contract the general rule is that a minor&#039;s contracts are voidable.31 Relying on this, Posh will be under no obligation as to the sale of the shares to Becks or to the guarantee for the loan to Rooney. <br />\n<br />\n1 Catherine Elliott, Frances Quinn, Contract Law, (2005), p.7.<br />\n<br />\n2 Jill Poole, Textbook on Contract Law, (2006), p.123.<br />\n<br />\n3 Ibid.<br />\n<br />\n4 Chappell &amp; Co. v Nestle &amp; Co. Ltd [1960] AC 87.<br />\n<br />\n5 Catherine Elliott, Frances Quinn, Contract Law, (2005), p. 50.<br />\n<br />\n6 Jill Poole, Casebook on Contract Law, (2006), p. 179.<br />\n<br />\n7 Balfour v Balfour [1919] 2 KB 571.<br />\n<br />\n8 Catherine Elliott, Frances Quinn, Contract Law, (2005), p. 206.<br />\n<br />\n9 Ibid. p.210.<br />\n<br />\n10Jill Poole, Casebook on Contract Law, (2006), p. 571. <br />\n<br />\n11 CIBC Mortgages plc vPitt [1994] 1 AC 200.<br />\n<br />\n12 Catherine Elliott, Frances Quinn, Contract Law, (2005), p. 211.<br />\n<br />\n13 Jill Poole, Textbook on Contract Law, (2006), p.569.<br />\n<br />\n14 Barclays Bank plc v O&#039;Brien [1994] 1 AC 180.<br />\n<br />\n15 Catherine Elliott, Frances Quinn, Contract Law, (2005), p. 213.<br />\n<br />\n16 Catherine Elliott, Frances Quinn, Contract Law, (2005), p. 206.<br />\n<br />\n17 Ibid.<br />\n<br />\n18 Jill Poole, Casebook on Contract Law, (2006), p. 571. <br />\n<br />\n19 Catherine Elliott, Frances Quinn, Contract Law, (2005), p. 211.<br />\n<br />\n20 Bank of Credit and Commerce International SA v Aboody [1990] QB 923.<br />\n<br />\n21 Jill Poole, Casebook on Contract Law, (2006), p. 650.<br />\n<br />\n22 Jill Poole, Textbook on Contract Law, (2006), p. 410.<br />\n<br />\n23 Ibid.<br />\n<br />\n24 Theakston v MGN Ltd [2002] EWHC 137.<br />\n<br />\n25 Catherine Elliott, Frances Quinn, Contract Law, (2005), p. 215. <br />\n<br />\n26 Jill Poole, Casebook on Contract Law, (2006), p. 668.<br />\n<br />\n27 Royal Bank of Scotland v Eltridge (No.2) [2001] UKHL 44, [2002] 2 AC 773. <br />\n<br />\n28Jill Poole, Textbook on Contract Law, (2006), p. 625. <br />\n<br />\n29 Catherine Elliott, Frances Quinn, Contract Law, (2005), p. 57.<br />\n<br />\n30 Ibid. pp. 57-58.<br />\n<br />\n31 Ibid. p.60.<br />\n<br />\n??<br />\n<br />\n??<br />\n<br />\n??<br />\n<br />\n??<br />\n<br />\n1"}