{"essay_id": "902624", "essay_title": "Notes on Un Duel - Guy De Maupassant", "rate": "5 star(s)", "level": "AS and A Level", "subject": "Modern Foreign Languages", "word_count": 861, "submitted": "10/10/2010", "marked_by_teacher": {"teacher_name": "Sarah Benson", "date": "08/01/2013"}, "essay_url": "http://www.markedbyteachers.com/as-and-a-level/modern-foreign-languages/notes-on-un-duel-guy-de-maupassant.html", "description": "Un Duel - Guy de Maupassant<br />\n<br />\nUn r\u00ef\u00bf\u00bdsum\u00ef\u00bf\u00bd bref <br />\n<br />\nLe conte a lieu \u00ef\u00bf\u00bd la fin de la guerre entre France et la Prusse et Paris vient de livrer aux prussiens apr\u00ef\u00bf\u00bds le si\u00ef\u00bf\u00bdge de Paris. L&#039;arm\u00ef\u00bf\u00bde prussienne occupe maintenant la France. Monsieur Dubuis est un gros commer\u00ef\u00bf\u00bdant bourgeois. Il voyage en train de Paris vers la Suisse. Sa femme et sa fille sont all\u00ef\u00bf\u00bdes en Suisse, avant la guerre pour leur s\u00ef\u00bf\u00bdcurit\u00ef\u00bf\u00bd. Il est en train de les rejoindre. <br />\n<br />\nAu d\u00ef\u00bf\u00bdbut de l&#039;histoire, il est dans un compartiment avec deux touristes anglais qui sont tr\u00ef\u00bf\u00bds \u00ef\u00bf\u00bdtranges. Ils sont touristes dans une zone de guerre. Ils admirent la destruction de la France par les Prussiens. Monsieur Dubuis et les touristes peuvent voir la destruction provoqu\u00ef\u00bf\u00bde par la guerre dans la campagne fran\u00ef\u00bf\u00bdaise et des troupes prussiennes. Le train s&#039;arr\u00ef\u00bf\u00bdte, et un officier monte dans leur voiture.<br />\n<br />\nMonsieur Dubuis se cache derri\u00ef\u00bf\u00bdre son journal, pendant que l&#039;officier se vante devant les touristes anglais de la victoire de l&#039;arm\u00ef\u00bf\u00bde prussienne, et combien des personnes fran\u00ef\u00bf\u00bdaises qu&#039;il a tu\u00ef\u00bf\u00bdes. Monsieur Dubuis refuse de r\u00ef\u00bf\u00bdagir \u00ef\u00bf\u00bd la conversation provocante de l&#039;officier. Quand le train s&#039;arr\u00ef\u00bf\u00bdte \u00ef\u00bf\u00bd la gare, l&#039;officier demande \u00ef\u00bf\u00bd M. Dubuis de descendre du train pour lui acheter du tabac. M. Dubuis descend du train mais seulement pour monter dans un autre compartiment. Le train s&#039;arr\u00ef\u00bf\u00bdte, encore une fois, et l&#039;officier arrive au compartiment de M. Dubuis, suivi par les deux touristes. L&#039;officier dit a M. Dubuis qu&#039;\u00ef\u00bf\u00bd cause de sa d\u00ef\u00bf\u00bdsob\u00ef\u00bf\u00bdissance, il va lui couper la moustache de M. Dubuis et la met dans son pipe. L&#039;officier prend la moustache de M. Dubuis, quand soudain, M. Dubuis se met en col\u00ef\u00bf\u00bdre et attaque l&#039;officier. Il l&#039;\u00ef\u00bf\u00bdcrase et commence \u00ef\u00bf\u00bd le frapper irr\u00ef\u00bf\u00bdsistiblement. L&#039;officier saigne et \u00ef\u00bf\u00bdtouffe. Tout \u00ef\u00bf\u00bd coup, M. Dubuis s&#039;arr\u00ef\u00bf\u00bdte. L&#039;officier, \u00ef\u00bf\u00bdtonn\u00ef\u00bf\u00bd, demande a de M. Dubuis de se battre en dans un duel. Tout le monde descend du train, et M. Dubuis et l&#039;officier vont se battre. M. Dubuis n&#039;a jamais utilis\u00ef\u00bf\u00bd d&#039;un pistolet, par hasard, il tire sur l&#039;officier, et il le tue. Les deux touristes applaudent et alors, les trois personnes continuent leur voyage.<br />\n<br />\nEtude de caract\u00ef\u00bf\u00bdre <br />\n<br />\nL&#039;officier prussien est le personnage le plus fort dans l&#039;histoire. Maupassant le pr\u00ef\u00bf\u00bdsente comme violent, machiav\u00ef\u00bf\u00bdlique, cruel et arrogant jusqu&#039;au point de la folie. <br />\n<br />\nComme d&#039;habitude, l&#039;officier abuse de son pouvoir. M. Dubuis est le personnage faible et Maupassant le pr\u00ef\u00bf\u00bdsente d&#039;une mani\u00ef\u00bf\u00bdre positive. Il a un ventre grand et rond. Il pr\u00ef\u00bf\u00bdf\u00ef\u00bf\u00bdre la paix \u00ef\u00bf\u00bd la guerre. M. Dubuis veut \u00ef\u00bf\u00bdviter le conflit avec l&#039;officier mais il perd patience et finalement il r\u00ef\u00bf\u00bdagit quand l&#039;officier lui pousse.<br />\n<br />\nLes Anglais sont excit\u00ef\u00bf\u00bds mais quand l&#039;officier arrive et commence \u00ef\u00bf\u00bd railler la France, ils se taisent bien qu&#039;ils ne comprennent pas ce que l&#039;officier dit. Ils deviennent inquiets, cependant ils ne font rien et ils ignorent M. Dubuis. Pourtant, d\u00ef\u00bf\u00bds que Monsieur Dubuis attaque l&#039;officier, ils deviennent des spectateurs curieux et avides de voir comment l&#039;incident va finir. Ils ont un divertissement au d\u00ef\u00bf\u00bdtriment de Monsieur Dubuis. Ils sont press\u00ef\u00bf\u00bds et ils ne veulent pas manquer le train. Au final, c&#039;est une chose triviale pour les Anglais - ils sont contents quand M. Dubuis tue l&#039;officier pendant un moment et ils retournent \u00ef\u00bf\u00bd leurs affaires imm\u00ef\u00bf\u00bddiatement apr\u00ef\u00bf\u00bds. Leur indiff\u00ef\u00bf\u00bdrent m&#039;agace et c&#039;est tr\u00ef\u00bf\u00bds triste. <br />\n<br />\nLe message de Maupassant<br />\n<br />\nMaupassant montre la destruction caus\u00ef\u00bf\u00bde par la guerre, et ses effets sur les gens et la France. M. Dubuis devient tr\u00ef\u00bf\u00bds prudent \u00ef\u00bf\u00bd cause de la guerre. M\u00ef\u00bf\u00bdme, l&#039;officier prussien est touch\u00ef\u00bf\u00bd par la guerre d&#039;une fa\u00ef\u00bf\u00bdon n\u00ef\u00bf\u00bdgative, son arrogance et sa cruaut\u00ef\u00bf\u00bd le montrent. <br />\n<br />\nLes Anglais jouent un r\u00ef\u00bf\u00bdle tr\u00ef\u00bf\u00bds \u00ef\u00bf\u00bdtrange. Ils ne sont pas les amis de la France (comme dans la guerre), ils restent tranquilles. Ils sont touristes dans une guerre, qui veulent admirer la destruction de la France et voient le duel entre M. Dubuis et l&#039;officier comme un spectacle pour leur divertissement. <br />\n<br />\nDans le conte, le personnage faible, M. Dubuis r\u00ef\u00bf\u00bdussi \u00ef\u00bf\u00bd gagner. Cependant, ce n&#039;est pas une victoire compl\u00ef\u00bf\u00bdte. Premi\u00ef\u00bf\u00bdrement, c&#039;est une victoire bizarre et par hasard. M. Dubuis ne s&#039;est jamais servi d&#039;un pistolet, et il aurait d\u00ef\u00bf\u00bd \u00ef\u00bf\u00bdtre tu\u00ef\u00bf\u00bd par l&#039;officier. Deuxi\u00ef\u00bf\u00bdmement, a &#039;victoire&#039; est tuer un homme avec qu&#039;il veut \u00ef\u00bf\u00bdviter un conflit. <br />\n<br />\nLes Sentiments Personnelles<br />\n<br />\nContrairement aux autres histoires de Maupassant, j&#039;aime &#039;Un Duel&#039;. Je pense que des personnages sont int\u00ef\u00bf\u00bdressants et refl\u00ef\u00bf\u00bdtent l&#039;attitude anglaise envers la guerre entre la Prusse et la France. L&#039;autre chose qui me plait est que cette histoire n&#039;est pas tragique - le succ\u00ef\u00bf\u00bds de Monsieur Dubuis inspire et est porteur d&#039;espoir. <br />\n<br />\nCitations<br />\n<br />\no &#039;Le pays palpitait comme un lutteur vaincu tomb\u00ef\u00bf\u00bd sous le genou de vainqueur.&#039;<br />\n<br />\no &#039;Paris affol\u00ef\u00bf\u00bd, affam\u00ef\u00bf\u00bd, d\u00ef\u00bf\u00bdsesp\u00ef\u00bf\u00bdr\u00ef\u00bf\u00bd.&#039;<br />\n<br />\no &#039;Le sang coulait ; l&#039;Allemand, \u00ef\u00bf\u00bdtrangl\u00ef\u00bf\u00bd, r\u00ef\u00bf\u00bdlait, crachait ses dents.&#039;<br />\n<br />\no &#039;Les Anglais s&#039;\u00ef\u00bf\u00bdtaient lev\u00ef\u00bf\u00bds et rapproch\u00ef\u00bf\u00bd pour mieux voir.&#039;"}