{"essay_id": "904498", "essay_title": "Outline the causes and effects of one movement of labour from one region to another.", "rate": "3 star(s)", "level": "International Baccalaureate", "subject": "Geography", "word_count": 604, "submitted": "31/10/2010", "marked_by_teacher": {"teacher_name": "Eleanor Wilson", "date": "08/01/2013"}, "essay_url": "http://www.markedbyteachers.com/international-baccalaureate/geography/outline-the-causes-and-effects-of-one-movement-of-labour-from-one-region-to-another.html", "description": "Charis Ow<br />\n<br />\nMr Ben Hough<br />\n<br />\nGlobal Interactions - HL extension<br />\n<br />\nEconomic interactions and flows<br />\n<br />\nOutline the causes and effects of one movement of labour from one region to another.<br />\n<br />\nUnemployment has been a serious issue occurring in many regions such as South Asia, where population is growing rapidly and its undeveloped economies -further elevating unemployment rates. Over the years, individuals struggle to look for suitable occupations up to the extent of migrating overseas due to many reasons. <br />\n<br />\nThere are many causes of the movement of labour from one region to another -one of them is the low wages from their origin which pushes them to look for a better one as it does not pay well enough for them to support their families. For example, LEDCs such as India and Bangladesh would opt for a better lifestyle as they commonly perceive that working overseas would help them to live a more improved lifestyle. In addition to that, labour workers might find that there are better paid wages in other regions such as South East Asia and the Americas so that they could support their family -providing better food and necessities. Besides that, rapid economic development in these MEDCs attracts labour workers to migrate overseas as they believe the economy is more stable and there will be fewer fluctuations of inflation rates so that they would have less risky and long-term jobs. <br />\n<br />\nThis movement of labour brings many effects to the origin, destination and the individual migrants. Due to large movement of labour, the origin would suffer from the difficulty of searching for labour workers for the own development of the country. Therefore, without sufficient source of labour -brain drain, the origin would not be able to develop and improve, preventing economic growth and progress of the country.<br />\n<br />\nHowever, the migration could also be beneficial for the destination country as it is able to have access to cheap labour. For example, in Malaysia, many LEDC such as Bangladeshis and Myanmarese are employed to work at construction sites. Moreover, with a large number of workers, these buildings are expected to be built faster and more efficiently -further developing the destination country. On the contrary, the movement of labour might be a disadvantage for the destination country as well. Riots and protests are likely to occur if the workers are not happy with their wages or their jobs&#039; prescriptions -causing chaos to the destination country. <br />\n<br />\nThe migration of labour to another region may bring both benefits and detriments to the individual migrants. Firstly, they may benefit from it as they are able to have access to better jobs with better wages -which means higher remittances. Moreover, they can now support their family with better food, necessities and education. However, the migration may also be a disadvantage as foreign workers are not given priority in the destination countries. This means that they have no rights to request for better treatment and medication. As an example, in Dubai, there are many cases of maids and construction workers that are ill-treated -violently abused and sexually harassed by their employers. Besides that, these foreign labours are often discriminated in both working environment and non-working environment as they are not allowed to enjoy certain facilities in the country -unlike the locals.<br />\n<br />\nIn conclusion, the movement of labour from one region to another may bring many benefits if it was only viewed from the surface. However, in a closer scrutiny, the migration could also bring harmful effects to all sides -the origin, destination country and the individual migrant. Nevertheless, these problems could possibly be solved if some compromises are made -benefitting all parties."}