{"essay_id": "907617", "essay_title": "Aims and objectives of Asda.", "rate": "3 star(s)", "level": "AS and A Level", "subject": "Business Studies", "word_count": 984, "submitted": "05/12/2010", "marked_by_teacher": {"teacher_name": "David Salter", "date": "01/12/2012"}, "essay_url": "http://www.markedbyteachers.com/as-and-a-level/business-studies/aims-and-objectives-of-asda.html", "description": "[P3]<br />\n<br />\nAims and Objectives<br />\n<br />\nAll businesses have aims that they want to achieve, and objectives that help them plan what they have to do to achieve those aims. <br />\n<br />\nAIMS are the overall goals and purposes that the business was set up to fulfil. In other words, aims are the general statements of what the business wants to achieve or where it wants to go in future.<br />\n<br />\nOBJECTIVES are specific targets that must be achieved if the business is to fulfil its aims. The objectives of a business are closely related to its aims and should fulfil two essential criteria. Objectives are set so that they can be achieved over a period of time.<br />\n<br />\nASDA group PLC aims to provide goods and services that are cheap and affordable to the public. Reducing packaging is one of ASDA&#039;s key objectives and they are considering every option to achieve this goal. It intends to increase the amount of fresh products sold loose from boxes and reduce its range of own label pre-packed products sold in its stores across the country. Recently ASDA has announced that it intends to reduce the amount of own label packaging by 25 per cent over the next twelve months.<br />\n<br />\nThe main aims of ASDA are listed below:<br />\n<br />\n* Reducing the cost objectives of their items/products <br />\n<br />\n* To offer quality products at low price<br />\n<br />\n* Recycling their waste<br />\n<br />\n* Packaging their products well<br />\n<br />\n* Supporting Voluntary Services and Assisting charities in UK<br />\n<br />\n* Providing Financial assistance and insurance<br />\n<br />\n* Reducing energy consumption and being environment friendly<br />\n<br />\n* Building a Sustainable business<br />\n<br />\n* Surviving as a business<br />\n<br />\n* Improving quality of the products <br />\n<br />\n* Providing a highly competitive service<br />\n<br />\n[P3]<br />\n<br />\nBusiness Objectives are the clearly defined targets which are made to fulfil the aims. It helps to motivate the employees and enables the business to track its progress in fulfilling the aims. The objectives of the business must be achievable. The business should be able to realistically meet the targets. For example, ASDA wants to be recognized as the most affordable supermarket in the country. It does not want bad publicity over environmental issues.<br />\n<br />\nThe mail objectives of ASDA are listed below:<br />\n<br />\n* to design out packaging waste growth by 2008<br />\n<br />\n* to deliver absolute reductions in packaging waste by March 2010<br />\n<br />\n* to identify ways to tackle the problem of food waste<br />\n<br />\n* To be recognized as the most affordable supermarket in the country<br />\n<br />\n* to reduce the amount of own label packaging by 25 per cent over the next twelve months<br />\n<br />\n* to improve their services than last year<br />\n<br />\n* to sell more of its products<br />\n<br />\nThe purpose of a business is to survive. Survival of a business enables it to generate profit, leading to the possibility of growing. The objectives of the business must be aimed at what the business does and should be agreed by all those concerned in trying to achieve the objective. The objectives should be challenging and should have time limit of when the objectives should be achieved.<br />\n<br />\nCwmbran Stadium is one of the sports facilities in cwmbran with international-standard athletics track &amp; field as well as a brand new eight-court sports hall. It has fitness suite with welcoming facilities and friendly instructors offering the opportunity to have fun and make friends while working out. Apart from that, it also provides indoor swimming and eight court sports hall. There is also a caf\u00ef\u00bf\u00bd with vending machines.The basic aim of Cwmbran Stadium is to provide good sport facilities to the local community. It provides home for many resident clubs which organize many popular sports activities. Meetings are also held in the stadium at times. <br />\n<br />\n[P3]<br />\n<br />\nThe aims of the Cwmbran Stadium are listed below:<br />\n<br />\n* To provide good sports facilities to the local community<br />\n<br />\n* To support Cwmbran Town F.C.<br />\n<br />\n* To operate a customer focused sports facility with a commitment to high standards of service, cleanliness and customer care<br />\n<br />\n* To encourage all sectors of the community to participate in sport at the facility<br />\n<br />\n* To provide a quality home and venue for the resident clubs and players across a wide range of sports<br />\n<br />\n* To form close working relationships with local sports clubs<br />\n<br />\n* To attract major sporting, musical and other suitable events to the arena <br />\n<br />\n* To provide a quality catering operation with wide range of facilities <br />\n<br />\n* To engage those who represent groups and organisations in the community with an interest in the positive development of the Cwmbran Stadium<br />\n<br />\nThe objectives of the Cwmbran Stadium are listed below:<br />\n<br />\n* To ensure that the interests of community and neighbourhood are properly taken into account when plans and programmes for sports are made<br />\n<br />\n* To encourage and assist the formation of constructive partnerships between sports clubs, local communities, local authorities and other interested parties <br />\n<br />\n* To identify ways in which clubs can help to address social, educational and economic disadvantage in their immediate neighbourhood<br />\n<br />\n* To research, identify and promote instances of good practice<br />\n<br />\n* To provide and exchange information and help for member, and other groups<br />\n<br />\n* Ensuring that the stadium is used as a community based facility <br />\n<br />\n* Supporting and promoting community development work<br />\n<br />\n* Creating a central base for amateur clubs, schools etc.<br />\n<br />\nAll the Business should have aims and objectives so that they know what they are doing and have certain target to fulfill. It needs aims and objectives to be successful and make profits. It needs to have its staffs working for a common purpose. Aims and objectives are made to make the business more challenging so that the staffs and all the members work equally hard to reach the goal.<br />\n<br />\n??<br />\n<br />\n??<br />\n<br />\n??<br />\n<br />\n??<br />\n<br />\nThis document was downloaded from Coursework.Info - The UK&#039;s Coursework Database - http://www.coursework.info/<br />\n<br />\nThis document was downloaded from Coursework.Info - The UK&#039;s Coursework Database - http://www.coursework.info/<br />\n<br />\nThis document was downloaded from Coursework.Info - The UK&#039;s Coursework Database - http://www.coursework.info/<br />\n<br />\nThis document was downloaded from Coursework.Info - The UK&#039;s Coursework Database - http://www.coursework.info/"}