{"essay_id": "908842", "essay_title": "TO WHAT EXTENT CAN A STREETCAR NAMED DESIRE BE CALLED A TRAGEDY?", "rate": "5 star(s)", "level": "AS and A Level", "subject": "English", "word_count": 2052, "submitted": "17/12/2010", "marked_by_teacher": {"teacher_name": "Roz Shipway", "date": "22/02/2012"}, "essay_url": "http://www.markedbyteachers.com/as-and-a-level/english/to-what-extent-can-a-a-a-streetcar-named-desire-a-atm-be-called-a-tragedy.html", "description": "TO WHAT EXTENT CAN &#039;A STREETCAR NAMED DESIRE&#039; BE CALLED A TRAGEDY?<br />\n<br />\n &#039;A Streetcar Named Desire&#039; was written by Tennessee Williams in 1947, eliciting the most critical commentary of any of his works, as well as being highly divisive: upon its release, one reviewer defined it as the product of an &quot;almost desperately morbid turn of mind&quot;1; George Jean Nathan criticised the &quot;unpleasant&quot;2 nature of the play, calling it &quot;&#039;The Glands Menagerie&#039;&quot;3. Williams&#039; focus on realism, and the subsequent omission of clear-cut protagonists and antagonists in &#039;Streetcar&#039;, also drew glowing reviews, from the pre-eminent theatre critic Brook Atkinson, for example, who called Williams &quot;a genuinely poetic playwright whose knowledge of people is honest and thorough&quot;4. This difference in opinion does not stop at subjective criticism of the play, but even the specific genre which &#039;Streetcar&#039; falls into. Many assume it to be a tragedy of some type, and there is indeed much to commend this view. However, the ambiguous nature of many aspects of the play and Williams&#039; inclusion of alternate dramatic devices has led many to believe that &#039;Streetcar&#039; should not be classified as a tragedy, but as a melodrama.<br />\n<br />\n In any tragedy, the tragic protagonist is of vital importance: everything is centred on the protagonist, their flaw and subsequent downfall. However, in &#039;Streetcar&#039;, there is large uncertainty as to who this tragic protagonist actually is. This equivocacy may be observed in the difference in artistic opinion between the play&#039;s original director, Elia Kazan, and the play&#039;s second director, Harold Clurman. Elia Kazan was a close friend of Tennessee Williams, who told him to ensure that &quot;Blanche (had) the understanding and compassion of the audience... without creating a black-dyed villain in Stanley&quot;5. Indeed, from his director&#039;s private notebook, published in 1976, it is clear that Kazan&#039;s sympathies lie with Stanley, who he sees as defending his household against the corrupting influence of Blanche: for instance, Stanley&#039;s seemingly crude violation of Blanche&#039;s belongings in an attempt to find legal papers and his later physical violation of her person would have been justified in Kazan&#039;s eyes, as the social incorrectness of Blanche&#039;s intrusion into his domestic kingdom and subsequent undermining of his authority and values (&quot;Well - if you&#039;ll forgive me - he&#039;s common!&quot;, &quot;He acts like an animal... Stanley Kowalski - survivor of the Stone Age!&quot;, &quot;Don&#039;t hang back with the brutes!&quot;) outweighs the respective incorrectness of his retaliatory actions (&quot;Come to think of it - maybe you wouldn&#039;t be bad to - interfere with...&quot;). As such, Kazan&#039;s direction dictated that Stanley be the victim of Blanche&#039;s actions. It was even reported that some members of the audience cheered the rape of Blanche in Kazan&#039;s production, with critic Signi Falk noting the &quot;waves of titillated laughter (which) swept over the audience&quot; 6. In direct opposition to Kazan, Clurman reallocated the role of victim to Blanche, positing that &#039;Streetcar&#039; portrays the crushing of sensitivity (Blanche) by brute force (Stanley), therefore portraying the rape as such instead. These contradictory interpretations illustrate the crucial problem in labelling &#039;Streetcar&#039; as a tragedy, at least in a strictly Aristotelian sense: there is no singular, defined hero or heroine, both can be interchangeably depicted as victim or antagonist. There is even discussion as to whether Stanley and Blanche represent either. Williams himself seems to support this: <br />\n<br />\n&quot;I don&#039;t want to focus guilt or blame on any one character but to have it a tragedy of misunderstanding and insensitivity to others&quot; 7. <br />\n<br />\n This has only confirmed the ambiguous nature of the play, fuelling and perpetuating the uncertainty surrounding it and taking it even further away from the Aristotelian tragic ideal. Additionally, Aristotle dictated that tragedy should chart the demise of a great person, as he argued that their cataclysmic downfall due to hamartia would evoke higher pathos in the audience; Williams focuses instead upon the demise of people in the dregs of society, ensuring that there is no way that &#039;Streetcar&#039; could possibly be considered to be a strictly classical tragedy. <br />\n<br />\n However, it is still possible to identify aspects of classical tragedy in &#039;Streetcar&#039;, which further heightens the vagueness surrounding the genre which &#039;Streetcar&#039; finds itself in. There is, for example, evidence of anagnorisis leading to peripateia, a tragic device which Aristotle considered to be the mark of a superior tragedy: In Scene Three, after Stanley beats Stella and realises the error of his ways, he &quot;breaks into sobs&quot; and telephones Eunice, who has taken Stella in, in an attempt to &quot;talk to (his) baby&quot;, to no avail. This is arguably Stanley&#039;s lowest point, as Stanley has alienated Stella, leading to one of the iconic moments in American drama: Stanley&#039;s &quot;heaven-splitting&quot; cry of &quot;STELLL-AHHHHH!&quot; - an outburst of animal desperation. This moment, then (if &#039;Streetcar&#039; is considered to be a battle between Blanche and Stanley for Stella&#039;s affections), is a victory for Blanche. However, in Scene Ten, the roles are reversed: Blanche&#039;s telephone call for help is unsuccessful, and she is arguably at her lowest point of the play here, as Stanley shatters all her illusions and pretensions (&quot;Not once did you pull any wool over this boy&#039;s eyes!&quot;), uncovering her multitude of lies, which makes Blanche face the reality of the threat Stanley poses to her (i.e. anagnorisis). So, while it is plain that &#039;Streetcar&#039; is by no means a classical tragedy, it does include facets of tragedy as defined by Aristotle&#039;s &#039;Poetics&#039;.<br />\n<br />\n There is perhaps a more credible case for &#039;Streetcar&#039; being a tragedy in a slightly broader sense: that is to say, encompassing the characteristics of modern domestic tragedy. Arthur Miller summed up the essence of domestic tragedy in his work &quot;Tragedy and the Common Man&quot;:<br />\n<br />\n&quot;It is time, I think, that we who are without kings, took up this bright thread of our history (tragedy) and followed it to the only place it can possibly lead in our time - the heart and spirit of the average man&quot; 8.<br />\n<br />\n The conclusion of Brook Atkinson&#039;s review of the opening night reflected this sentiment: <br />\n<br />\n&quot;Out of poetic imagination and ordinary compassion (Williams) has spun a poignant and luminous story&quot;9.<br />\n<br />\n Miller argued against the Aristotelian ideals concerning tragedy: where Aristotle believed tragic heroes had to be of high social standing (for reasons above stated), Miller proposed that tragic heroes could be formed out of the working classes. Domestic tragedies of this nature became popular in the 19th and 20th centuries as a result of writers such as Miller, portraying the breakdown of a social construct, emphasising the distortion and destruction of domestic order. &#039;Streetcar&#039; could, then, be construed as a domestic tragedy, as it portrays the demise of the social system from the old agrarian South (as represented by Blanche) and the rise of the post-war urban industrial society (as represented by Stanley). Furthermore, &#039;Streetcar&#039; concerns the fates of Blanche and Stanley in the main, Stanley being irrefutably lower class; although Blanche is not as straightforward to categorise according to class, at the beginning of the play, Blanche&#039;s demise has already occurred: she has already fallen from her previously high status, having lost her estate and fortune. Therefore, although &#039;Streetcar&#039; charts her descent into insanity, it does not show her fall from a high position in society, again rejecting the Aristotelian norm. It therefore seems as though &#039;Streetcar&#039; could easily be defined as a domestic tragedy, a judgement Dan Isaac agrees with: <br />\n<br />\n &quot;&#039;Streetcar&#039; is a modern tragedy, and Blanche DuBois&#039; tragic flaw is hubris - pride of intellect and pride of sexual prowess10&quot;<br />\n<br />\n If one tragic hero can be singled out, then it is possible to find their personal hamartia, and &#039;Streetcar&#039; becomes a domestic tragedy with aspects of classical tragedy. However, one prominent feature of &#039;Streetcar&#039; has yet to be introduced into the debate, and that is the huge emphasis on melodrama and expressionism.<br />\n<br />\n Melodrama was the most popular form of drama in the early stages of 19th Century American drama, and is characterised by a simplified moral universe, use of stock characters, frequent romanticised scenarios and exaggerated emotions, and lavish sets (i.e. mise-en-sc\u00ef\u00bf\u00bdne). Signi Falk maligns Williams for using such brashly stock characters in &#039;Streetcar&#039;, labelling him a careerist. However, there is undoubtedly too much psychological depth to many of the characters, Blanche in particular, and too much indecision concerning who is the villain and who is the victim or hero for &#039;Streetcar&#039; to be considered a complete melodrama: Williams does, however, employ the twin expressionist devices of exaggerated emotion and heavy symbolism. The former may be observed throughout the play, especially in Blanche&#039;s speech, which is characteristically hysterical (&quot;The boy - the boy died. I&#039;m afraid I&#039;m - going to be sick!&quot;, &quot;But you are the one that abandoned Belle Reve, not I! I stayed and fought for it, bled for it, almost died for it!&quot;); the latter includes the use of leitmotifs, such as the use of the Varsouviana Polka (which reminds Blanche of the night her husband committed suicide) whenever imminent disaster is anticipated, due to its connotations of death, and constant imagery. Such imagery includes Blanche&#039;s desire to keep the paper lantern on the light, which is representative of her desire to hide the truth and maintain her illusions: the instances when the paper lantern is torn off (both by Mitch and, in the last scene, Stanley) are representative of the outpouring of the truth, which distresses Blanche greatly). However, by far the clearest instance of mise-en-sc\u00ef\u00bf\u00bdne and expressionism occurs in Scene Ten, when Blanche&#039;s is on the verge of insanity, at her most fragile, and Williams introduces highly melodramatic stage effects: &quot;Lurid reflections appear on the walls around Blanche. The shadows are of a grotesque and menacing form... The night is filled with inhuman voices like cries in a jungle.&quot; All of these features of &#039;Streetcar&#039; chart a departure from the tragic norm, instead moving very markedly towards melodrama: Williams&#039; use of music such as the &#039;blue piano&#039; and the Varsouviana Polka in particular is evidence of this, as melodrama was originally a name for a type of theatre with musical accompaniment.<br />\n<br />\n There can be little doubt, then, that &#039;Streetcar&#039; contains aspects of tragedy, and yet does not conform to the Aristotelian definition of tragedy enough to be considered a classical tragedy, instead assimilating enough aspects of tragedy to be deemed a domestic tragedy. However, the melodramatic traits and general ambiguity with which Williams has imbued &#039;Streetcar&#039; show that it is impossible to judge &#039;Streetcar&#039; to be solely a tragedy. It is difficult to ascertain the genre which defines &#039;Streetcar&#039;; it may be most prudent to think of &#039;Streetcar&#039; as an intricate psychological melodrama with features of tragedy, but not as a pure tragedy.<br />\n<br />\nBIBLIOGRAPHY<br />\n<br />\nThe Profitable World of Tennessee Williams - Signi Falk<br />\n<br />\nStreetcar Named Desire is Striking Drama - Richard Watts, Jr.<br />\n<br />\nThe Streetcar Isn&#039;t drawn by Pegasus - George Jean Nathan<br />\n<br />\n&#039;Treatment Is Everything&#039; - Deborah G. Burks<br />\n<br />\nNo Past to Think in - Dan Isaac<br />\n<br />\nNotebooks - Tennessee Williams (edited by Margaret Bradham Thornton)<br />\n<br />\nThe New York Times - Brook Atkinson<br />\n<br />\n - Arthur Miller<br />\n<br />\nWORD COUNT - 1497<br />\n<br />\n1 Richard Watts, Jr., &quot;Streetcar Named Desire is Striking Drama&quot;: New York Post in New York Theatre Critics&#039; Reviews (4th December 1947), p. 249<br />\n<br />\n2 George Jean Nathan, &quot;The Streetcar Isn&#039;t Drawn by Pegasus&quot;: New York Journal American (15th December 1947), p. 14<br />\n<br />\n3 Nathan, &quot;The Streetcar Isn&#039;t Drawn by Pegasus&quot;, p. 14<br />\n<br />\n4 Brook Atkinson, &quot;New York Times&quot;, (4th December 1947)<br />\n<br />\n5Tennessee Williams, &quot;Notebooks&quot; (edited by Margaret Bradham Thornton), (Yale University Press, 2007), p. 15<br />\n<br />\n6 Signi Falk, &quot;The Profitable World of Tennessee Williams&quot;: Modern Drama 1 (December 1958), p. 175<br />\n<br />\n7 Deborah G. Burks, &quot;&#039;Treatment Is Everything&#039;: The Creation and Casting of Blanche and Stanley in Tennessee Williams&#039; &#039;Streetcar&#039;&quot;: Library Chronicle of the University of Texas at Austin (1987), p. 32<br />\n<br />\n8 Arthur Miller, The New York Times, (27th February 1949)<br />\n<br />\n9 Brook Atkinson, The New York Times, (4th December 1947)<br />\n<br />\n10 Dan Isaac, &quot;No Past to Think in: Who Wins in A Streetcar Named Desire?&quot; (Louisiana Literature, Fall 1997), p. 8<br />\n<br />\n??<br />\n<br />\n??<br />\n<br />\n??<br />\n<br />\n??<br />\n<br />\nBraman Thillainathan English Literature<br />\n<br />\n[1]"}