{"essay_id": "909584", "essay_title": "Comparing the enthalpy changes of combustion of different alcohols", "rate": "3 star(s)", "level": "AS and A Level", "subject": "Science", "word_count": 2298, "submitted": "03/01/2011", "marked_by_teacher": {"teacher_name": "Brady Smith", "date": "09/04/2013"}, "essay_url": "http://www.markedbyteachers.com/as-and-a-level/science/comparing-the-enthalpy-changes-of-combustion-of-different-alcohols-6.html", "description": "Unit 1.4b<br />\n<br />\nAim: Comparing the enthalpy changes of combustion of different alcohols <br />\n<br />\nIntroduction: I am going to investigate the difference in enthalpy of combustion for a number of different alcohols. My aim is to find out the best fuel out of the five alcohols. I will calculate the value for enthalpy change by burning different fuels to heat a specific amount of water using the fact that 4.2J of energy are required to raise the temperature of 1g of water by 1\u00ef\u00bf\u00bdC. I will also produce a wide range of results and compare them to calculate their enthalpy change of combustion.<br />\n<br />\nBackground information: The enthalpy change of combustion is the energy transferred to and from the surroundings at a constant pressure, when one mole of fuel burns completely. The symbol is ?H. The chemical reactions that release energy to their surroundings are called exothermic and the energy that transferred to them from the surroundings is called endothermic. <br />\n<br />\n?H = ?H products - ?H reactants <br />\n<br />\nThe units are kilojoules per mole (kJmol-1)<br />\n<br />\nExothermic <br />\n<br />\n Ref: http://www.s-cool.co.uk/a-level/chemistry/chemical-energetics/revise-it/enthalpy-changes<br />\n<br />\nExothermic reactions are more common. An example of exothermic reaction is: photosynthesis in plants where the energy comes from the sunlight. Energy cannot be destroyed but it can transfer from one form to another. The total energy of a system of reacting chemicals and surroundings remains constant. The value for exothermic enthalpy change is always a negative value as the energy is lost to the surroundings<br />\n<br />\n?H = -890.3 KJmol-1<br />\n<br />\nThe standard conditions to compare the enthalpy changes of various reactions are temperatures, pressures, amounts and concentrations of reactants or products. The standard conditions are:<br />\n<br />\n* A pressure of 100kilopascals (102kPa) <br />\n<br />\n* A temperature of 298K (25oC) <br />\n<br />\n* Reactants and products in physical states, normal for the above conditions. <br />\n<br />\n* A concentration of 1.0mol dm-3 for solutions. <br />\n<br />\nStandard enthalpy change of combustion ?Hoc<br />\n<br />\nThe standard enthalpy change of combustion is the enthalpy change when one mole of an element or compound reacts completely with oxygen under standard conditions. <br />\n<br />\nIf energy is released on making bond is greater than that absorbed through breaking the bonds then the exothermic reaction take place.<br />\n<br />\nEndothermic<br />\n<br />\n Ref: http://www.s-cool.co.uk/a-level/chemistry/chemical-energetics/revise-it/enthalpy-changes<br />\n<br />\nThe endothermic enthalpy change is always in positive value as the energy is gained from the surroundings.<br />\n<br />\nIf energy is absorbed and the bonds is greater than the energy transferred to the surroundings because bonds produced then endothermic reaction will take place.<br />\n<br />\nEnthalpy changes of combustion <br />\n<br />\nRef: http://www.bbc.co.uk/schools/gcsebitesize/science/ocr_gateway/carbon_chem/8_energy2.shtml<br />\n<br />\nReferences for background information: applied science book, handouts and website: http://www.s-cool.co.uk/a-level/chemistry/chemical-energetics/revise-it/enthalpy-changes<br />\n<br />\nRisk assessment:<br />\n<br />\nChemical/instruments<br />\n<br />\nSymbols / molar mass<br />\n<br />\nHazard <br />\n<br />\nPrecaution <br />\n<br />\nIn case of contact/emergency<br />\n<br />\nPropan-1-ol<br />\n<br />\nC3H8O / 60.1 g mol-1<br />\n<br />\nHighly flammable <br />\n<br />\nIrritant<br />\n<br />\nWear the lap coat and keep a distance between the flames.<br />\n<br />\nAvoid contact with skin.<br />\n<br />\nUse the fire extinguisher and seek for help or call 911<br />\n<br />\nRinse immediately.<br />\n<br />\nMethanol <br />\n<br />\nCH4O / 32.04 g mol-1<br />\n<br />\nToxic <br />\n<br />\nHighly flammable<br />\n<br />\nContact with the eyes can cause serious long-term damage<br />\n<br />\nAlways wear safety glasses. Do not allow the solution to come into contact with your skin.<br />\n<br />\nRinse immediately and seek medical attention<br />\n<br />\nEthanol <br />\n<br />\nC2H6O / 46.07 g mol-1<br />\n<br />\nHighly flammable<br />\n<br />\nharmful<br />\n<br />\nWear the lap coat and keep a distance between the flames.<br />\n<br />\nUse the fire extinguisher and seek for help or call 911<br />\n<br />\nPropan-2-ol<br />\n<br />\nC3H8O / 60.1 g mol-1<br />\n<br />\nHighly flammable<br />\n<br />\nWear the lap coat and keep a distance between the flames.<br />\n<br />\nUse the fire extinguisher and seek for help or call 911<br />\n<br />\nButan-1-ol<br />\n<br />\nC4H10O / 74.122 gmol-1<br />\n<br />\nHarmful <br />\n<br />\nflammable<br />\n<br />\nWear the lap coat and keep a distance between the flames<br />\n<br />\nUse the fire extinguisher and seek for help or call 911<br />\n<br />\nGlassware <br />\n<br />\nBreaking/stabbing<br />\n<br />\nDo not touch<br />\n<br />\nClean up with dustpan and brush<br />\n<br />\n = highly flammable. Ref: http://www.proshieldsafetysigns.co.uk/signs/4467_Hazchem_Signs_Labels_highly_flammable.html<br />\n<br />\n= irritant. Ref: http://nathalie1992.borsatoweblog.nl/log.php?id=85381<br />\n<br />\n = toxic. Ref: http://scienceblogs.com/angrytoxicologist/index.php?page=3<br />\n<br />\n= harmful. Ref: http://www.montpellier.co.uk/accessory_Fila%20FOB.aspx<br />\n<br />\nApparatus list: <br />\n<br />\n* Spirit burner - it is used to burn alcohols in a safe way.<br />\n<br />\n Ref: http://www.bacto.com.au/origin%20burners.htm<br />\n<br />\n* Copper can - avoid burning the hand while holding it as it cools down quickly.<br />\n<br />\nRef: http://www.redfishmarketing.com.au/prodcat5946_2<br />\n<br />\n* Clamp and stand - clamp and stand is used to hold the copper can while heating up the water.<br />\n<br />\nRef: http://www.mathsonline.co.nz/demo/sol/shell.php?content=lab_equip.php <br />\n<br />\n* Electronic balance (to 2 d.p.) - it is used to weight the alcohols to find out their masses.<br />\n<br />\n Ref: http://www.scientificdealers.com/accrotech/<br />\n<br />\n* Goggles - it is used to prevent any chemicals in contact with the eyes.<br />\n<br />\n Ref: http://www.uvprocess.com/product.asp?code=EYEPRO+++W<br />\n<br />\n* Mercury thermometer - it is used to record the temperature of the water when the water is heating up.<br />\n<br />\n Ref: http://www.carolina.com/product/equipment+and+supplies/measuring+equipment/thermometers/teflon-coated+mercury+partial+immersion+thermometer+(-20+to+110+c).do<br />\n<br />\n* Tap water - it is used to heat up in the copper can.<br />\n<br />\n Ref: http://www.chungfood.com/2007/08/new-york-city-tap-water-taste-test.html<br />\n<br />\n* Methanol - it is one of the five alcohols used to compare the enthalpy change of combustion. <br />\n<br />\nRef: http://www.practicalchemistry.org/experiments/heat-energy-from-alcohols,113,EX.html<br />\n<br />\n* Porpan-1-ol - it is one of the five alcohols used to compare the enthalpy change of combustion.<br />\n<br />\nRef: http://www.practicalchemistry.org/experiments/heat-energy-from-alcohols,113,EX.html<br />\n<br />\n* Ethanol - it is one of the five alcohols used to compare the enthalpy change of combustion.<br />\n<br />\nRef: http://www.practicalchemistry.org/experiments/heat-energy-from-alcohols,113,EX.html<br />\n<br />\n* Butan-1-ol - it is one of the five alcohols used to compare the enthalpy change of combustion.<br />\n<br />\nRef: http://www.practicalchemistry.org/experiments/heat-energy-from-alcohols,113,EX.html<br />\n<br />\n* Propan-2-ol - - it is one of the five alcohols used to compare the enthalpy change of combustion.<br />\n<br />\nRef: http://www.practicalchemistry.org/experiments/heat-energy-from-alcohols,113,EX.html<br />\n<br />\nMethod:<br />\n<br />\n* 200cm3 was filled in the copper can which is also known as the calorimeter<br />\n<br />\n* The copper can was placed on the clamp and stand<br />\n<br />\n* The mercury thermometer was placed into the copper can to record the original temperature of the water.<br />\n<br />\n* After recording the temperature, the mass of the alcohols were measured using the electronic balance and the results were in 2 decimal places.<br />\n<br />\n* Then, the spirit burner was place under the copper can which were used to burn.<br />\n<br />\n* A suitable draft exclusion system was arranged to reduce heat loss.<br />\n<br />\n* The wick was lighted to heat the water.<br />\n<br />\n* While heating the water, the thermometer was used to stir the water to get an accurate temperature of the water.<br />\n<br />\n* The mercury thermometer was being observed till the temperature was risen by 15\u00ef\u00bf\u00bdC to 20\u00ef\u00bf\u00bdC.<br />\n<br />\n* As soon as the temperature was risen by 15\u00ef\u00bf\u00bdC to 20\u00ef\u00bf\u00bdC, the spirit burner&#039;s lid was placed on the flames to extinguish the burner. <br />\n<br />\n* When the temperature reached its highest point, the temperature was recorded.<br />\n<br />\n* The mass of the alcohol was placed on the electronic balance to record the final mass.<br />\n<br />\n* The experiment was repeated in the same way for the five alcohols<br />\n<br />\n* At the end of the experiment, all the results was recorded on a suitable table<br />\n<br />\nResults:<br />\n<br />\nALCOHOLS<br />\n<br />\nMASS (INITIAL) <br />\n<br />\nMASS (FINAL) <br />\n<br />\nTEMPERATURE (START) <br />\n<br />\nTEMPERATURE( FINAL) <br />\n<br />\nEthanol<br />\n<br />\n1. 232.35g<br />\n<br />\n2. 231.51g<br />\n<br />\n231.51g<br />\n<br />\n230.64g<br />\n<br />\n18.5\u00ef\u00bf\u00bdC<br />\n<br />\n13.5\u00ef\u00bf\u00bdC<br />\n<br />\n33.5\u00ef\u00bf\u00bdC<br />\n<br />\n28.5\u00ef\u00bf\u00bdC<br />\n<br />\nMethanol <br />\n<br />\n1. 151.25g<br />\n<br />\n2. 149.56g<br />\n<br />\n149.56g<br />\n<br />\n148.16g<br />\n<br />\n15.5\u00ef\u00bf\u00bdC<br />\n<br />\n16.0\u00ef\u00bf\u00bdC<br />\n<br />\n31.0\u00ef\u00bf\u00bdC<br />\n<br />\n33.0\u00ef\u00bf\u00bdC<br />\n<br />\nButan-1-ol<br />\n<br />\n1. 217.41g<br />\n<br />\n2. 216.74g<br />\n<br />\n216.74g<br />\n<br />\n216.00g<br />\n<br />\n16.0\u00ef\u00bf\u00bdC<br />\n<br />\n16.5\u00ef\u00bf\u00bdC<br />\n<br />\n31.0\u00ef\u00bf\u00bdC<br />\n<br />\n31.5\u00ef\u00bf\u00bdC<br />\n<br />\nPropan-1-ol<br />\n<br />\n1. 210.63g<br />\n<br />\n2. 209.93g<br />\n<br />\n209.93g<br />\n<br />\n209.19g<br />\n<br />\n16.0\u00ef\u00bf\u00bdC<br />\n<br />\n17.5\u00ef\u00bf\u00bdC<br />\n<br />\n31.0\u00ef\u00bf\u00bdC<br />\n<br />\n32.5\u00ef\u00bf\u00bdC<br />\n<br />\nPropan-2-ol<br />\n<br />\n1. 162.35g<br />\n<br />\n2. 161.33g<br />\n<br />\n161.33g<br />\n<br />\n160.08g<br />\n<br />\n22.0\u00ef\u00bf\u00bdC<br />\n<br />\n21.0\u00ef\u00bf\u00bdC<br />\n<br />\n40.0\u00ef\u00bf\u00bdC<br />\n<br />\n40.5\u00ef\u00bf\u00bdC<br />\n<br />\nComparison: <br />\n<br />\nALCOHOLS<br />\n<br />\nMASS<br />\n<br />\nMass (average)<br />\n<br />\nTEMPERATURE<br />\n<br />\nTemperature (average)<br />\n<br />\nEthanol<br />\n<br />\n1. 0.84g<br />\n<br />\n2. 0.87g<br />\n<br />\n0.86g<br />\n<br />\n15\u00ef\u00bf\u00bdC<br />\n<br />\n15\u00ef\u00bf\u00bdC<br />\n<br />\n15\u00ef\u00bf\u00bdC<br />\n<br />\nMethanol <br />\n<br />\n1. 1.69g<br />\n<br />\n2. 1.40g<br />\n<br />\n1.55g<br />\n<br />\n15.5\u00ef\u00bf\u00bdC<br />\n<br />\n17\u00ef\u00bf\u00bdC<br />\n<br />\n16\u00ef\u00bf\u00bdC<br />\n<br />\nButan-1-ol<br />\n<br />\n1. 0.67g<br />\n<br />\n2. 0.74g<br />\n<br />\n0.71g<br />\n<br />\n15\u00ef\u00bf\u00bdC<br />\n<br />\n15\u00ef\u00bf\u00bdC<br />\n<br />\n15\u00ef\u00bf\u00bdC<br />\n<br />\nPropan-1-ol<br />\n<br />\n1. 0.70g<br />\n<br />\n2. 0.74g<br />\n<br />\n0.72g<br />\n<br />\n15\u00ef\u00bf\u00bdC<br />\n<br />\n15\u00ef\u00bf\u00bdC<br />\n<br />\n15\u00ef\u00bf\u00bdC<br />\n<br />\nPropan-2-ol<br />\n<br />\n1. 1.02g<br />\n<br />\n2. 1.25g<br />\n<br />\n1.14g<br />\n<br />\n18\u00ef\u00bf\u00bdC<br />\n<br />\n19.5\u00ef\u00bf\u00bdC<br />\n<br />\n19\u00ef\u00bf\u00bdC<br />\n<br />\nCalculations:<br />\n<br />\nQ = m x c x ?T<br />\n<br />\nQ= heat exchanged with the surroundings (J)<br />\n<br />\nm= mass of water (g)<br />\n<br />\nc= specific heat capacity of water (4.18 Jg-1K-1)<br />\n<br />\n?T = temperature change (\u00ef\u00bf\u00bdC)<br />\n<br />\nChemical<br />\n<br />\nMolar mass<br />\n<br />\nAverage Mass<br />\n<br />\nMoles <br />\n<br />\nPropan-1-ol<br />\n<br />\n60.1 g mol-1<br />\n<br />\n0.72g<br />\n<br />\n0.012mol-1<br />\n<br />\nMethanol <br />\n<br />\n32.04 g mol-1<br />\n<br />\n1.55g<br />\n<br />\n0.0484mol-1<br />\n<br />\nEthanol <br />\n<br />\n46.07 g mol-1<br />\n<br />\n0.86g<br />\n<br />\n0.273mol-1<br />\n<br />\nPropan-2-ol<br />\n<br />\n60.1 g mol-1<br />\n<br />\n1.14g<br />\n<br />\n0.019mol-1<br />\n<br />\nButan-1-ol<br />\n<br />\n74.122 gmol-1<br />\n<br />\n0.71g<br />\n<br />\n9.594594595x10-3mol-1<br />\n<br />\nButan-1-ol:<br />\n<br />\nQ = m x c x ?T<br />\n<br />\n = 200 x 4.18 x 15<br />\n<br />\n = 12540J<br />\n<br />\n12540/ 1000 = 12.54 KJ<br />\n<br />\n ?H\u00ef\u00bf\u00bdC = Q / mole <br />\n<br />\n = 12.54/9.594594595x10-3<br />\n<br />\n = 1307 kJmol-1<br />\n<br />\nPropan-2-ol:<br />\n<br />\nQ = m x c x ?T<br />\n<br />\n = 200 x 4.18 x 19<br />\n<br />\n = 15884J<br />\n<br />\n15884/ 1000 = 15.884 KJ<br />\n<br />\n ?H\u00ef\u00bf\u00bdC = Q / mole <br />\n<br />\n = 15.884/0.019<br />\n<br />\n = 836 kJmol-1<br />\n<br />\nMethanol:<br />\n<br />\nQ = m x c x ?T<br />\n<br />\n = 200 x 4.18 x 16<br />\n<br />\n = 13376J<br />\n<br />\n13376/ 1000 = 13.376 KJ<br />\n<br />\n ?H\u00ef\u00bf\u00bdC = Q / mole <br />\n<br />\n = 13.376/0.0484<br />\n<br />\n = 276 kJmol-1<br />\n<br />\nPropan-1-ol:<br />\n<br />\nQ = m x c x ?T<br />\n<br />\n = 200 x 4.18 x 15<br />\n<br />\n = 12540J<br />\n<br />\n12540/ 1000 = 12.54 KJ<br />\n<br />\n ?H\u00ef\u00bf\u00bdC = Q / mole <br />\n<br />\n = 12.54/0.012<br />\n<br />\n = 1045 kJmol-1<br />\n<br />\nEthanol:<br />\n<br />\nQ = m x c x ?T<br />\n<br />\nQ = 200 x 4.18 x 15<br />\n<br />\n = 12540J<br />\n<br />\n12540/ 1000 = 12.54 KJ<br />\n<br />\n?H\u00ef\u00bf\u00bdC = Q / mole<br />\n<br />\n = 12.54 / 0.273<br />\n<br />\n = 45.9 kJmol-1<br />\n<br />\nEnthalpy changes: <br />\n<br />\nAlcohols <br />\n<br />\nAverage Mass<br />\n<br />\nEnergy transferred<br />\n<br />\nEnthalpy change<br />\n<br />\nEthanol <br />\n<br />\n0.72g<br />\n<br />\n12540J<br />\n<br />\n45.9 kJmol-1<br />\n<br />\nMethanol<br />\n<br />\n1.55g<br />\n<br />\n13376J<br />\n<br />\n276 kJmol-1<br />\n<br />\nPropan-1-ol<br />\n<br />\n0.86g<br />\n<br />\n12540J<br />\n<br />\n1045 kJmol-1<br />\n<br />\nPropan-2-ol<br />\n<br />\n1.14g<br />\n<br />\n15884J<br />\n<br />\n836 kJmol-1<br />\n<br />\nButan-1-ol<br />\n<br />\n0.71g<br />\n<br />\n12540J<br />\n<br />\n1307 kJmol-1<br />\n<br />\nGraph:<br />\n<br />\n1. Ethanol <br />\n<br />\n2. Methanol <br />\n<br />\n3. Propan-2-ol<br />\n<br />\n4. Propan-1-ol<br />\n<br />\n5. Butan-1-ol<br />\n<br />\nAnalysis:<br />\n<br />\nComparing fuels:<br />\n<br />\nTo find out the best fuel, compare the fuels by measuring the mass of fuel burned in the experiment. The best fuel will release the most energy per gram of fuel. The calculation for the energy released: <br />\n<br />\nEnergy released (J/g of fuel) = energy transferred to water (J) \u00ef\u00bf\u00bd mass of fuel burned (g)<br />\n<br />\nEthanol:<br />\n<br />\nEnergy released (J/g of fuel) = energy transferred to water (J) \u00ef\u00bf\u00bd mass of fuel burned (g)<br />\n<br />\n = 12540/ 0.72<br />\n<br />\n = 17417 J/g of fuel<br />\n<br />\nMethanol:<br />\n<br />\nEnergy released (J/g of fuel) = energy transferred to water (J) \u00ef\u00bf\u00bd mass of fuel burned (g)<br />\n<br />\n = 13376J/ 1.55g<br />\n<br />\n = 8630 J/g of fuel<br />\n<br />\nPropan-1-ol:<br />\n<br />\nEnergy released (J/g of fuel) = energy transferred to water (J) \u00ef\u00bf\u00bd mass of fuel burned (g)<br />\n<br />\n = 12540/ 1.14<br />\n<br />\n = 14581 J/g of fuel<br />\n<br />\nPropan-2-ol:<br />\n<br />\nEnergy released (J/g of fuel) = energy transferred to water (J) \u00ef\u00bf\u00bd mass of fuel burned (g)<br />\n<br />\n = 15884/ 1.14<br />\n<br />\n = 13933 J/g of fuel<br />\n<br />\nButan-1-ol:<br />\n<br />\nEnergy released (J/g of fuel) = energy transferred to water (J) \u00ef\u00bf\u00bd mass of fuel burned (g)<br />\n<br />\n = 12540/ 0.71<br />\n<br />\n = 17662 J/g of fuel<br />\n<br />\nAlcohols <br />\n<br />\nEnergy absorbed<br />\n<br />\nEnergy released<br />\n<br />\nEthanol<br />\n<br />\n12540 J<br />\n<br />\n17417 J/g<br />\n<br />\nMethanol<br />\n<br />\n13376 J<br />\n<br />\n8630 J/g<br />\n<br />\nPropan-1-ol<br />\n<br />\n12540 J<br />\n<br />\n14581 J/g<br />\n<br />\nPropan-2-ol<br />\n<br />\n15884 J<br />\n<br />\n13933 J/g<br />\n<br />\nButan-1-ol<br />\n<br />\n12540 J<br />\n<br />\n17662 J/g<br />\n<br />\nConclusion:<br />\n<br />\nAccording to my calculation, the best fuel that released a lot of fuel was butan-1-ol and ethanol. Methanol released the least fuel out of the five alcohols. Endothermic is when energy absorbed more than energy released whereas exothermic is when energy released is more than the energy absorbed. According to my table, methanol and propan-2-ol are endothermic. Ethanol, propan-1-ol and butan-1-ol are exothermic. It also shows that ethanol has released a big amount of energy compared to the other five alcohols and methanol has released a small amount of energy.<br />\n<br />\nLinking with my aim, I have investigated the difference in enthalpy of combustion for all the five different alcohols and found out the best fuel out of the five alcohols.<br />\n<br />\nEvaluation:<br />\n<br />\nOverall, my accuracy in this experiment was quite accurate. While analysing the results, all the units of the experiment were close and the average mass and temperature were almost right and accurate except one or two of them. There are two types of error which can be occurred in this experiment: <br />\n<br />\n1. Procedure error <br />\n<br />\n2. Measurement error<br />\n<br />\n1. Procedure error<br />\n<br />\nProcedure error can occur in the procedure of the experiment, the errors are mainly while transferring solution, the volume of the solution can decrease which would not be accurate for the final record. Another one is the reaction time for extinguishing the flames when the temperature reached by 15\u00ef\u00bf\u00bdC to 20\u00ef\u00bf\u00bdC, as a rise on temperature makes a big difference in the result. <br />\n<br />\nHow to improve it?<br />\n<br />\nThe only way to improve the procedure error is to avoid transferring water in many beakers. In addition, extinguish the flames as soon as possible will receive an accurate temperature of the alcohols. <br />\n<br />\n2. Measurement error<br />\n<br />\nMeasurement error can occur while taking the reading from the measuring cylinder as the reading should be rounded up to the nearest \u00ef\u00bf\u00bd 1 cm3, the thermometer should be \u00ef\u00bf\u00bd0.5\u00ef\u00bf\u00bdC and the weighting scale should be rounded up to \u00ef\u00bf\u00bd0.005g. This can be accurate most of the time in experiment but sometime it can&#039;t be completely accurate. Another measurement error can occur if the person only does the experiment once.<br />\n<br />\nHow to improve it?<br />\n<br />\nThe best way to improve it is to try to be more accurate rather than rounding up to the nearest numbers sometimes and the experiment should be repeated twice or three times to be more accurate. <br />\n<br />\n??<br />\n<br />\n??<br />\n<br />\n??<br />\n<br />\n??<br />\n<br />\nAhvashta Seeburrun <br />\n<br />\n1"}