{"essay_id": "911473", "essay_title": "T-Mobile Marketing strategy suggestion", "rate": "5 star(s)", "level": "GCSE", "subject": "Business Studies", "word_count": 861, "submitted": "26/01/2011", "marked_by_teacher": {"teacher_name": "David Salter", "date": "12/02/2012"}, "essay_url": "http://www.markedbyteachers.com/gcse/business-studies/t-mobile-marketing-strategy-suggestion.html", "description": "A marketing strategy suggestion for T-Mobile<br />\n<br />\nMarketing strategy section<br />\n<br />\nLewis Cuddy<br />\n<br />\nMy marketing strategy suggestion<br />\n<br />\nTo account for the modern necessity of e-commerce I would improve the T-Mobile website. The T-Mobile website is already very effective and offers almost everything available in a shop therefore there are only two ways in which I feel improvements can be made;<br />\n<br />\n Offering a phone comparison feature would be very useful. This feature would allow customers to compare the functions, specifications and prices of several products at once.<br />\n<br />\n When loading one of the &#039;shop&#039; pages such as pay as you go deals I found the initial page very overpowering. There is a lot of information and graphics on a single page and therefore I would recommend simplifying these pages.<br />\n<br />\nI would recommend two new sponsorship deals, one with Manchester United FC and the second with X-Factor.<br />\n<br />\n Manchester United FC is not only regarded as the best British football club but they also have the largest fanbase in the world. This would increase sales with Man United fans and the publicity would be immense considering T-Mobile would be branded on every football kit and across the stadium. The Manchester United stadium alone supports over 76,000 people and this combined with viewers of TV coverage add up to an average of 8million viewers. Manchester United is renowned for reaching finals and in most cases winning them, the last champion&#039;s league final reached 14million viewers which means a phenomenal amount of publicity, almost 23% of the British population to be precise. The only downside to this is T-Mobile would have to end their current sponsorship with West Bromwich Albion which could cause a bad reputation with West Bromwich Albion fans.<br />\n<br />\n X-Factor has become embedded in society as an annual &#039;must-watch programme&#039;. X-Factor is undoubtedly one of the most popular TV shows ever created and has been reaping in masses of viewers and publicity for 6 years. Currently X-Factor shows a short presentation created by their sponsor at the start of the show, before and after breaks and at the end of the show amassing roughly 3 minutes of viewing time. What this means is that 13 million viewers (as of 2009) will spend 3 minutes watching a clip purposely created to advertise T-Mobile.<br />\n<br />\nMy new slogan for T-Mobile would be:<br />\n<br />\n We Are The Best.<br />\n<br />\nI feel that this slogan is very simple and clear and if supported by T-Mobile being the &#039;best&#039; mobile phone service then it could be very effective. It shows that T-Mobile is confident and clearly is offering the best deals otherwise they would be putting their reputation at jeopardy by using such an outgoing slogan.<br />\n<br />\nMy product recommendation<br />\n<br />\nI recommend T-Mobile launch a campaign promoting my four packages that are specifically aimed at four market sections, girls, boys, business users and under 10&#039;s. All four packages will be based on colours; I have chosen the colour idea as I feel it is very general and therefore can be targeted at everyone rather than using idea such as a Simpson&#039;s theme where it will only appeal to a select market.<br />\n<br />\nThe four packages and details about them are as follows:<br />\n<br />\nPink Package<br />\n<br />\n aimed at females<br />\n<br />\n400 minutes/unlimited texts<br />\n<br />\n\u00ef\u00bf\u00bd20/month<br />\n<br />\nGold Package<br />\n<br />\n aimed at business <br />\n<br />\n users <br />\n<br />\nUnlimited texts &amp; calls/<br />\n<br />\nunlimited internet usage<br />\n<br />\n\u00ef\u00bf\u00bd35/month<br />\n<br />\nBlue Package<br />\n<br />\n aimed at under 10&#039;s<br />\n<br />\n10 minutes/ 50 texts<br />\n<br />\n\u00ef\u00bf\u00bd5/month<br />\n<br />\nGreen Package<br />\n<br />\n aimed at males<br />\n<br />\n400 minutes/unlimited texts<br />\n<br />\n\u00ef\u00bf\u00bd20/month<br />\n<br />\nPotential Billboard advert<br />\n<br />\nThe Pink Package<br />\n<br />\nThe Pink package offers 400 minutes and unlimited texts for \u00ef\u00bf\u00bd20 a month with a free Samsung S3500. 5% of every sale of the Pink package goes to a charity supporting the fight against breast cancer. This is emotionally appealing to customers as it will mean that by purchasing the Pink package they are helping charity. This package will be targeted at females of all ages.<br />\n<br />\nThe Gold Package<br />\n<br />\nThe gold package offers unlimited texts and unlimited calls as well as unlimited internet usage for \u00ef\u00bf\u00bd35 a month, the package comes with a free iPhone. The iPhone offers a wide range of functionality for business users including stocks, e-mail etc. This package also comes with an exclusive application that allows online banking on the iPhone. This package was deliberately assigned the gold package as gold symbols wealth and prosperity which shall appeal to business users.<br />\n<br />\nThe Blue Package<br />\n<br />\nThe blue package offer 10 minutes and 50 texts as well as unlimited calls to a parent&#039;s number. The package comes with an exclusively made KDDI phone, which uses advanced technology and parental controls to ensure a child&#039;s safety. The phone offers many safety features including unlimited calls to a parent and a detailed record of all calls and texts to sent a chosen email.<br />\n<br />\nThe Green Package<br />\n<br />\nThe green package offers 400 minutes and unlimited texts for \u00ef\u00bf\u00bd20 a month and comes with a free blackberry storm. All customers are entered to a monthly competition that is run in link with T-Mobiles sponsored football team. The winner receives a VIP match day experience. This competition combined with a highly desired phone will appeal to men.<br />\n<br />\n??<br />\n<br />\n??<br />\n<br />\n??<br />\n<br />\n??"}