{"essay_id": "914949", "essay_title": "MENTAL HEALTH", "rate": "4 star(s)", "level": "AS and A Level", "subject": "Science", "word_count": 11946, "submitted": "02/03/2011", "marked_by_teacher": {"teacher_name": "Ross Robertson", "date": "01/03/2013"}, "essay_url": "http://www.markedbyteachers.com/as-and-a-level/science/mental-health.html", "description": "AO1<br />\n<br />\nMental health issues<br />\n<br />\nThe concept of mental health<br />\n<br />\nThere are a wide range of different terms that people use to describe mental health these are as follows:<br />\n<br />\nThe World Health Organisation (WHO) have objectives and functions, which are there core commitment to mental health promotion, these are as follows:<br />\n<br />\n- &quot; not merely the absence of disease of infirmity&quot;<br />\n<br />\n- &quot;attainment by all people of the highest possible level of health&quot;<br />\n<br />\n- To foster activities in the field of mental health, especially those affecting the harmony of human relations&quot;<br />\n<br />\nThe World Health Organisation defines health as:<br />\n<br />\n... A state of complete physical, mental and social well-being and not merely the absence of disease of infirmity<br />\n<br />\nMental health promotion involves actions that support people to adopt and maintain healthy lifestyles, which therefore create a supportive living condition or environment. Mental illnesses are common and universal. There is no general term for mental health and illnesses. According to research, the most prevalent mental health problems were due to alcohol and drug abuse, family violence and abuse, and suicidal behaviour. Many people in the society are not very familiar with mental health problems. Although, research has shown that about 50 years ago, people would class people with mental health problems and would say they had a &#039;demon&#039; was inside of them and possessed them.<br />\n<br />\nMental health can be determined by socioeconomic and environmental factors<br />\n<br />\nMental health and mental illnesses can be determined by multiple and interacting social, psychological and biological factors, just like health and illness in general. <br />\n<br />\nMental illnesses can be associated with the following indications:<br />\n<br />\n- poverty <br />\n<br />\n- low level of education<br />\n<br />\n- poor housing<br />\n<br />\n- low income<br />\n<br />\nDisadvantaged people do have a greater vulnerability to mental illnesses, which could be caused by the factors of their surroundings, and which could then lead to them experiencing insecurity and hopelessness, rapid social change, and the risk of violence and physical ill-health. <br />\n<br />\nMental health is linked to behaviour<br />\n<br />\nMental, social and behavioural health problems could interact and have a large effect on an individual&#039;s behaviour and well-being. These following examples could have effects on an individual&#039;s behaviour and well being and could cause them to find it very difficult to cope, these are as follows: Substance abuse, violence, and abuses of women and children, health problems such as heart disease, depression, and anxiety. (www.who.int)<br />\n<br />\nWhat is mental illness?<br />\n<br />\nA mental illness is a health problem that significantly affects how a person feels, thinks, behaves, and interacts with other people. It is diagnosed according to standardised criteria. Mental health problems are more common and include the mental ill health that can be experienced temporarily as a reaction to the stresses of life. Mental illnesses cause a great deal of suffering to those experiencing them, as well as their families and friends. Furthermore, these problems appear to be increasing. According to the World Health Organisation, depression will be one of the biggest health problems worldwide by the year 2020. <br />\n<br />\nWho does mental health affect?<br />\n<br />\nMental health illnesses can affect people of all ages, and it can be triggered by physical, social, environmental or/and genetic factors. Everyone is different, and because of this some people are more at risk of experiencing mental illness than others. There are some conditions that are more likely or less likely depending on your gender. For example, <br />\n<br />\n--&gt; Eating disorders are more common in women than men.<br />\n<br />\n--&gt; Personality disorders (PD) are diagnosed in more men than women.<br />\n<br />\nMental health problems are often developed at certain ages, therefore how old you are could increase your risk of becoming unwell. For example:<br />\n<br />\n--&gt; Attention deficit hyperactivity disorder (ADHD) can happen very early on when children start school as their behaviour can be compared to others of the same age.<br />\n<br />\n--&gt;Schizophrenia can develop in late teens to early twenties for men and early twenties in women, although the age range is roughly between 16-45 years.<br />\n<br />\nExperiences during childhood such as trauma or abuse can increase the risk of mental health illness by changing someone&#039;s behaviour and thinking pattern. Life events, stress and the strength of our support networks, together with our age and gender combined together can potentially lead to anyone having a mental health problem. <br />\n<br />\nTypes of mental illness<br />\n<br />\nMental illnesses are different types and degrees of severity. Some of the major types are depression, anxiety, schizophrenia, bipolar mood disorder, personality disorders and eating disorders. The most common mental illnesses are anxiety and depressive disorders. While everyone experiences strong feeling of tension, fear, or sadness at times, a mental illness is present when these feeling become so disturbing and overwhelming that people have great difficult coping with day-to-day activities, such as work, enjoying leisure time and maintaining relationships. <br />\n<br />\nAt their most extreme, people who are suffering with depression may find it difficult to get themselves out of bed or care for themselves physically. People with certain types of anxiety disorders may not be able to leave the house, or may have compulsive rituals to help them ease their fears.<br />\n<br />\nLess common are mental illnesses that may involve psychosis. These include:<br />\n<br />\n--&gt; Schizophrenia<br />\n<br />\n--&gt; Bipolar mood disorder<br />\n<br />\nPeople experiencing an acute episode of psychosis lose touch with reality and perceive their world differently from normal. Their ability to make sense of thoughts, feelings, and the world around them is seriously affected. A psychotic episode may involve delusions, such as false beliefs of maltreatment, guilt, or magnificence. It may involve hallucinations, where the person sees, hears, smells, or tastes things that are not there. Psychotic episodes can be threatening and confusing to other people. Such behaviour is difficult to understand for people who are not familiar with it. (www.health.gov 3/2010)<br />\n<br />\nSevere mental illness and the environment<br />\n<br />\nThe outside circumstances that affect us throughout our lives can be broadly separated into the physical and the social environment. A number of physical environment factors have been implicated in the development of severe mental illness.<br />\n<br />\nSchizophrenia in particular circumstances can damage the brain from various sources. One example of this is when complication and difficulties during pregnancy and at birth are more common in babies who as adults develop schizophrenia. <br />\n<br />\nMyths, misunderstanding and facts about mental illness<br />\n<br />\nThere are a wide range of different myths and meanings towards mental illness. In my opinion, I think the society today is confused about the concept of mental health. Furthermore, I also think there are negative stereotypes and attitudes that are surrounding mental illness. This then results in discrimination and isolation of people with mental illness, as well as their families and carers.<br />\n<br />\nHow and why these may change over time<br />\n<br />\nDefinitions of mental health/disorder<br />\n<br />\nMethods of diagnosing/measuring mental-health needs<br />\n<br />\nPresent day images of mental health, and how the media influences attitudes to mental health<br />\n<br />\nThe reason for, purposes of, and effects of appropriate current legislation that affects the care of individuals with mental health needs - the two key pieces of legislation being:<br />\n<br />\n- The NHS and community care act (1990)<br />\n<br />\n- This has brought about far reaching changes in the approaches used by both health practitioners and family carers.<br />\n<br />\nTypes of mental illness<br />\n<br />\nIn this section I am going to be talking about three types and possible causes of three different mental-health illnesses and associated mental-health needs.<br />\n<br />\nDescription of Bipolar Disorder<br />\n<br />\nBipolar disorder can be also commonly known as &#039;manic depression&#039;, it is a condition that affects your moods, which can swing from one extreme to another. If you are suffering from bipolar disorder they would encounter periods or &#039;episodes&#039;, of depression and mania. <br />\n<br />\nDepression and mania are associated with bipolar disorders, they are characterised as follows:<br />\n<br />\n--&gt; Depression - where they would feel very low<br />\n<br />\n--&gt; Mania - Where you feel very high, slightly sever mania is known as hypomania<br />\n<br />\nExtreme conditions of bipolar disorder you can have a number of related symptoms. You can encounter simple mood swings, each extreme episode of bipolar disorders can last for several weeks or longs. The high and low phases of the illness are often so extreme that they interfere with everyday life. <br />\n<br />\nThe depression phase of bipolar disorder often comes first; initially the individual may be diagnosed with clinical depression before having a manic episode some time later, after which the individual&#039;s diagnostics would change. During the episode of depression, you could encounter overwhelming feelings of worthlessness which often lead to thoughts of suicide.<br />\n<br />\nDuring the individual&#039;s manic phase of bipolar disorder, you may feel very happy and have lots of ambitious plans and ideas. The individual may spend large amounts of money on things that they cannot afford. They may often feel like not eating or sleeping, may speak in a quick pace and may become annoyed easily; these are all common characteristics of bipolar disorder. Furthermore, during your manic phase, you may feel very creative and view mania as a positive experience. However, during the manic phase of bipolar disorder, you may also have symptoms of psychosis (this is where you see or hear things that are not here). <br />\n<br />\nhttp://www.mind.org.uk/help/diagnoses_and_conditions/bipolar_disorder_manic_depression<br />\n<br />\nhttp://www.nhs.uk/conditions/Bipolar-disorder/Pages/Introduction.aspx<br />\n<br />\nDifferent types of bipolar disorder<br />\n<br />\n- Bipolar I<br />\n<br />\nThere has been at least one high or manic episode which lasts for longer than a week. You may have only manic episodes, although most people will also have periods of depression.<br />\n<br />\n- Bipolar II<br />\n<br />\nThis is where you would have more than one episode of severe depression, but only mild manic episodes.<br />\n<br />\n- Rapid cycling<br />\n<br />\nThis is where you would have more than four mood swings happen over a 12 month period. This can affect around 1/10 people with the condition.<br />\n<br />\n- Cyclothymiacs<br />\n<br />\nThis is where an individual&#039;s mood swings are not as bad, but are often longer. <br />\n<br />\nhttp://www.bbc.co.uk/health/conditions/mental_health/disorders_bipolar.shtml<br />\n<br />\nCauses<br />\n<br />\nThe causes of Bipolar Disorder are unknown, but it&#039;s thought that the following could play a part in the condition, this includes the following:<br />\n<br />\n- Genes seem to be important, if you have a relative with bipolar disorder, then your chance a developing the condition is higher<br />\n<br />\n- There may be physical problem with the brain systems which control mood - so bipolar disorder can often be controlled with medication<br />\n<br />\n- Stress can trigger mood swings<br />\n<br />\nSymptoms<br />\n<br />\nSymptoms can include the following;<br />\n<br />\nDepression<br />\n<br />\n- Feeling of unhappiness that won&#039;t go away<br />\n<br />\n- Agitation and restlessness<br />\n<br />\n- Loss of confidence<br />\n<br />\n- Feeling useless, inadequate or hopeless<br />\n<br />\n- Unable to think positively <br />\n<br />\n- Cant concentrate or make even simple decisions<br />\n<br />\n- Loss of appetite<br />\n<br />\n- Sleeping problems including waking early in the morning<br />\n<br />\n- Lack of interest in sex<br />\n<br />\n- Avoiding other people<br />\n<br />\n- Thoughts of suicide<br />\n<br />\nMania<br />\n<br />\n- General excitement<br />\n<br />\n- Feeling more important than usual<br />\n<br />\n- Unable, or don&#039;t want to sleep<br />\n<br />\n- More interested than usual in sex<br />\n<br />\n- Making unrealistic plans<br />\n<br />\n- Overactive, talking quickly<br />\n<br />\n- Irritable with other people who can&#039;t go along with your mood or ideas<br />\n<br />\n- Spending money recklessly<br />\n<br />\nPsychotic symptoms<br />\n<br />\nIf an individual&#039;s mood swing becomes very severe, they may be classed as having &#039;Psychotic&#039; symptoms. These could include:<br />\n<br />\n- When the person is depressed, they may start to feel guilty, worse than anybody else, or even that you don&#039;t exist<br />\n<br />\n- When a person feels manic, they may start to feel that they are on an important mission, or could think people around them have special powers or abilities<br />\n<br />\n- They may also experience hallucinations - this is where they may hear, smell, feel or see something that isn&#039;t there<br />\n<br />\nDiagnostics<br />\n<br />\nA physical examination is required when attempting to determine whether or not a patient has bipolar disorder. It is best if the patient is accompanied by a family member to help describe symptoms and accurately answer questions. During the examination, medical conditions such as substance abuse and a blood test to rule out thyroid disorders should be performed. Bipolar disorder may take some time to diagnose correctly, in fact it should. There are plenty of other possible factors that can cause mood swings, such as vitamin B-12 deficiencies, Parkinson&#039;s disease as well as medications commonly used to treat anxiety and depression. Family members of patients should be leery of a diagnosis that comes too quickly.<br />\n<br />\nMental illness needs<br />\n<br />\nPhysically:<br />\n<br />\nBipolar disorder affects more than the mind, an individual can get significant physical symptoms as well.<br />\n<br />\nAn individual can get unexplained aches and pains; there are different theories behind why a person who is suffering with bipolar disorder can often get body aches these could be as follows:<br />\n<br />\n- Physically stressed due to sleep deprivation<br />\n<br />\n- Just as physically stressed, even though they are sleeping as much as or more than normal, because the sleep is not restful<br />\n<br />\nIn addition to the above, people suffering from bipolar disorder (depression) often have higher than normal levels of the hormone cortisol (this is an important hormone in the body, secreted by adrenal glands and are involved in the following function such as regulation of blood pressure, immune function and inflammatory response) which can also be known as the &#039;stress hormone&#039; and too much cortisol is also associated with general aches and pains<br />\n<br />\nFurthermore, an individual can also encounter weight loss or gain, and can have a decreased or increased appetite. Also, an individual can have p<br />\n<br />\nhttp://bipolar.about.com/od/depression/a/060214_dpsym2.htm<br />\n<br />\nIntellectually<br />\n<br />\nEmotionally<br />\n<br />\nSocial:<br />\n<br />\nTreatment<br />\n<br />\nThere are three groups of mood stabilisers, which can take several months to work properly with someone who has been diagnosed with the illness. These are follows:<br />\n<br />\n- Lithium is used to treat both manic and depressive episodes. It can be harmful if the dose is too high, so regular blood tests are needed. Side effects can include feeling thirsty, passing lots of urine and weight gain.<br />\n<br />\n- Anticonvulsants - this is used in epilepsy<br />\n<br />\n- &#039;Atypical&#039; anti-psychotics - used to treat schizophrenia <br />\n<br />\nPsychological treatments can be particularly helpful in between episodes of mania or depression. They include:<br />\n<br />\n- Psycho-education - finding out more about bipolar disorder<br />\n<br />\n- Mood monitoring - to help you pick up when your mood is swinging<br />\n<br />\n- Mood strategies - to help you stop your mood swings going into a full blown manic or depressive episode<br />\n<br />\n- Developing general coping skills<br />\n<br />\n- Cognitive behavioural therapy (CBT) for depression<br />\n<br />\nSelf help treatments can help with episodes of bipolar, including:<br />\n<br />\n- Recognising the signs that your mood is swinging out of control so you can get help early<br />\n<br />\n- Finding out as much as you can about the condition<br />\n<br />\n- Avoiding particularly stressful situations<br />\n<br />\n- Having at least one person that you can rely on and confide in. When you&#039;re well, make sure that they understand about bipolar disorder<br />\n<br />\n- Balancing your life, work, leisure-time and relationships<br />\n<br />\n- Exercising for 20 minutes or so, three times a week, should improve your mood<br />\n<br />\n- Doing things you enjoy.<br />\n<br />\nA person who is suffering with bipolar disorder, if they were to suddenly stop taking there medications it could trigger another mood swing. <br />\n<br />\nBipolar disorder can have numerous complications, starting with relationships and financial impact. People with bipolar disorder may experience the world as a loving and embracing place and then shut the world out to isolate themselves from the people around them. They can be mean and hurtful and yet appear as though they feel they are logical. Relationships can be thoroughly tested. Simultaneously, it is possible for a victim of bipolar disorder to experience both a depressive cycle and a manic cycle at the same time, which can lead to psychosis. <br />\n<br />\nStatistics<br />\n<br />\nSchizophrenia and bipolar disorder share genetic roots that appear to be specific to serious mental disorders, and are not shared by non-psychiatric illnesses. <br />\n<br />\nChildren with bipolar disorder often present with mixed mania, rapid cycling and psychosis (e.g. delusions and hallucinations). Bipolar disorder was once thought to occur primarily in adults. <br />\n<br />\nGraph 2 is showing the Number of us acute care inpatient discharges per 10,000 children and adolescents with a principle diagnosis of psychiatric disorders (1996-2004). <br />\n<br />\nBipolar disorder related hospitalization was more common among female adolescents and adults, however, male children were at greater risk than female children which is shown in graph 3 below.<br />\n<br />\nGraph 3 is showing the trends in discharges per 10,000 children and adolescents with a principal diagnosis of bipolar disorder by gender and race. <br />\n<br />\nRisk factors for Bipolar disorder<br />\n<br />\nDepression, cyclothymiacs and hyperthermia <br />\n<br />\nThese three types could also be pioneer to develop into bipolar disorder. Studies have shown that children of parents with bipolar disorder were significantly more likely than children of non-bipolar parents to exhibit behaviours such as the following:<br />\n<br />\n- Mood liability<br />\n<br />\n- Low energy<br />\n<br />\n- Anxious/worried<br />\n<br />\n- Hyper-alert<br />\n<br />\n- Attention problems<br />\n<br />\n- Distractibility<br />\n<br />\n- School role impairment<br />\n<br />\n- Easy excitability<br />\n<br />\n- Sensitivity<br />\n<br />\n- Somatic complaints<br />\n<br />\n- Stubborn/determined disposition<br />\n<br />\nhttp://www.bipolar.com.au/understanding/<br />\n<br />\nEating disorder<br />\n<br />\nDescription on eating disorder<br />\n<br />\nEating disorders involve self-critical, negative thoughts and feelings about appearance and food, and eating behaviour that harms normal body composition and functioning. <br />\n<br />\nhttp://www.healthinsite.gov.au/topics/Eating_Disorders<br />\n<br />\nIndividuals who wish they were thinner do suffer from a true psychiatric eating disorder, the number of individuals who have of the two major farms of eating disorders are - anorexia nervosa and bulimia, which has risen dramatically in recent years. Obesity can sometimes be considered as a third eating disorder. It is not viewed as a true psychiatric problem, unless attempts to lose weight become abnormally obsessive or concern about body image becomes so severe that it interferes with normal functioning and good mental health. These emotional problems frequently accompany obesity. Anorexia nervosa (severe self-starvation) and bulimia (binge-eating and purging) have striking, sometime life-threatening physical features that must be treated medically. The roots of these disorders are emotionally and psychological and treatment approaches are primarily psychological. <br />\n<br />\nPsychological signs of eating disorders<br />\n<br />\nEating disorders are disorders in which eating behaviours become distorted from eating too little (anorexia) to eating too much (binge eating disorder) to eating too much and then bringing it back up afterwards (bulimia). Eating disorders usually have psychological signs that may be secondary and result from the eating behaviours or primary such that the eating behaviours result from the psychological distress. <br />\n<br />\nTreatment will vary according to the needs of individuals, but those suffering from eating disorders will need to be more ready to offer their input into the treatment plan so that the best possible routes of treatment are explored. <br />\n<br />\nhttp://www.eatingdisorderexpert.co.uk<br />\n<br />\nPsychological signs associated with eating disorders<br />\n<br />\nCommon psychological signs associated with eating disorders include low self confidence and poor self image. Indicators of low self confidence include that the individual avoids social events, bows out of competitions (including sports and academics) and criticises oneself repeatedly for example, saying &quot;of course I made a mistake, I always make a mistake, I&#039;m so dumb!&quot; Poor self image can often be observed in deeply critical remarks about one&#039;s own body, indications that one is never satisfied with how they may look and repeated comments about wanting to lose weight or change their image. Depression also commonly accompanies eating disorders, which can be observed in such signs as sleeping excessively or not at all, low energy levels and general apathy. <br />\n<br />\nPsychological illnesses associated with eating disorders<br />\n<br />\nIn addition to common psychological signs, there are a variety of psychological illnesses that have been proven to associate with eating disorders, these are as follows:<br />\n<br />\nConditions that can accompany eating disorders<br />\n<br />\nDiagnosed alongside eating disorders<br />\n<br />\n- Alcoholism<br />\n<br />\n- Obsessive compulsive disorder (OCD)<br />\n<br />\n- Drug addiction <br />\n<br />\n- Post traumatic stress disorder (PTSD)<br />\n<br />\n- Self injury (such as cutting and self mutilation)<br />\n<br />\n- Depression<br />\n<br />\n- Manic depression<br />\n<br />\n- Panic disorder<br />\n<br />\n- Multiple personality disorder<br />\n<br />\nCauses<br />\n<br />\nThere is no single cause for eating disorder, although concerns about weight and body shape can play a major role in all eating disorders. The actual cause of these disorders appears to result from many factors such as:<br />\n<br />\n- Cultural pressures<br />\n<br />\n- Family pressures<br />\n<br />\n- Emotional disorders<br />\n<br />\n- Personality disorder<br />\n<br />\n- Genetic and biological factors may also play a role. <br />\n<br />\nhttp://www.umm.edu/patiented/articles/what_causes_eating_disorders_000049_3.htm<br />\n<br />\nSymptoms of eating disorders<br />\n<br />\nA person who has several of the following signs may be developing or has already developed an eating disorder:<br />\n<br />\nAnorexia:<br />\n<br />\nThe individual:<br />\n<br />\n- Has lost a great deal of weight in a short period of time<br />\n<br />\n- Continues to diet, although bone-thin<br />\n<br />\n- Reaches diet goal and immediately sets another goal for further weight loss<br />\n<br />\n- Remains dissatisfied with appearance, claiming to feel fat, even after reaching weight loss goal<br />\n<br />\n- Prefers dieting in isolation to joining a diet group<br />\n<br />\n- Loses monthly menstrual periods<br />\n<br />\n- Develops an unusual interest in food<br />\n<br />\n- Develops strange eating rituals and eats small amounts of food, e.g., cuts food into tiny pieces or measures everything before eating into extremely small amounts<br />\n<br />\n- Becomes a secret eater<br />\n<br />\n- Becomes obsessive about exercising<br />\n<br />\n- Appears depressed much of the time<br />\n<br />\n- Begins to binge and purge<br />\n<br />\nBulimia<br />\n<br />\nThe individual:<br />\n<br />\n- Binges regularly (eats large amounts of food over a short period of time) and purges regularly (forces vomiting and/or uses drugs to stimulate vomiting, bowel movements or urination)<br />\n<br />\n- Diets and exercises often, but maintains or regains weight<br />\n<br />\n- Becomes a secret eater<br />\n<br />\n- Eats enormous amounts of food at one sitting, but does not gain weight<br />\n<br />\n- Disappears into the bathroom for long periods of time to induce vomiting<br />\n<br />\n- Abuses drugs or alcohol, or steals regularly<br />\n<br />\n- Appears depressed much of the time<br />\n<br />\n- Has swollen neck glands<br />\n<br />\n- Has scars on the back of hands from forced vomiting<br />\n<br />\n(http://cannontherapy.com/anorexia/anorexia.jpg)<br />\n<br />\nTreating eating disorders<br />\n<br />\nCommon treatment for eating disorders include counselling/therapy, family counselling/therapy, cognitive behaviour therapy (to change food and eating behaviours), the use of support groups or group therapy, and nutritional counselling and planning.<br />\n<br />\nMedication may also be employed to treat associated condition of an eating disorder, such as depression. <br />\n<br />\nhttp://www.eatingdisorderexpert.co.uk/PsychologicalSignsOfEatingDisorders<br />\n<br />\nPreventative measures for Eating Disorders<br />\n<br />\nPrevention methods for eating disorders<br />\n<br />\nEating disorders such as anorexia bulimia and binge eating disorder are most prevalent in countries and cultures which place a high degree of importance about being thin and presenting an appealing image. Most individuals that suffer from an eating disorder feel that they are not as thin, and therefore as successful, as they would like to be and use their eating behaviours to either attempt to restrict their calories which would then lead to them loosing further weight, or find relief from binge eating and then being sick afterwards. <br />\n<br />\nPrevention method<br />\n<br />\nThere are a wide range of different prevention methods to avoiding an eating disorder. Maintaining a healthy balance and healthy outlook on life are two keys mean of prevention. A healthy balance in life on an Individual doesn&#039;t just mean on their confidence and etc, it also involves a balance in work/school and personal life, a healthy diet with occasional treats, and exercising for fun with an appropriate amount of rest and relaxation. <br />\n<br />\nA healthy outlook is where an individual can recognise the &#039;big picture&#039;, that weight and appearance is just one facet of a person. There is more to a healthy outlook and this is maintaining a healthy outlook which allows an individual to remember that (s) he has both strengths and weaknesses, but does not allow him/her to get caught up in flaws. <br />\n<br />\nFamily and friends can help individuals stay strong and prevent an eating disorder by:<br />\n<br />\n- Praising an individual&#039;s talent and strengths<br />\n<br />\n- Listening to, and discuss, an individual&#039;s thoughts, feelings and fears<br />\n<br />\n- Supporting an individual&#039;s hopes and dreams<br />\n<br />\n- Reminding an individual that a healthy body, not necessarily a slim body is best<br />\n<br />\n- Encouraging an individual to explore hobbies in which (s)he shows an interest<br />\n<br />\n- Helping an individual make new friends who are also supportive<br />\n<br />\n- Barring unrealistic and unhealthy diets and excessive exercise regimes<br />\n<br />\nhttp://www.eatingdisorderexpert.co.uk/PreventingAnEatingDisorder.html<br />\n<br />\nThere has been a new term for an eating disorder which is &#039;Orthorexia&#039;; this is a relatively newly diagnosed disorder that is diagnosed to an individual when they become obsessive about their eating patterns. Unlike anorexia or bulimia, the person permits themselves to eat but become so engrossed with what they are eating that their thoughts become over taken by their diet.<br />\n<br />\nThey have a very strict regime for their diet, which could be that they only allow themselves healthy food and scrutinise the nutritional content of every item that they eat. Calories, vitamins, and nutrient become the central point of the food and anything that is found to contain even just a trace of what is on the &#039;not allowed&#039; list is not to be consumed. <br />\n<br />\nThere is a lot of media around that is almost like a peer pressure to be thin and skinny, and to look like what is in the magazines.<br />\n<br />\nAlzheimer&#039;s <br />\n<br />\nDescription of Alzheimer&#039;s<br />\n<br />\nAlzheimer&#039;s disease is the most common form of dementia, which is a group of symptoms that are associated with an ongoing decline of mental abilities, such as memory and reasoning.<br />\n<br />\nAlzheimer&#039;s disease attacks nerves, brain cells, and neurotransmitters (chemicals that carry messages to and from the brain). Although Alzheimer&#039;s disease is often associated with increasing age, the exact cause is unknown. <br />\n<br />\nAlzheimer&#039;s disease is a progressive condition, which means that it will continue to get worse as it develops. Early symptoms include:<br />\n<br />\n- minor memory problems <br />\n<br />\n- difficulty saying the right words <br />\n<br />\nThese symptoms change as Alzheimer&#039;s disease develops, and it may lead to:<br />\n<br />\n- confusion <br />\n<br />\n- personality changes <br />\n<br />\n- a total change in behavior <br />\n<br />\nCauses of Alzheimer&#039;s disease<br />\n<br />\nAlzheimer&#039;s disease is caused by parts of the brain wasting away, which damages the structure of the brain and how it works. The medical name for wasting away is &#039;atrophy&#039;. <br />\n<br />\nThe atrophy mainly affects the cerebral cortex, which is the layer of grey matter that covers the brain. Grey matter is responsible for processing thoughts. <br />\n<br />\nPlaques and tangles<br />\n<br />\nAs the cerebral cortex wastes away, clumps of protein, known as &#039;plaques&#039; and &#039;tangles&#039;, start to form in the brain. The plaques and tangles start to destroy more brain cells, which makes the condition worse. They also affect the neurotransmitters (chemicals that carry messages to and from the brain). <br />\n<br />\nRisk factors<br />\n<br />\nIt is still unknown what actually causes the deterioration of brain cells, although there are several factors that are known to affect the development of Alzheimer&#039;s disease. These are as follows:<br />\n<br />\nAge<br />\n<br />\nAge is the greatest factor in the development of Alzheimer&#039;s disease. The likelihood of developing the condition doubles every five years after you reach 65 years of age. However, it is not just older people who are at risk of developing Alzheimer&#039;s disease.<br />\n<br />\nFamily history<br />\n<br />\nAlzheimer&#039;s disease can also be inherited (run in the family), although the risk is only marginally higher than that of someone who has no family history of the condition.<br />\n<br />\nIn cases where Alzheimer&#039;s disease is inherited, the symptoms may start at a relatively early age (between 35 and 60 years of age). <br />\n<br />\nDown&#039;s syndrome<br />\n<br />\nPeople with Down&#039;s syndrome (a genetic disorder that affects physical appearance, as well as the ability to learn and develop mentally) are at a higher risk of developing Alzheimer&#039;s disease. <br />\n<br />\nThis is because people with Down&#039;s syndrome have an extra copy of chromosome 21, which contains a protein that is found in the brain of those with Alzheimer&#039;s disease. Therefore, people with Down&#039;s syndrome have a higher-than-average amount of this protein, which could contribute to developing Alzheimer&#039;s disease.<br />\n<br />\nWhiplash and head injuries<br />\n<br />\nPeople who have had a severe head injury, or severe whiplash (a neck injury caused by a sudden movement of the head forwards, backwards, or sideways), have been found to have a higher risk of developing Alzheimer&#039;s disease.<br />\n<br />\nAluminum <br />\n<br />\nAluminum is a naturally occurring substance that is found in food and plants. It is also added to products, such as pans, packaging, and medicines. The body only absorbs a minimal amount of aluminum, which is usually passed out of the body in urine.<br />\n<br />\nIt was suggested that aluminum could be a possible cause of Alzheimer&#039;s disease because research found that the &#039;plaques&#039; and &#039;tangles&#039; in the brain contain aluminum. However, further research has failed to prove a link between aluminum and Alzheimer&#039;s disease.<br />\n<br />\n(http://www.nhs.uk/Conditions/Alzheimers-disease/Pages/Causes.aspx)<br />\n<br />\nSymptoms of Alzheimer&#039;s disease<br />\n<br />\nMany of the symptoms of Alzheimer&#039;s disease are similar to those of other conditions. <br />\n<br />\nNo two cases of Alzheimer&#039;s disease are ever the same because different people react in different ways to the condition. However, generally, there are three stages to the condition:<br />\n<br />\n- Mild <br />\n<br />\n- Moderate <br />\n<br />\n- Severe <br />\n<br />\nAlzheimer&#039;s disease tends to &#039;creep up&#039; on you, so you may not notice the symptoms immediately. The symptoms progress slowly over a seven to ten year period. However, the rate at which they progress will differ for each individual. The three stages of Alzheimer&#039;s disease are described below.<br />\n<br />\nMild Alzheimer&#039;s disease<br />\n<br />\nCommon symptoms of mild Alzheimer&#039;s disease include:<br />\n<br />\n- Confusion <br />\n<br />\n- Poor memory and forgetfulness <br />\n<br />\n- Mood swings <br />\n<br />\n- Speech problems <br />\n<br />\nThese symptoms are a result of a gradual loss of brain function. The first section of the brain to start deteriorating is often the part that controls the memory and speech functions.<br />\n<br />\nModerate Alzheimer&#039;s disease<br />\n<br />\nAs Alzheimer&#039;s disease develops into the moderate stage, it can also cause:<br />\n<br />\n* Hallucinations - where you hear or see things that are not there <br />\n<br />\n* Delusions - where you believe things that are untrue <br />\n<br />\n* Obsessive or repetitive behavior <br />\n<br />\n* Thinking you have done or experienced something that never happened <br />\n<br />\n* Disturbed sleep <br />\n<br />\n* Incontinence - where you unintentionally pass urine (urinary incontinence), or stools (faecal or bowel incontinence) <br />\n<br />\nDuring the moderate stage, you may have difficulty remembering very recent things. Problems with language and speech could also start to develop at this stage. This can make you feel frustrated and depressed, leading to mood swings.<br />\n<br />\nSevere Alzheimer&#039;s disease<br />\n<br />\nSomeone with severe Alzheimer&#039;s disease may seem much disorientated and show signs of major confusion. <br />\n<br />\nThis is also the stage where people are most likely to experience hallucinations and delusions. They may think that they can smell, see, or hear things that are not there, or believe that someone has stolen from them or attacked them when they have not. This can be distressing for friends and family, as well as for the person with Alzheimer&#039;s disease. <br />\n<br />\nThe hallucinations and delusions are often worse at night, and the person with Alzheimer&#039;s disease may start to become violent, demanding, and suspicious of those around them.<br />\n<br />\nAs Alzheimer&#039;s disease becomes severe, it can cause also cause a number of other symptoms such as:<br />\n<br />\n- Difficulty swallowing <br />\n<br />\n- Difficulty changing position or moving from place to place without assistance <br />\n<br />\n- Weight loss or a loss of appetite <br />\n<br />\n- Increased vulnerability to infection <br />\n<br />\n- Complete loss of short-term and long-term memory <br />\n<br />\nDuring the severe stage of Alzheimer&#039;s disease, people often start to neglect their personal hygiene. It is at this stage when most people with the condition will need to have full-time care because they will be able to do very little on their own.<br />\n<br />\nLife expectancy<br />\n<br />\nAlzheimer&#039;s disease affects a person&#039;s ability to look after themselves when they are unwell, so another health condition can develop rapidly if left untreated. A person with Alzheimer&#039;s may also be unable to tell someone if they feel unwell or uncomfortable.<br />\n<br />\nAlzheimer&#039;s disease can shorten life-expectancy. This is often due to developing another condition, such as pneumonia (inflammation of the lungs), as a result of having Alzheimer&#039;s disease. Therefore, in many cases, Alzheimer&#039;s disease may not be the actual cause of death, but it can be a contributing factor.<br />\n<br />\n(http://www.nhs.uk/Conditions/Alzheimers-disease/Pages/Symptoms.aspx)<br />\n<br />\nDiagnostics<br />\n<br />\nThere is no singular test that can definitively diagnose Alzheimer&#039;s disease, although imaging technology designed to detect Alzheimer&#039;s plaques and tangles is rapidly becoming more powerful and precise. Still, a comprehensive, competent diagnostic workup by a skilled physician can pinpoint the cause of Alzheimer&#039;s-like symptoms with over 90% accuracy. Diagnosis of Alzheimer&#039;s disease can include the following: <br />\n<br />\n- Medical history -- This should include questions about past illnesses, prior injuries and surgeries, and current chronic conditions in order to identify other possible causes for Alzheimer&#039;s-like symptoms. For instance, if you suffered a serious head injury any time in your past, it could account for the problems with memory or concentration that you&#039;re currently experiencing. If you&#039;re loved one has heart disease that could be reducing blood flow to the brain and causing forgetfulness. <br />\n<br />\n- Medication history -- This should include allergies, experienced side effects from past medications, and a list of current medications and dosages. Not only will this inform any future prescription decisions; it also might reveal a medication interaction or over dosage that accounts for you or your loved one&#039;s confusion and other symptoms. <br />\n<br />\n- Mood evaluation -- The evaluation should include an assessment for anxiety or depression, which can create Alzheimer&#039;s-like symptoms in older people as well as occur concurrently with Alzheimer&#039;s or another dementia. Depression, in particular, can result in a set of symptoms collectively known as pseudodementia. If a mood disorder is detected, it can be treated alongside other disorders, such as Alzheimer&#039;s. <br />\n<br />\n- Mental status exam -- To assess memory, concentration, and other cognitive skills. The mental status exam is a research-based set of questions that results in a score that indicates a general level of impairment. If you or your loved one scores high on a mental status exam, there is less of a chance that Alzheimer&#039;s is the culprit; another (possibly treatable) condition may be responsible for the symptoms. However, highly educated individuals have scored high on mental status exams even though they do have Alzheimer&#039;s disease. <br />\n<br />\n- Complete physical exam -- To assess hearing, vision, blood pressure, pulse, and other basic indicators of health and disease. A current physical exam can detect acute medical conditions such as an infection that might be causing Alzheimer&#039;s-like symptoms. <br />\n<br />\n- Appropriate laboratory tests -- These will vary according to you or your loved one&#039;s medical history and current symptoms. Blood tests are the most common laboratory tests ordered. For example, if you are exhibiting pre-diabetic symptoms, a blood glucose test would be ordered. Aside from blood tests, if your loved one&#039;s symptoms came on suddenly and include severe confusion, a urinalysis would probably be conducted to rule out a urinary tract infection. <br />\n<br />\n- Neurological exam -- This should include an examination of the motor system (movement), reflexes, gait (walking), sensory functioning, and coordination in order to detect problems with the nervous system that may be causing problems with thinking and behaviour. <br />\n<br />\n- Imaging procedures -- Detailed pictures of the brain, such as a CT scan (computed tomography), an MRI (magnetic resonance imaging), or a PET scan (positron emission tomography) to identify changes in brain structure or size indicative of Alzheimer&#039;s, or to look for brain tumours, blood clots, strokes, normal pressure hydrocephalus (NPH), or other abnormalities that might account for Alzheimer&#039;s-like symptoms.<br />\n<br />\nThere is no particular kind of physician that specializes in Alzheimer&#039;s disease. Many people first seek help from their primary care physician, who may oversee the total diagnostic process or refer the individual to any of the following specialists: <br />\n<br />\n- Neurologist -- Specializes in diseases of the nervous system, including Alzheimer&#039;s, Parkinson&#039;s, epilepsy, and stroke. <br />\n<br />\n- Psychiatrist -- Specializes in mental, emotional, and behavioural disorders. <br />\n<br />\n- Neuropsychologist -- Specializes in the brain-behaviour relationship and can conduct neuropsychological testing to determine the type and level of impairment due to Alzheimer&#039;s, head injury, stroke, or other conditions. <br />\n<br />\n(http://alzheimers.about.com/od/diagnosisofalzheimers/a/diagnosis.htm)<br />\n<br />\nTreatment of Alzheimer&#039;s disease<br />\n<br />\nMedicines <br />\n<br />\nMedicines called acetylcholinesterase inhibitors are used to help people with moderate Alzheimer&#039;s disease. However, they aren&#039;t very effective and most people get little benefit from them. They may slow down the progression of symptoms and delay the need for residential care. Your doctor may prescribe one of the three acetylcholinesterase inhibitors available:<br />\n<br />\n- Donepezil (Aricept) <br />\n<br />\n- Rivastigmine (Exelon) <br />\n<br />\n- Galantamine (Reminyl) <br />\n<br />\nAnother medicine, memantine (Ebixa), is for people in the late stages of Alzheimer&#039;s disease. However, there isn&#039;t enough evidence to show that memantine is effective and the National Institute for Health and Clinical Excellence (NICE) recommends that doctors don&#039;t prescribe it. Memantine may be available for some people who are taking part in a clinical trial. <br />\n<br />\nSometimes, antidepressant medicines are prescribed to help treat the depression that can be associated with Alzheimer&#039;s disease. Your doctor may prescribe tranquillisers, which can help with the behavioural problems of Alzheimer&#039;s disease such as irritability and aggression.<br />\n<br />\nTalking therapies<br />\n<br />\nYour doctor may suggest other treatments, such as:<br />\n<br />\n* group activities and discussions - these aim to stimulate your mind (sometimes this is referred to as cognitive stimulation therapy) <br />\n<br />\n* reminiscence therapy - this involves discussing past events in groups, usually using photos or familiar objects to jog your memory, although there are conflicting opinions on whether this is effective <br />\n<br />\nhttp://hcd2.bupa.co.uk/fact_sheets/html/alzheimers_disease.html#5<br />\n<br />\nBibliography<br />\n<br />\nThe concept of mental health<br />\n<br />\nhttp://www.who.int/mental_health/evidence/en/promoting_mhh.pdf<br />\n<br />\nhttp://www.mcgill.ca/files/tcpsych/Report4.pdf<br />\n<br />\nWhat is mental illness?<br />\n<br />\nhttp://www.health.gov.au/internet/main/Publishing.nsf/Content/B7B7F4865637BF8ECA2572ED001C4CB4/$File/whatmen.pdf<br />\n<br />\nWho does mental health affect?<br />\n<br />\nhttp://www.rethink.org/about_mental_illness/who_does_it_affect/index.html<br />\n<br />\nAO2<br />\n<br />\nIn this section I am going to give an explanation of three effects of mental-health illness on the person who uses services, their family and society in both short and long term <br />\n<br />\nLiving with bipolar disorder from diagnosis to treatment<br />\n<br />\nA person with bipolar disorder often lives for years without being correctly diagnosed. People may not see their high energy or overjoyed periods as a problem, and don&#039;t look for treatment. A person with bipolar disorder usually first seeks treatment because of depressive periods. He or she may then be misdiagnosed as having pure, &quot;unipolar&quot; depression. Misdiagnosis can happen when the patient is not thoroughly evaluated or neglects to discuss the &#039;up&#039; periods, not recognizing anything peculiar or detrimental about the &#039;highs&#039;; A physician may also make a mistake in diagnosis by attributing symptoms to depression, schizophrenia, a brain tumour, stroke, substance abuse, poor school performance or trouble in the workplace.<br />\n<br />\nPeople with bipolar disorder often describe severe &#039;mood shifts&#039; that go from extreme energy to deep despair within a very short period of time. After being diagnosed a person with bipolar disorder may believe life will never be the same. It can be painful to review how the illness has affected his or her life. Someone who needs to be hospitalized may experience feelings of failure, shame or embarrassment due to the stigma of mental illness. At this time, support from the individual&#039;s family, friends and health care providers is very essential. <br />\n<br />\nTreatment can be very effective and positive plans and goal-setting can motivate a person with the condition to take it day by day towards wellness. Friends and family can encourage a person with bipolar disorder towards a healthier lifestyle with reminders to keep a regular sleep cycle, eat well, exercise, avoid alcohol and substance abuse, join support groups and keep regular health care appointments while continuing treatment. Since loss of sleep can precipitate acute manic episodes, it is very important for the individual to maintain regular sleeping hours even when they travel and change time zones. <br />\n<br />\nAfter adjusting to life with bipolar disorder people who are treated successfully develop more positive feelings about the future. They reach a stage where the illness no longer defines them.<br />\n<br />\nWhat you should do if someone close to you has bipolar disorder<br />\n<br />\n- Be understanding<br />\n<br />\n- Offer practical help<br />\n<br />\n- Encourage them to seek help if they appear to be becoming unwell<br />\n<br />\n- Take care of yourself<br />\n<br />\nSeek help immediately if:<br />\n<br />\n- Your relative or friend is not able to look after him or herself properly<br />\n<br />\n- You find that they are seriously neglecting themselves by not eating or drinking<br />\n<br />\n- They talk of harming or killing themselves<br />\n<br />\n- They are starting to become manic and you notice that they are happier, more irritable, talking faster than usual, sleeping less than normal and especially if they are behaving in an unusually risky way<br />\n<br />\nYour loved one&#039;s mania or depression can be distressing, exhausting and can leave you feeling completely powerless to help. You should seek help <br />\n<br />\nhttp://www.netdoctor.co.uk/diseases/facts/manicdepressivepsychosis.htm<br />\n<br />\nHaving a family member with Bipolar Disorder<br />\n<br />\nWhen one of your family members suffer from bipolar disorder it can often be difficult to know what to say. They may see everything in a negative way and not be able to say what they want you to do. It is always best to just listen and be patient and understanding with them. During mania, the person could appear to be happy, energetic or outgoing, but the excitement of any social situations will tend to push their mood even higher. If someone close to you has bipolar disorder, your love and support can make a difference in treatment and recovery. A family member can always help by learning about the illness, offering hope and encouraging the individual, keeping track of symptoms, and being a partner in treatment. Caring for a person with bipolar disorder can take a toll and you can often enough neglect your own needs. So it is very important to find a balance between supporting your loved one and taking care of yourself.<br />\n<br />\nDealing with ups and downs of bipolar disorder can be difficult and not just for the person with the illness. The moods and behaviours of a person with bipolar disorder can affect everyone around that individual especially family members and close friends. During a manic episode, the family members and close friends have to cope with reckless antics, outrageous demands, explosive outbursts, and irresponsible decisions. When the mania episode has passed, it often falls on them to deal with the consequences. During episodes of depression, they may have to pick up the slack for a loved one who doesn&#039;t have the energy to meet responsibilities at home or work. <br />\n<br />\nMajority of people who have been diagnosed with bipolar disorder are able to stabilize their moods with proper treatment, medication and support. The following are different ways a family member or a close friend can help an individual with bipolar disorder:<br />\n<br />\n- Learn about bipolar disorder<br />\n<br />\nBy educating yourself about bipolar disorder, you are able to learn about the symptoms and treatment options. The more you increase your knowledge about bipolar disorder, the better equipped you&#039;ll be to help your loved one and keep things in perspective.<br />\n<br />\n- Encourage the person to get help<br />\n<br />\nThe sooner the individual has been treated for bipolar disorder, the better the prognosis the individual would have. <br />\n<br />\n- Be understanding<br />\n<br />\nIt is always great to let the individual know that if they ever need a sympathetic ear, encouragement or assistance with treatment that you will always be there for them. It is always great to remind the individual that you care about them a lot and you&#039;ll do whatever you can to help them.<br />\n<br />\n- Be patient<br />\n<br />\nThe individual will take time to get better, even when a person is committed to treatment. It is always best to be patient with the pace of recovery and prepare for setbacks and challenges. Managing bipolar disorder is a lifelong process.<br />\n<br />\nhttp://www.helpguide.org/mental/bipolar_disorder_family_friends_support.htm<br />\n<br />\nA03<br />\n<br />\nIn this section I am going to be researching the preventative and coping strategies and practitioners/individuals that could provide support for the person who uses services, including research on one piece of appropriate current legislation<br />\n<br />\nPreventative measures for Bipolar disorder<br />\n<br />\nSome patients do very well once they are taking medication or having therapy, which then makes them able to achieve a high standard of living. Some patients refuse to stay consistent with their medication and can not tolerate the side effects. Patients who want to achieve a good standard of living must remain active in their own therapies and their own treatment.<br />\n<br />\nCoping strategies<br />\n<br />\nBipolar disorder: Key recovery concepts<br />\n<br />\n- Hope. With good symptom management, it is possible to experience long periods of wellness. Believing that you can cope with your mood disorder is both accurate and essential to recovery. <br />\n<br />\n- Perspective. Depression and manic-depression often follow cyclical patterns. Although you may go through some painful times and it may be difficult to believe things will get better, it is important not to give up hope. <br />\n<br />\n- Personal Responsibility. It&#039;s up to you to take action to keep your moods stabilized. This includes asking for help from others when you need it, taking your medication as prescribed and keeping appointments with your health care providers. <br />\n<br />\n- Self Advocacy. Become an effective advocate for yourself so you can get the services and treatment you need, and make the life you want for yourself. <br />\n<br />\n- Education. Learn all you can about your illness. This allows you to make informed decisions about all aspects of your life and treatment. <br />\n<br />\n- Support. Working toward wellness is up to you. However, support from others is essential to maintaining your stability and enhancing the quality of your life.<br />\n<br />\nSource: Depression and Bipolar Support Alliance<br />\n<br />\nTips for successful bipolar disorder treatment:<br />\n<br />\n- Be patient. Don&#039;t expect an immediate and total cure. Have patience with the treatment process. It can take time to find the right program that works for you.<br />\n<br />\n- Communicate with your treatment provider. Keep the lines of communication open with your doctor or therapist. Your treatment program will change over time, so keep in close contact with your provider. Talk to your provider if your condition or needs change and be honest about your symptoms and any medication side effects.<br />\n<br />\n- Take your medication as instructed. If you&#039;re taking medication, follow all instructions and take it faithfully. Don&#039;t skip or change your dose without first talking with your doctor.<br />\n<br />\n- Get therapy. While medication may be able to manage some of the symptoms of bipolar disorder, therapy teaches you skills you can use in all areas of your life. Therapy can help you learn how to deal with your disorder, cope with problems, regulate your mood, change the way you think, and improve your relationships.<br />\n<br />\nMy service user<br />\n<br />\nIn this section, I am going to talk about my service users coping strategies and what support she encountered when recovering. I may state my service user under the name &#039;Lauren&#039;, this is not my service users real name I have changed her name for the purpose of confidentiality and to keep her anonymous.<br />\n<br />\nWhen my service user was diagnosed with Bipolar Disorder she required certain adjustments. She described herself having to make adjustments like a recovering alcoholic who had to avoid alcohol or diabetics who had to start taking insulin for the first time. My service user stated that she had to make a healthy lifestyle choice for herself, this helped her to cope with having the disorder and it helped to keep her symptoms under control which then meant that if she had her symptoms under control it would then minimize her mood swings and that meant she was able to take more control of her life. <br />\n<br />\nThere was no preventative measures for my service user, because it come out of the blue for her, so there was nothing that she could have done to minimize her getting diagnosed with bipolar disorder. Another coping strategy for my service user was that she said being able to change her lifestyle helped control her symptoms, but when she first got diagnosed with bipolar disorder she struggled managing it properly, but then she went through the proper treatment, which included medication and therapy. <br />\n<br />\nMy service user also stated that when she was first diagnosed with bipolar disorder, she didn&#039;t have any knowledge about what disorder she had and she refused to participate in her treatment, and this is why her manic and depression episode worsened. After a while it got to the point where my service user needed the help, because it was affecting her family, friends and work. She needed the different coping strategies where she was able to handle her lifestyle in a healthy cycle instead of a constant struggle. As soon as she started her treatment and coping strategy was where she learnt everything there was to know about bipolar disorder, and had full participation with her treatment. <br />\n<br />\nShe also looked at the different symptoms that could come from having the disorder, because this then built her awareness on what could happen, and if she ever encountered any of the symptoms she could try and work on controlling them as much as possible. She said if she was to give another individual advice on coping strategies if diagnosed with bipolar disorder it would be the following:<br />\n<br />\n- Fully participate in treatment and medication<br />\n<br />\n- Increase your knowledge about bipolar disorder<br />\n<br />\n- Learn about different ways you can control your symptoms, the more knowledge you have with the different symptoms the more you may be able to control them<br />\n<br />\n- The more prepared you are, the easier you will find living your life like normal!<br />\n<br />\nWhen I found out the key information I needed to know about the disorder I had been diagnosed with, Lauren then collaborated with her doctor and therapist and together they came up with a treatment planning process. <br />\n<br />\nIn order for my service user to control her symptoms, she would do different things such as:<br />\n<br />\n- Monitor her symptoms and moods<br />\n<br />\n- Speak to close friends and friendships<br />\n<br />\n- She would use different tools to stabilize her moods <br />\n<br />\n- Develop a daily routine<br />\n<br />\n- Keep herself stress free as best as possible<br />\n<br />\n- She would watch her diet<br />\n<br />\nMonitor her symptoms and moods<br />\n<br />\nWhen my service user monitored her mood and symptoms, she would pay close attention to how she was feeling on a daily basis. To start off with she wouldn&#039;t pay attention to her mood swings, but then she didn&#039;t have any idea on what symptoms would occur if she was about to have an episode. So she started to keep a close eye on how she would feel before, during and after a mania or depression occurrence. She kept two different diaries, where one she wrote in to keep up-to-date on how she felt and what she did and etc on a day-to-day basis, and then she would also keep another one where she would keep information about how she felt, sleeping patterns, energy levels and thoughts she had on that day. She felt this was a useful tool for keeping an eye on her mood swings and symptoms. The reason for her doing this, was because she felt that if she monitored this, she would be able to catch on if she was about to have an episode and would be maybe able to prevent a her mood swings for changing instead of it turning into a full blown episode that she used to have when she was first diagnosed with Bipolar Disorder. <br />\n<br />\nShe researched the triggers and early warning signs from the internet and wrote them down and this is what she had found:<br />\n<br />\nFrom this Lauren would then compare herself to following lists and see if she had any comparisons to any of the above. Her lists were much longer, but she has given me a couple of examples of what she would use for a comparison mechanism. She would also have chats with her doctor on a regular basis who also kept up-to-date with her moods and how she had been feeling, if she had any high or low moments during the week and if so how did it make her feel. They would do this so they could also monitor how she was feeling. <br />\n<br />\nLauren always thought it was best to have regular mood monitoring, because she was then sure that she wouldn&#039;t have any relapses. Her mum also keep a mood chart on the fridge were every morning, afternoon, and just before she went to bed she would log her daily emotional state and symptoms if any had occurred. Her mum always kept on her case so if Lauren ever forgot to fill in her diary or anything then at least she would have a list of how her daughter had been feeling and etc. <br />\n<br />\nUse different tools to stabilize mood swings <br />\n<br />\nMy service user would use a wide range of tools to use as a coping strategy to maintain a stable mood or to get better when feeling low or high. Lauren found different coping techniques that worked best for her moods, and her situation. Some would only reduce symptoms and some would maintain full balance of mood and symptoms these were as follows:<br />\n<br />\n- She would always get a full eight hours of sleep<br />\n<br />\n- She would have &#039;me time&#039; so she was able to relax and chill out<br />\n<br />\n- Write in her diary<br />\n<br />\n- She would run twice a week to keep a balance routine<br />\n<br />\n- She cut down on fatty food, sugar, alcohol and caffeine<br />\n<br />\n- Attended a support group, where she would then have individual chats with a support person<br />\n<br />\n- Have regular check ups with the doctor and therapist<br />\n<br />\nDevelop a daily routine<br />\n<br />\nBefore my service user was diagnosed with Bipolar Disorder, she never had a balance routine for her day, but since she has been diagnosed with it, she knew she had to change her daily routine because it has a significant impact on how she would feel and etc. <br />\n<br />\nShe balanced out her sleep, eating and exercise patterns, because these were 3 of the main areas she never looked after properly. <br />\n<br />\nThere are many things that Lauren did on a daily basis such as:<br />\n<br />\n- Made a routine to her day<br />\n<br />\nLauren would do this because she felt that it helped to stabilize her mood swings. She would set times for sleeping, eating, socializing, exercising, working, and relaxing. She felt that if she was to maintain a regular activity, and kept herself busy because she thought it helped to keep her emotions balanced.<br />\n<br />\n- Exercised regularly<br />\n<br />\nLauren joined a gym and would run twice a week, she thought this reduced the number of episodes she would encounter. Furthermore, she would also walk her dog every day because this was a good fitness level just to relax and reduce any stress or worries. <br />\n<br />\n- Keep to a strict sleeping pattern<br />\n<br />\nThe doctor had informed my service user that if she was to get not enough sleep then it could trigger mania, so it was very important for my service user to get plenty of sleep, not too much but not too little. She noticed that if she didn&#039;t get 8 hours of sleep a night, then she would have problems the next day and would start to get symptoms of an episode coming, however if she was to get too much sleep it would worsen her mood swings. So it was appropriate for her to get the right amount of sleep that was just right for her body. She would maintain a normal sleeping pattern, going to bed and waking up at around the same time each day. When she was first diagnosed with bipolar disorder, she found this hard to do, and there would be some days were she wouldn&#039;t keep it on a regular pattern, but it become easier to her the more she tried to stick to it. <br />\n<br />\n symptoms of an episode coming, ho<br />\n<br />\nhttp://www.helpguide.org/mental/bipolar_disorder_self_help.htm<br />\n<br />\nAO4<br />\n<br />\nMental illnesses can take many forms, just as physical illnesses do. Mental illnesses are still feared and misunderstood by many people, but the fear disappears if people learned about their illness better. <br />\n<br />\nhttp://www.cmha.ca/bins/content_page.asp?cid=3<br />\n<br />\nMental health is the positive balance of the social, physical, spiritual, economic and mental aspects of one&#039;s life and is as important as physical health. When people are mentally healthy they are able to live productive daily activities, maintain fulfilling relationships with others, and have the ability to adapt to changer and cope with stress.<br />\n<br />\n Alternatively, mental illness is a psychological or behavioural phenomenon that leads to disorder or disability that is not part of normal development. Mental illness can occur when the brain (or part of the brain) is not working well or is working in the wrong way. When the brain is not working properly, one or more of its six functions will be disrupted (thinking or cognitive, perception or sensing, emotion or feeling, signalling, physical functions and/or behaviour). When these functions significantly disrupt a person&#039;s life, we say that the person has a mental disorder or a mental illness. (http://issues.tigweb.org/mentalhealth)<br />\n<br />\nThe more we learn about mental health, the better we understand the impact that mental health problems can have on personal, social, civic and economic development. Addressing mental health problems early in life enhances the opportunity for young people to get well and stay well through adulthood, improving not only the lives of individuals and families, but also enhancing civil society increasing opportunity for socio-economic development and encouraging global acceptance of human and cultural diversity. (http://issues.tigweb.org/mentalhealth)<br />\n<br />\nMyths of mental illness<br />\n<br />\nThere are many myths about mental illness. Until people learn the truth, they will continue to deny that mental illness exists at all or to avoid the topic entirely. <br />\n<br />\nDifferent myths and some true are as follows:<br />\n<br />\n- People with mental illness are violent and dangerous. <br />\n<br />\nAs a group, mentally ill people are no more violent than any other group. In fact, they are far more likely to be the victims of violence than to be violent themselves.<br />\n<br />\n- People with mental illness are poor and/or less intelligent.<br />\n<br />\n Many studies show that most mentally ill people have average or above-average intelligence. Mental illness, like physical illness, can affect anyone regardless of intelligence, social class or income level.<br />\n<br />\n- Mental illness is caused by a personal weakness.<br />\n<br />\n A mental illness is not a character flaw. It is an illness, and it has nothing to do with being weak or lacking will-power. Although people with mental illness can play a big part in their own recovery, they did not choose to become ill, and they are not lazy because they cannot just &quot;snap out of it.&quot; <br />\n<br />\n- Mental illness is a single, rare disorder. <br />\n<br />\nMental illness is not a single disease but a broad classification for many disorders. Anxiety, depression, schizophrenia, personality disorders, eating disorders and organic brain disorders can cause misery, tears and missed opportunities. http://www.cmha.ca/bins/content_page.asp?cid=3<br />\n<br />\nI did a primary research and made a list of what was the first thing people thought of when they heard of mental illness/health, and here is a couple of the things people thought:-<br />\n<br />\n- Retard<br />\n<br />\n- Idiot<br />\n<br />\n- Moron<br />\n<br />\n- Autism<br />\n<br />\n- Mentally challenged<br />\n<br />\n- Intellectual disabled<br />\n<br />\n- Delayed <br />\n<br />\n- Demented <br />\n<br />\n- Alzheimer&#039;s<br />\n<br />\n- Slow<br />\n<br />\n- Crazy<br />\n<br />\n- Cuckoo<br />\n<br />\n- Psycho<br />\n<br />\n- Wacko<br />\n<br />\n- Nut job<br />\n<br />\n- <br />\n<br />\nThe above words were from a primary research of just walking around and asking people their opinion of people who are mentally ill. These words to people with an illness can belittle them and offend them. Many people use these terms without intending any harm. When I asked people how much they knew about different illness, many people answered that they didn&#039;t know much, this is meaning that there is a lack of knowledge, so instead of learning about people could be criticised of being stereotypical. <br />\n<br />\nMental illness in the media<br />\n<br />\nHow media portrays people with mental-health needs - positive and negative effects of this portrayal alongside realistic and informed recommendations for improvements<br />\n<br />\nPeople with mental disorders are, many times, not described accurately or realistically in the media. Movies, television and books are often present people with mental illnesses as dangerous or unstable. News stories sometimes highlight mental illness to create a sensation in a news report, even if the mental illness is not relevant to the story. Advertisers use words like &quot;crazy&quot; to convey that their prices are unrealistically low and to suggest the consumers can take advantage of them. (eople with mental disorders are, many times, not described accurately or realistically in the media. Movies, television and boohttp://www.cmha.ca/bins/content_page.asp?cid=3)<br />\n<br />\nA report by the mental health charity mind says that media coverage has a direct impact on the lives of people diagnosed with psychiatric disorders. (http://news.bbc.co.uk/1/hi/health/635415.stm)<br />\n<br />\nTelevision, radio and newspaper play an essential role in the public perception of mental illness. While the media often spread unhelpful stereotypes of mental illness, if properly harnessed, they are also used to challenge prejudice, inform and initiate debate and can be helpful to combat the stigma experienced by people with mental illness and their carers. (http://pb.rcpsych.org/cgi/content/full/24/8/281)<br />\n<br />\nThe mass media&#039;s power to impact public perception and the degree to which people are exposed to media representations makes the mass media one of the most significant influences in developed societies. When it comes to mental illness, the media tends to skew reality. For those suffering from mental illnesses, the implications of the often negative and inaccurate portrayals of mental health issues are significant. Inaccurate information in the media about mental illness, even if the portrayal of an individual is positive, results in misunderstandings can have considerable and real consequences. Example, inaccurate depictions of schizophrenia (which is often confused in the media with multiple personality disorder) can lead to false beliefs, confusion, conflict, and a delay in receiving treatment. <br />\n<br />\nUnderstanding television<br />\n<br />\nBritish television admits that there is an industry heavily influenced by a lack of consideration for others, disingenuity and their importance is to achieve ratings for programmes. Psychiatrist hoping to use television to challenge the stigma of mental illness must, therefore, take account of the intense competition in the world of television. However, much stereotypic portrayal of mental illness is on television, and this is accepted by programmes because it makes viewers acknowledge the common currency in the culture around them; images of madness and distress would attract attention and boost ratings. Stereotypes provide a useful way into dialogue with programme makers. The was a programme on Channel 4, Psychos provides an illustration. The belief that the title and content of the programme could serve only to harm the interest of people with mental illness is the short sighted and unimaginative view. The power of television to reach a large audience so swiftly challenges anyone seeking to alter public opinion about mental health. (http://pb.rcpsych.org/cgi/content/full/24/8/281)<br />\n<br />\nChanging times for anorexia - the female &#039;image ideal&#039; through media<br />\n<br />\nUp until the late 1800&#039;s, the rubenesque women dominated the ideal female body image. Until the early 1900&#039;s, for a women to have extra weight on her body and look voluptuous was a sign of good health and wealth.<br />\n<br />\nHere are paintings that show what females ideal body looked like, in different times. <br />\n<br />\nIn the early 1900&#039;s, the culture changed from women who were plump and voluptuous to a thinner frame with less curves. The new female ideal of the 1920&#039;s was the thin, short haired flapper. Culture began to shape the female body image through cosmetics, fashion, Hollywood and advertisement. Here is a commercial advertisement to the right that portrayed what an ideal female body should have looked like at the time. <br />\n<br />\nIn the 1950&#039;s the ideal female body image was Marilyn Monroe. Marilyn was a size 14. In today&#039;s society through the media, she would have been portrayed to be chubby or overweight even though she portrayed a fabulous figure, which is shown in the picture to the left.<br />\n<br />\nIn the 1960&#039;s the waif-like look became popularized by the supermodel Twiggy Lawson. This was the first time in history that an underweight women became the standard for the ideal body image.<br />\n<br />\nIn the 1970&#039;s singer Karen Carpenter began her battle with anorexia nervosa. She died in 1983 from heart failure related to the disease. America began to pay more attention to eating disorders after this unfortunate loss. Here is a picture of the before and after stages of Karen Carpenter, below.<br />\n<br />\nThere was a research on women&#039;s magazines for the number of diet and weight articles they contained. It seemed that the trend in the 1980&#039;s showed from their results, was to become even thinner and more tubular shaped. In this context, tubular shaped means that women&#039;s bust and hips were decreasing as their height was increasing. There is a cultural expectation for women bodies to be ultra thin. Hence, magazines sending out different messages that emphasize exercise and fitness in addition to dieting. There was a study that was conducted in 1992, and today these trends continue even more. Not only are &quot;ideal&quot; women supposed to be ridiculously underweight, but they are also supposed to be physically fit and toned without being too muscular. The picture on the right illustrates how the female image ideal of this time was extremely thin and toned and this was being portrayed to &quot;normal people&quot;.<br />\n<br />\nOn the right is the cover of the May issue for Harper&#039;s Bazaar magazine (2002), which looks very similar to the 1988 cosmopolitan cover. Both models are very thin, toned and have very little fat on their bodied. <br />\n<br />\nOn the left is a image of what models tend to look like today. It illustrates just how thin the body &quot;ideal&quot; for women has become. Due to the media surrounding women with so many images like these our culture has accepted this body type to be &#039;ideal&#039;, it makes sense that most women feel that their bodies are inadequate because they are basing their comparisons to these super slender body images that they come in contact with every day. <br />\n<br />\nBibliography - Changing times for anorexia - the female &#039;image ideal&#039; through media<br />\n<br />\nhttp://images.google.co.uk/imgres?imgurl=http://www.d.umn.edu/~jvaleri/anorexia2.jpg&amp;imgrefurl=http://www.d.umn.edu/~jvaleri/dissatisfaction%2520with%2520bodies.htm&amp;usg=__aWzsMbzrxQDR4uUNOiNw51utNtA=&amp;h=397&amp;w=290&amp;sz=10&amp;hl=en&amp;start=13&amp;um=1&amp;itbs=1&amp;tbnid=OjPf_LFbDj1bqM:&amp;tbnh=124&amp;tbnw=91&amp;prev=/images%3Fq%3Dstatistics%2Bof%2Banorexia%26um%3D1%26hl%3Den%26sa%3DN%26tbs%3Disch:1<br />\n<br />\nMore information about media portrayal of the female body<br />\n<br />\nIt is not uncommon for people to believe that the media and advertisements have no effect on their beliefs or values they hold. However, it is untrue. Although some people believe advertisements are trivial they have significant cumulative, unconscious effects. A clear-cut example of how our cultural standards are influenced by these advertisements can be is seen in the current emphasis placed on the ultra thing female body. Advertising creates an &#039;ultimate standard of worth, so that women are judged against this standard all the time, whether we choose to be or not&#039; (Kilbourne, 1987).<br />\n<br />\nAdvertisement is aimed at doing more than just selling their products, they supply us with ideas and images of normalcy and tell us what we should and should not be. Majority of all advertisement show excessively thin, beautiful, young and flawless models displaying their products and women are repeatedly being exposed to these types of images both in printed ads, television and movies. <br />\n<br />\nIn my opinion the negative side of creating this image towards normal women, is it is creating a bad illusion, a fantasy of what they could do if they were to change their diet and exercise more and etc. Furthermore, the pictures that we look at today are not even real, the ads of the very beautiful and thin models are altered through photographic techniques such as airbrushing, soft focus camera&#039;s, composite figures, editing and filters. They basically blur the boundaries between a fictionalized figure and reality. <br />\n<br />\nHere is how nowadays trends are changing people:<br />\n<br />\nAs you can see from the 2 pictures of Brittany Murphy, the before picture is from 1995 and the after picture is from 2002. These pictures are showing how movies and Hollywood actresses contribute to the unhealthy, extremely thin body image that is the current trend in our culture.<br />\n<br />\nMy conclusion<br />\n<br />\nThe negative side of media is that they show unrealistic portrayals of what female bodies should be like. Pictures that are shown and exposed to teenagers about thin, young air brushed female bodies can link to teenage depression, loss of self-esteem and the development of unhealthy eating habits in both women and teenagers. 1/4 college aged women uses unhealthy methods of weight control including fasting, skipping meals, excessive exercise, laxative abuse, and self-induced vomiting. The pressure through the media to be thin is affecting all ages of girls and women. Women are sold to the diet industry by the magazines we read and the television programmes we watch, majority of all make us feel anxious or self-conscious about our weight. <br />\n<br />\nThere are positive sides to the media such as companies such as Dove, who are spending their advertising money to promote healthy self-images. Likewise there are magazines that focus on healthy lifestyle as opposed to thinness. Another recommendations that I have is that instead of looking at the magazines that show models really thin on the front cover, look the for the magazines that are showing real bodies and beauty, directing your children towards them instead of television shows and magazines that focus on thinness as beauty. <br />\n<br />\nThe media today is a contributor to the problem of &#039;eating disorders&#039;. Teenage girls see images of super thin actresses and models and then they strive to be more like how they look. <br />\n<br />\nI think one recommendation I would make to combat the media&#039;s portrayal of women is to teach teenage girls to view all media with a critical eye. Furthermore, parents should encourage their children that looks aren&#039;t important they are who they are for a reason and they should be happy that way. One way I think a parent could introduces this is by focusing on their children&#039;s qualities that they have that aren&#039;t related to appearances. Instead of constantly telling your daughter she is cute or pretty, applaud her for being smart or funny. I also think there are other ways of tackling this by parents and friends setting a good example. Mother should avoid complaining about their weight and instead lead a healthy lifestyle that they would like their daughter to follow. Introduce healthy eating and encourage a well balanced meal and regular exercise into the household. <br />\n<br />\n??<br />\n<br />\n??<br />\n<br />\n??<br />\n<br />\n??<br />\n<br />\n1"}