{"essay_id": "918264", "essay_title": "Is dating a truly necessary part of growing up for a teenager? Do you want a teenager to suffer through heart breaks, relationship problems and physical or mental damage?", "rate": "4 star(s)", "level": "GCSE", "subject": "English", "word_count": 618, "submitted": "03/04/2011", "marked_by_teacher": {"teacher_name": "Katie Dixon", "date": "29/04/2012"}, "essay_url": "http://www.markedbyteachers.com/gcse/english/is-dating-a-truly-necessary-part-of-growing-up-for-a-teenager-do-you-want-a-teenager-to-suffer-through-heart-breaks-relationship-problems-and-physical-or-mental-damage.html", "description": "Essay topic: Dating is a necessary part of growing up for a teenager.<br />\n<br />\nIs dating a truly necessary part of growing up for a teenager? Do you want a teenager to suffer through heart breaks, relationship problems and physical or mental damage? No one wants this to happen to our future adults of today, therefore why shouldn&#039;t teenagers date? <br />\n<br />\nDating is preparation for marriage, and since it is uncommon for teenagers to be thinking of marriage, dating does not provide any beneficial purposes. However, most people in ancient countries relating to North America, South America, India, Pakistan, Japan and Iran have arranged marriages, and in spite of that those 99 percent of marriages are very successful, and they hardly have any problems of teenage pregnancies or divorces. Then what is the logic of looking for a soul mate in the teenage years? Why do teenagers need to date if they are not mature enough to understand what love is and if they don&#039;t know who the perfect boy or girl is? Furthermore, most youngsters only date a person because of their appearance or reputation; this is why 99 percent of them end up getting emotionally hurt. When teenagers date it disturbs their education, they get no work done and end up failing school! In addition, some people say dating helps children or teenagers to socialize, although socialization happens every single day that we are alive. If we don&#039;t get that much socialization at home, then socialization will happen at school, or just going to your local supermarket and saying &quot;hi&quot; to the cashier. <br />\n<br />\nDating for teens is usually a prerequisite to underage sex; the downfalls are more than the perceived benefits. The downfalls in teenager dating is lack of communication when hasty decisions are chosen, a jealous partner, long distant relationships, cheating on their girlfriend or boyfriend, when families get involved in affairs and when people forget how to talk to one another. Sometimes stress of school makes a person withdrawn, reserved and easily irritated and when two people try to resolve issues; their arguments result in more problems and eventually they stop discussing things. Plus, when many couples start hiding their personal problems from each other or, sometimes mistrust and doubts about your partner&#039;s loyalty result in communication breakdown. Another downfall is a controlling or abusive boyfriend, or girlfriend. This represents the partner controlling every decision in their partner&#039;s life and physically or mentally abusing them. Some of these downfalls will almost happen in every teenager&#039;s dating relationship, which will only leave adolescents with dissatisfaction, guilt, compunction, grief and separation!<br />\n<br />\nStress, depression, physical abuse and gradual lowering of self-esteem are the main problems in bad relationships which can cause headaches, migraines, muscle pain, back pain, stomach pain, joint pain, abdominal pain, strokes, weight loss or weight gain, eczema, psoriasis, diabetes in later life, irritable bowel syndrome, rheumatoid arthritis, decreased immune system, heart burn, ulcers, raised cholesterol, psychological damage, coronary heart disease, high blood pressure, mouth ulcers, sleeping problems, anxiety, irritability or suicide. These difficulties will make you unable to concentrate on your career, or school and personal life with the focus and attention needed, in order for you to be ecstatic.<br />\n<br />\nFor most teenagers, they are not aware of the choices and consequences when it comes to dating. Sometimes their parent&#039;s assistance can be obliging; otherwise they will be involved in situations of facing early maturities where teenagers cannot sustain themselves. In every aspect of opinions in &quot;Teenager Dating&quot;, between the ages of zero to nineteen years old is defiantly too young to start a date. Above all, dating is not a necessary part of growing up for a teenager. "}