{"essay_id": "925668", "essay_title": "The ideology of the Democrats is liberal whilst that of the Republicans is Conservative. Discuss", "rate": "4 star(s)", "level": "AS and A Level", "subject": "Politics", "word_count": 829, "submitted": "13/06/2011", "marked_by_teacher": {"teacher_name": "Jessica Jung", "date": "19/02/2012"}, "essay_url": "http://www.markedbyteachers.com/as-and-a-level/politics/the-ideology-of-the-democrats-is-liberal-whilst-that-of-the-republicans-is-conservative-discuss.html", "description": "The ideology of the Democrats is liberal whilst that of the Republicans is Conservative. Discuss<br />\n<br />\n&#039;Two glass jars with different labels, both empty&#039;. This has been the traditional opinion of the differences between the parties ever since the federalist/anti-federalist issue was settled. However, in recent decades, we have seen the emergence of distinct ideological identities. That of liberalism - a belief that the federal government should have an active role in protecting the vulnerable &amp; guaranteeing rights, and Conservatism - a belief that government should be restricted in order for the individual to achieve their potential. I will analyse to what extent the Democrats and Republicans adhere to these philosophies.<br />\n<br />\nPrimarily, the Democrats have been associated with liberalism ever since FDR&#039;s New Deal of the 1930s. In this era, the government utilised Keynesian economics and expanded its reach nationally, helping the unemployed by providing jobs. Though these &#039;tax and spend&#039; have become unfashionable in recent years, most Democrats would identify themselves as liberals. Recent policies would support this argument. In January 2009, a Democratic President and a Democratic Congress passed a 700 billion dollar economic stimulus package. This is clearly a liberal policy, affirming the state&#039;s role in the economy. Moreover, it was the same congress who passed the Patient Protection &amp; Affordable Care Act (Obama-care) heavily regulating the health insurance industry. These are clearly liberal policies as they augment the role of the state and extending healthcare to 20 million of the low-income Americans who almost certainly voted Democrat, reinforces their liberal credentials. From this we can see that the Democrats, certainly in congressional policy, pass liberal legislation.<br />\n<br />\nSimilarly, the Republicans have shown much in recent years to call themselves a conservative party. The last Republican president, G.W.Bush, extended tax cuts to millions of high and middle earners. The &#039;Bush tax cuts&#039; communicates a key belief in conservatism that the federal government should be more limited and taxes reduced. We can therefore see large cleavages between the beliefs held between the parties, the Democrats attempt to pas liberal policies whilst Republicans try to pass conservative ones. In addition, Bush relieved the role of the Federal Government in some public utilities to the voluntary &amp; private sector as part of his Compassionate Conservatism agenda. Again, this is an example of republican conservatism as it reduces the power of the government.<br />\n<br />\nMore evidence supporting this can be found within Congress. Though Congress used to be bipartisan with the party line carrying little weight amongst senators and congress people, this is no longer the case. So far in the current congressional session, party unity has been around 92%. As congress lacks the strict whipping system found in the UK parliament, one can argue that the unity is down to the distinct beliefs of the parties- conservatism and liberalism. Not a single Republican in the House voted for Obama&#039;s economic stimulus package &amp; very few Democrats were against it, this exemplifies the strong ideological identity of the parties.<br />\n<br />\nMany believe the origins of this polarisation in ideology to stem from the 1960s. With the break up of the Solid South following the Civil Rights Act in 1964, the Democrats lost many of its Dixiecrats- conservative democrats. Similarly, Reagan&#039;s right wing presidency lost many moderate Republicans, at least the ones moderate on economic matters. Hence the parties have become more ideologically homogenous. This has clearly been reflected in the increased partisan levels in Congress.<br />\n<br />\nHowever, a convincing counter argument can be mounted. Despite having had a majority in both chambers, Obama&#039;s healthcare reform was severely amended by Blue Dog Democrats that still exist within the party. This wouldn&#039;t be reflected in party unity scores as many amend legislation on the congress floor and committees suitably to vote for it. In addition, Obama excluded, recent presidencies have challenged the conventional view of the liberal/conservative debate. Bill Clinton, though initially attempting ambitious healthcare reform, declared the &#039;era of big government over&#039;, balanced the federal budget and passed social security reform. These can be said to be more conservative, even, then liberal. Similarly surprising, although Bush made large tax cuts, he also presided over the alrgest increase in the federal budget since LBJ&#039;s Great Society and he also extended the role of the Federal Government through the No Child Left Behind Act. We can therefore see that recent administrations of would-be liberal/conservative presidents have proved to be a mixed bag - not strictly adhering to either ideology.<br />\n<br />\nIt is undeniable that the Democrat Party is liberal and the Republican Party is Conservative. However, the extent of this is far from &#039;clearly&#039; cut. The nature of the US federal government means that differences will always exist within the parties - though this has been reduced in recent years. In conclusion, I believe that, broadly speaking, the two parties have distinct ideological identities however, there is still evidence to rebuke this and so therefore I agree mostly with the statement."}