{"essay_id": "925822", "essay_title": "Explain the potential effects if 5 life factors on the development of an individual.", "rate": "3 star(s)", "level": "GCSE", "subject": "Health and Social Care", "word_count": 1222, "submitted": "16/06/2011", "marked_by_teacher": {"teacher_name": "Michelle Turrell", "date": "01/12/2012"}, "essay_url": "http://www.markedbyteachers.com/gcse/health-and-social-care/explain-the-potential-effects-if-5-life-factors-on-the-development-of-an-individual.html", "description": "Unit 4: Development through the life stages<br />\n<br />\nP2: Explain the potential effects if 5 life factors on the development of an individual.<br />\n<br />\nIt can be hard in today&#039;s society to grow up without being affected by it. From environmental factors to your lifestyle there&#039;s bound to be something that will stop you from growing up the way you would without these factors.<br />\n<br />\nGenetic Factors:<br />\n<br />\nCystic fibrosis is an inherited chronic disease that affects the lungs and digestive system of children and. It is a defective gene and its protein product cause the body to produce unusually thick, sticky mucus that clogs the lungs and leads to life-threatening lung infections and obstructs the pancreas and stops natural enzymes from helping the body breakdown and absorb food.<br />\n<br />\nPhysically: It may stop a student from taking part in sports and going on a night out with their friends, it will also be similar for an adult, perhaps interfere with their job and roles i.e. being a parent.<br />\n<br />\nIntellectually: It may stop a teenager from going to school/college and with adults it may stop them going into work for long periods of time<br />\n<br />\nEmotionally: if you had an illness that you knew you could only ease and not get rid of you would become fed up and depression may be as result of this in both teenagers and adults.<br />\n<br />\nSocially: it may stop them from things such as sports or something as simple as going shopping on the weekend. A teenager would be largely affected by this due to them being in education. <br />\n<br />\nwww.yahoo.answers.com/cysticfibrosis<br />\n<br />\nBiological factors:<br />\n<br />\nFoetal alcohol syndrome refers to growth, mental, and physical problems that may occur in a baby when a mother drinks alcohol during pregnancy. When it comes to pregnancy and biological factors affecting birth growth it can be a prolonging affect on the mother and baby (if they survive). <br />\n<br />\nPhysically: Drinking whilst pregnant will make a woman ill no matter the age. Heavy drinking can cause problems with pregnancy, such as miscarriage and premature birth. This then goes on to the emotional side of things.<br />\n<br />\nIntellectually: If a mother is drinking during pregnancy they won&#039;t be doing well in work or education, an adult has more responsibility <br />\n<br />\nEmotionally: It can emotionally scar a woman to loose a baby for the rest of their life, which will then affect her moods towards herself and other people.<br />\n<br />\nSocially: When it comes to teenagers they&#039;re seen as irresponsible adults, but it&#039;s shown that adults and teenagers will drink and smoke whilst pregnant which can severely disrupt a baby&#039;s growth.<br />\n<br />\nhttp://www.yahoo.answers.com/foetalalcoholsyndrome<br />\n<br />\nEnvironmental factors:<br />\n<br />\nBullying can happen whilst you&#039;re an adult but it&#039;s more likely to happen when you&#039;re younger; Bullying is very common and probably happens in all schools. Recent surveys in the UK have shown that one in four primary school pupils and one in 10 secondary school pupils are being bullied.<br />\n<br />\nPhysically: They will have scars, bruises, that they will cover up and not show anyone. Intellectually it may stop them going to school or work, children wont be telling their parents making it worse for themselves.<br />\n<br />\nIntellectually: Being bullied will slow down someone&#039;s aspirations, with children it may stop them going to school and with adults they may not go to work due to embarrassment. Adults are more likely to overcome bullying rather than children.<br />\n<br />\nEmotionally: Bullying can lower self esteem and can lead to depression and anxiety. These emotions then lead to suicide; it shows that over 5000 people committed suicide in 2008 which is a large percentage along side murders.<br />\n<br />\nSocially: It may stop that person wanting to make friends or even talk to anyone, including their own parents. Most people who are bullied prefer to not tell anyone which we all know isn&#039;t the right choice.<br />\n<br />\nhttp://www.rcpsych.ac.uk/mentalhealthinfo/mentalhealthandgrowingup/bullyingandemotion.aspx<br />\n<br />\nSocio-economic:<br />\n<br />\nIncome, money is always a problem when there&#039;s not enough of it, Money will always have an impact on people&#039;s lives, In the UK there are millions of people still living in poverty, even with all the benefit schemes in place. <br />\n<br />\nPhysically: Adults with a low with a low income may be slightly more overweight than someone with a higher income due to the fact that they cannot spend money on gyms, healthy foods and so on, if they have children they&#039;re most likely to follow the same way. It&#039;s been proven that those who live in poorer areas don&#039;t live as long.<br />\n<br />\nIntellectually: With the education today (mainly universities) prices are increasing largely. Those who are the lower class won&#039;t benefit as much as those whom are in the higher class. This includes both teenagers and adults.<br />\n<br />\nEmotionally: Not bringing in a lot of money can affect you seriously; it can make you depressed, worried, sad, it may also make you lose motivation instead of gaining it. Being an adult you have larger responsibilities than a teenager, Adults with a family have to support each person within that family and with a low income this can become impossible.<br />\n<br />\nSocially: Younger people will find it harder in these areas due to the appearance the present and it may end up in conflict towards society i.e. gangs, robberies, drug dealing and so on. Where as adults have the whole financial problems on the shoulders. No matter what they do they&#039;ll always be stuck for money, which then also impacts their children&#039;s lives.<br />\n<br />\nLifestyle:<br />\n<br />\nNutrition and dietary choices, it&#039;s always in the media; telling us how to look; what to eat; what to wear, but who said people have to look a certain way, I agree yes that if you are overweight you&#039;re cutting your years shorter however there&#039;s people out there that are that perfect &quot;Size-Zero&quot; who may smoke or drink excessive amount of alcohol which probably shortens your life even more. <br />\n<br />\nPhysically: Both adults and teenagers may be able to do more things such as sports and so on. If an adult smokes or drinks they are lowering the lung capacity and heightening the risk of cancer.<br />\n<br />\nIntellectually: It may persuade you to go to work or get a job in the first place, due to you mood and how much you like to socialise with people. Most people who are doing more &quot;manual&quot; jobs are more likely to smoke rather than those who work in offices and so on.<br />\n<br />\nEmotionally: Diets aren&#039;t all that bad; they can improve your moods and make you feel great about yourself, but they can also do the opposite if you can&#039;t lose the weight that you want to. Adults and teenagers are getting similar in terms of dieting, most adult want to look good and teenagers are now starting to read the media and become anxious about how they look.<br />\n<br />\nSocially: You may also socialise a lot more than usual as well especially if you go to gyms on a regular basis, you&#039;re bound to meet new people and make friends. Even though it&#039;s bad for your health, smokers are more likely to meet new people due to the smoking ban and having to go outside.<br />\n<br />\n??<br />\n<br />\n??<br />\n<br />\n??<br />\n<br />\n??<br />\n<br />\nEleanor Lees"}