{"essay_id": "926305", "essay_title": "Green Chemistry - greenhouse gases and the ozone layer", "rate": "3 star(s)", "level": "AS and A Level", "subject": "Science", "word_count": 928, "submitted": "25/06/2011", "marked_by_teacher": {"teacher_name": "Brady Smith", "date": "30/11/2013"}, "essay_url": "http://www.markedbyteachers.com/as-and-a-level/science/green-chemistry-greenhouse-gases-and-the-ozone-layer.html", "description": "The &#039;Greenhouse effect&#039; <br />\n<br />\n? The greenhouse effect keeps us warm <br />\n<br />\n? But, the enhanced greenhouse effect is responsible <br />\n<br />\n for global warming. <br />\n<br />\nInfrared radiation comes into the atmosphere and gets absorbed by the C=O, O-H and C-H bonds in H2O, CH4 and CO2. They vibrate gaining EK, which is dispersed, warming the Earth&#039;s surface. <br />\n<br />\nThe greenhouse effect of a given gas is dependent on the: <br />\n<br />\n? Concentration in the atmosphere (High CO2 etc) <br />\n<br />\n? The ability to absorb infrared radiation (i.e. the bonding in it) <br />\n<br />\nThe IPCC (bunch of chemists) collects evidence to force governments to stop producing so much CO2. <br />\n<br />\nScientists should research ways in which global warming can be reduced <br />\n<br />\n? Carbon-Capture and Storage (CCS)- This involves converting CO2 into <br />\n<br />\n liquid form. This liquid can be injected deep underground. <br />\n<br />\n? Also reaction with metal oxides to form carbonates. <br />\n<br />\n(Magnesium Oxide) MO(s) + CO2(g) --&gt; MCO3(s)<br />\n<br />\n? The Kyoto Protocol was signed by developed nations governments to reduce output of <br />\n<br />\n greenhouse gasses to offset the progress of global warming. The scheme involved <br />\n<br />\n using carbon credits which can be traded around to penalise polluting nations. Some <br />\n<br />\n nations (Australia, USA (Obama)) are reluctant to join because of the impact on their <br />\n<br />\n economies.(See Geog notes) <br />\n<br />\nThe ozone layer <br />\n<br />\nThe Ozone Layer absorbs much of the harmful ultraviolet radiation emitted by the sun, which, if it were to reach the Earth&#039;s surface unimpeded, would cause burning and skin cancer (also vitamin D :)) <br />\n<br />\nOzone, O3 is constantly formed and broken down. An equilibrium with O2 and O* is present. <br />\n<br />\nOverall Equation: O3 ? O2 + O<br />\n<br />\n O3 + (UV Rad) --&gt; O2 + O* O2 + O* --&gt; O3<br />\n<br />\nThese two reactions would maintain a steady rate if undisturbed. <br />\n<br />\nBut: <br />\n<br />\n1- CFC&#039;s make Cl* by breaking down in atmosphere. <br />\n<br />\nCl* + O3 --&gt; ClO* + O2 <br />\n<br />\nClO* + O --&gt; Cl* + O2 <br />\n<br />\nThe radical reacts with the Ozone to produce ClO*. This <br />\n<br />\nreacts with O to form a chlorine radical and oxygen. <br />\n<br />\n2- NO* can be formed from thunderstorms and aircraft <br />\n<br />\n where there is enough energy (N2 + O2 --&gt; 2NO*) <br />\n<br />\n NO + O3 --&gt; NO2 + O2 <br />\n<br />\nNO2 + O --&gt; NO + O2 <br />\n<br />\nThe Overall Reaction is just:<br />\n<br />\n O3 + O --&gt; 2O2<br />\n<br />\nWhich means there is less ozone to absorb the UV radiation and continue the equilibrium in the ozone layer. Hence less protection for us. Oh no! <br />\n<br />\nAir pollution <br />\n<br />\nAir pollution offers a more direct threat to us, rather than long-term climate change. <br />\n<br />\nInfrared Spectroscopy is used to measure air pollution. A <br />\n<br />\nsample of air is drawn into the spectrometer. A beam of <br />\n<br />\ninfrared radiation of a certain frequency is passed through the sample. Any CO present will absorb this CO. A control reading is taken with &#039;normal&#039; air and compared. <br />\n<br />\n? Burning <br />\n<br />\nhydrocarbons in fuels will produce carbon dioxide. If <br />\n<br />\noxygen is not present, incomplete combustion will occur a and CO will be produced. (It is toxic and combines with the red blood cells in the body instead of oxygen) <br />\n<br />\n? Some hydrocarbons don&#039;t get burnt and escape unchanged. They are toxic. <br />\n<br />\n? Oxides of nitrogen are formed as the N = N bond from N2 in the air breaks in the hot <br />\n<br />\n engine. Oxides of nitrogen can cause smog and acid rain. Exactly like the aircraft <br />\n<br />\n example in the atmosphere; N2 + O2 --&gt; 2NO <br />\n<br />\n- These oxides of nitrogen contribute to SMOG and ACID RAIN. <br />\n<br />\nA catalytic converter reduces the amount of these 3 gasses emitted from a vehicle. <br />\n<br />\n1) ADSORPTION: Reactant molecules arrive at the surface and bond with the solid <br />\n<br />\n catalyst. <br />\n<br />\n2) Bonds between the reactants atoms are weakened and they break up. This forms <br />\n<br />\n radicals. These radicals join up and make new molecules <br />\n<br />\n3) DESORPTION: The molecules are released from the catalyst. <br />\n<br />\nHence it is a heterogeneous catalyst and made from Rhodium, Platinum or Palladium. <br />\n<br />\nSustainable chemistry <br />\n<br />\nMany industries aren&#039;t that sustainable. Plastics come from crude oil, which a non-<br />\n<br />\nrenewable resource. The products themselves are not bio-degradable and hard to recycle. You can use renewable raw materials such as plastics from plant oil <br />\n<br />\nYou can use renewable energy sources such as wind, solar, tidal, wave etc. <br />\n<br />\n Role of the chemical industry <br />\n<br />\n- Chemical processes should have a good percentage yield. This means we can <br />\n<br />\n produce as much as possible of the desired product. <br />\n<br />\n- A high atom economy is also a must, as this means the companies do not have to <br />\n<br />\n get rid of unwanted products (which are often polluting gasses). Most of the time, <br />\n<br />\n the products are recycled in a new industry. <br />\n<br />\n- Addition reactions have a high atom economy and substitution reactions don&#039;t. <br />\n<br />\n Hence it is better to use addition reactions. <br />\n<br />\n- The number of steps should be kept down, as this often minimises production of <br />\n<br />\n waste materials and increases percentage yield. <br />\n<br />\n- Catalysts are pretty awesome. They improve the atom economy and (think <br />\n<br />\nenthalpy) make it so the yield is the same for a lower temperature which reduces <br />\n<br />\ncost to the manufacturer and reduces demand for energy which is from fossil <br />\n<br />\nfuels. <br />\n<br />\n? Chemicals should be as non-toxic as possible. For example lead was used in paint but <br />\n<br />\n it had nasty effects on your health, so lead-free compounds are used instead <br />\n<br />\n? Some foams in fire extinguishers leave hazardous products behind including CFC&#039;s (--&gt;?<br />\n<br />\n Cl*). Alternatives are available. <br />\n<br />\n? Dry cleaners use a solvent based on chlorinated hydrocarbons, but they are <br />\n<br />\n carcinogenic. Safer alternatives are now available. <br />\n<br />\n? Ethanol and Methanol can be used for fuels. Already, they are mixed with normal <br />\n<br />\n petrol in the UK. They can be derived (Fermentation &gt; Steam hydration) from plant <br />\n<br />\n matter/Vegetable oil which is renewable. It is cleaner than petrol. "}