{"essay_id": "931088", "essay_title": "How far, and in what ways, do you agree that the story of Polonius and his children is a tragedy within a tragedy?", "rate": "3 star(s)", "level": "AS and A Level", "subject": "English", "word_count": 1590, "submitted": "20/10/2011", "marked_by_teacher": {"teacher_name": "karen reader", "date": "08/03/2012"}, "essay_url": "http://www.markedbyteachers.com/as-and-a-level/english/how-far-and-in-what-ways-do-you-agree-that-the-story-of-polonius-and-his-children-is-a-tragedy-within-a-tragedy.html", "description": "How far, and in what ways, do you agree that the story of Polonius and his children is a tragedy within a tragedy?<br />\n<br />\n&#039;Hamlet&#039; is a revenge tragedy; a genre originally developed by plays such as &#039;The Spanish Tragedy&#039; by Thomas Kyd from 1585-1590. The genre is characterized by the inclusion of death, murder, betrayal, madness, poison, surveillance and the supernatural in the narrative - themes that all frequently occur in &#039;Hamlet&#039;. However to what extent does the story of Polonius, Ophelia and Laertes conform to this idea of a revenge tragedy; and more broadly, how does the story of the family conform to the genre of tragedy as a whole? <br />\n<br />\nOne issue is how to define a tragedy; Thomas Heywood wrote:<br />\n<br />\n&quot;Comedies begin in trouble and end in peace; tragedies begin in calm and end in tempest&quot;, &#039;Apology for Actors&#039;, 1612.<br />\n<br />\nBy this definition, tragedy generally can be summarised as a sequence of events that lead to the destruction of the majority of its characters. In this sense, the story of Polonius and his family conforms to the basic skeleton of a tragedy - by the end of the play Polonius, Laertes and Ophelia are dead. However the family&#039;s story does not conform as simply to other definitions of tragedy.<br />\n<br />\n&#039;[Tragedy] would look with a sceptical eye at what was happening in the world around&#039;, M. Mangan (1991).<br />\n<br />\n&#039;Tragedy would look with a sceptical eye&#039; implies that tragedy has the role of both viewing and criticising society. This concept can be applied to Polonius, a character remarkably similar to Queen Elizabeth I&#039;s spymaster, Sir Francis Walsingham. Shakespeare spent the majority of his life under Elizabeth&#039;s rule; hence the Elizabeth&#039;s gentry may have aided Shakespeare in creating his constructs. Polonius is characterized by his long, rambling speeches, for example in Act 2 Scene 2;<br />\n<br />\n&#039;Either for tragedy, comedy, history, pastoral, pastorical-comical, historical-pastoral, tragic-historical, tragical-comical-historical-pastoral unlimited&#039;<br />\n<br />\nThe absurd repetition of the words &#039;tragedy&#039;, &#039;comedy&#039;, &#039;history&#039; and &#039;pastoral&#039; emphasize the loquaciousness of Polonius, but is perhaps also mocking Sir Francis Walsingham. Shakespeare is crafting a stereotype that spymasters are loquacious, obsequious characters. Perhaps Shakespeare is criticising society; society does not require spymasters spawning insincerity and deceit. If so, Shakespeare is using satire as a tool to portray this viewpoint. Polonius may be used by Shakespeare as a means to act as such a &#039;sceptical eye&#039; on society, conforming to Mangan&#039;s concept of the relevance of tragedy in real life.<br />\n<br />\nAristotle was a key figure in defining tragedy, and stated in his &#039;Poetics&#039; that a typical tragedy consisted of a noble protagonist, with a hamartia (tragic flaw), whose peripeteia (reversal of fortune) is brought about by an anagnorisis (moment of recognition). However it would be unwise to assume that Aristotle&#039;s &#039;Poetics&#039;, written in c. 335 BC would still be completely relevant to Shakespearean tragedy, written some two thousand years later. However several aspects of Aristotle&#039;s tragedy can be applied to Polonius and his family. <br />\n<br />\nPolonius has his tragic flaw: his obsession with spying. He tells Reynaldo before departing to France to spy on Laertes:<br />\n<br />\n&#039;By indirections find directions out&#039; (Act 2 Scene 1)<br />\n<br />\nNot only does this indicate his unnatural interest in his son&#039;s affairs, so much that he is willing to send a spy to observe his sons possible hedonism in Paris; but it also shows that he is experienced as a spymaster. Such advice is most likely to be learned from several years of manipulating people to his advantage. Essentially what he is saying is the most direct method of finding the truth is through being indirect, which holds to be true as we see later in the play with Hamlet&#039;s &#039;The Mousetrap&#039;; a play within a play which exposes Claudius&#039; villainy through indirect and subtle methods. <br />\n<br />\nFurthermore on the topic of hamartia - Laertes has his tragic flaw of overreaction; a stark contrast to Hamlet whose tragic flaw is procrastination. When asked by Claudius what he will do when Hamlet returns to Denmark to avenge his father in Act 4 Scene VII, he replies<br />\n<br />\n&#039;To cut his throat i&#039; the church.&#039;<br />\n<br />\nThis directly mirrors the church scene, where Claudius is vulnerable yet Hamlet refrains from acting out his revenge. This displays Laertes&#039; as a traditional revenger, willing to act, unlike Hamlet who considers the legitimacy of the ghost&#039;s claims before even considering revenge. Laertes does not take much persuading from Claudius. However it is this over-willingness to act that is the cause of his death. In his rage at the death of both his father and sister, he plots with Claudius to kill Hamlet; a move which kills him as he himself is poisoned by the sword intended for Hamlet. Over-willingness to act is Laerte&#039;s hamartia; and so Laertes also conforms to this tragic skeleton laid out by Aristotle.<br />\n<br />\nHowever perhaps more tragic, although not conforming to Aristotle&#039;s works, is the question; why is Laertes so willing to act? His father was voyeuristic, deceitful and loquacious - he used Ophelia as a tool to gain favour with the king, and spied on Laertes to ensure his name was not tarnished. He was a far from noble man, his life summarised accurately by his death; behind an arras spying on someone. In this regard, it is questionable whether Laertes&#039; brashness in relation to revenge is justified. From the aspects of Polonius&#039; character seen in the play, it does not appear that he was a &#039;good&#039; father; in fact he seems villainous at times - for example when he disallows Ophelia to express her love for Hamlet, then makes her feel to blame when Hamlet puts on his antic disposition. It is questionable whether Polonius &#039;deserves&#039; to be avenged. Hamlet seems to simply shrug off the murder of Polonius, noting of what the little worth he was when referring him simply as &#039;guts&#039;. This could be seen as tragic, as the worthlessness of Polonius&#039; character implies that Laertes died for nothing. <br />\n<br />\nOne explanation is that Laertes may have been inclined to act out revenge with such little persuasion due to the fact Polonius was all he and his sister had. Since Hamlet put on his antic disposition, Ophelia lacked a love interest, as did Laertes assuming he did not have a lover in Paris; moreover they were not allowed to have a love interest due to Polonius caring too much about his image than the wishes of his children. With no love interests, and apparently no motherly figure, they were left with no figure of authority but Polonius, which may be the cause for Laertes&#039; brash attitudes towards revenge. Also likely is the concept of family honour driving Laertes&#039; revenge, a concept which an Elizabethan audience may have empathised with. <br />\n<br />\nThe death of Ophelia in a modern day sense is considered tragic, like any suspected suicide. However during Elizabethan times her death would be considered on a more religious basis; the priest comments on the &#039;questionable&#039; nature of her death, and whether it would warrant a Christian burial. This is an example of how the definition of tragedy shifts over time; even Laertes does not seem as shaken by the announcement of his sister&#039;s death compared to his fathers, perhaps due to the nature of her death. Ophelia&#039;s death is considered a tragedy in a modern day sense, but at the time her death not so much tragic, but rather symbolised the death of innocence in the play, as part of the build up to the climatic deaths in the final act. <br />\n<br />\nHowever, Ophelia&#039;s death is an example of how &#039;Hamlet&#039; is able to transcend traditional ideas on tragedy, and can hold relevance to modern day interpretations of what is considered tragic. In the 21st century, a tragic event is where an individual or group suffers to a greater extent than they are perceived to deserve. It could be argued that however you spin the story of Polonius and his family, they will always conform to this modern interpretation of tragedy, as well as the traditional tragedy theorised by Aristotle. Ophelia is being perpetually commanded and ordered throughout the play by the significant characters in her life; first Laertes, when he displays his disapproval of her intimacy with Hamlet, and Polonius when he conducts his own &#039;play within a play&#039;, ordering her to talk to Hamlet while he observes behind an arras. She has little to no freedom, despite the fact she has &#039;done nothing wrong&#039;; unlike her brother who had enjoyed the &#039;primrose path of dalliance&#039; while in Paris, and the voyeuristic indulgence of Polonius. The death of Ophelia to a modern audience is tragic, so in this sense the story of Polonius and his family is a tragedy. <br />\n<br />\nI agree that the story of Polonius and his family should be considered &#039;a tragedy within a tragedy&#039;. Their story contains many of the frequently occurring aspects of a tragedy; death, love, murder, revenge and surveillance. As well as this, the family conforms to the concept of a tragedy as laid out by Aristotle. Finally, the story of Polonius and his family conforms to what is considered tragic in the present, as the tragedy has transcended the period in which the play was written.<br />\n<br />\nReferences<br />\n<br />\nPrimary Text<br />\n<br />\nShakespeare, W (~1600) &#039;Hamlet&#039;<br />\n<br />\nLondon: Penguin (2005)<br />\n<br />\nSecondary Texts<br />\n<br />\nAristotle (350 BC) &#039;Poetics&#039;<br />\n<br />\nLondon: Penguin (1997)<br />\n<br />\nHeywood, T (1612) &#039;An Apology for Actors&#039;<br />\n<br />\nNew York: Scholars&#039; Facsimiles &amp; Reprints (1999)<br />\n<br />\nMangan, M (1991) &#039;A Preface to Shakespeare&#039;s Tragedies&#039;<br />\n<br />\nLondon: Longman<br />\n<br />\n??<br />\n<br />\n??<br />\n<br />\n??<br />\n<br />\n??"}