{"essay_id": "932430", "essay_title": "The Body In Action Assignment.  Energy systems.", "rate": "4 star(s)", "level": "AS and A Level", "subject": "Physical Education (Sport & Coaching)", "word_count": 513, "submitted": "10/11/2011", "marked_by_teacher": {"teacher_name": "Lindsay Taverner", "date": "02/05/2012"}, "essay_url": "http://www.markedbyteachers.com/as-and-a-level/physical-education-sport-and-coaching/the-body-in-action-assignment-energy-systems.html", "description": "Energy Systems (P8) (M6)<br />\n<br />\nThe body has several energy systems such as &#039;Creatine Phosphate Energy System&#039;, &#039;Lactic Acid Energy&#039; and the two main energy systems are &#039;Aerobic Energy System&#039; and &#039;Anaerobic Energy System&#039;. <br />\n<br />\nThe aerobic energy system produces the largest amount of energy, although at the lowest intensity, therefore at the start of exercise the body cannot deliver oxygen to the muscles quick enough to initiate the complex chemical reactions which occur during aerobic metabolism. The aerobic system utilises fat, carbohydrates and proteins which allows an unlimited supply of ATP as long there is oxygen present. For the aerobic energy system long distance running would be the sporting or exercising activity.<br />\n<br />\nThere are three sections in the aerobic system:<br />\n<br />\n* Glycolysis <br />\n<br />\n* Krebs Cycle<br />\n<br />\n* Electron Transport Chain (ETC)<br />\n<br />\nGlycolysis is an ATP generating metabolic process that occurs in nearly all living cells in which glucose is converted in a series of steps to pyruvic acid. <br />\n<br />\nKrebs cycle is a series of enzymatic reactions in aerobic organisms involving oxidative metabolism of acetyl units and producing high-energy phosphate compounds, which serve as the main source of cellular energy.<br />\n<br />\nElectron transport chain is a group of compounds that pass electron from one to another via redox reactions coupled with the transfer of proton across a membrane to create a proton gradient that drives ATP synthesis.<br />\n<br />\nThis anaerobic energy system relies on the release of energy from the food stores in the body. This system provides 45-70 seconds of high power. The system provides energy when there isn&#039;t any oxygen. This is used in the first few minutes of exercise, before there is enough oxygen available at the muscles for aerobic metabolism. This system is also used for fast, powerful bursts of energy, for which the aerobic system is lacking. An example of their use in sport is weight lifting.<br />\n<br />\nThere are two systems within anaerobic metabolism:<br />\n<br />\n* ATP-PC System<br />\n<br />\n* Lactic Acid System<br />\n<br />\nThe ATP-PC system is a high energy molecule that can be broken down quickly to form ADP. Phosphocreatine is another high energy molecule which is found in the muscle fibres. The phosphate system is useful for short single or continuously bursts of energy around 10 seconds. Javelin is a good example of an event this system would be used for and long jump is also another example. There is only 120g of creatine in the human body, so the human body will have to breakdown PC so that it can produce energy to resynthesise ATP. This is temporary and can only last approximately 10 seconds. Therefore the ATP-PC system is used mainly for short bursts.<br />\n<br />\nThe lactic acid system is also known as anaerobic glycolysis because the process is the same as aerobic glycolysis only this is used without oxygen. To prevent an increase in acidity the pyruvic acid lets the hydrogen form lactic acid. If oxygen was present the hydrogen would be transported to the mitochondria for use in the kerbs cycle. Lactic acid provides energy for a long duration, between 10-90 seconds this would be required for an 800m run or a 100m swim. "}